"Package","Group","AssetType","Category","Tags","Placement","Name","Path","SizeKB","UseHint"
"Bajiaoshan Animation Assets","Bajiaoshan Animation Assets","Animation Clip","Animation Clip","Weapon Sprite Frames","","bajiaoshan_attack_diagonal_down_left","Assets/Art/Weapons/Ani/bajiaoshan_attack_diagonal_down_left.anim","28.6","Reusable resource component for materials, textures, shaders, data, prefabs, or new VFX assemblies."
"Bajiaoshan Animation Assets","Bajiaoshan Animation Assets","Animation Clip","Animation Clip","Weapon Sprite Frames","","bajiaoshan_attack_diagonal_down_right","Assets/Art/Weapons/Ani/bajiaoshan_attack_diagonal_down_right.anim","28.6","Reusable resource component for materials, textures, shaders, data, prefabs, or new VFX assemblies."
"Bajiaoshan Animation Assets","Bajiaoshan Animation Assets","Animation Clip","Animation Clip","Weapon Sprite Frames","","bajiaoshan_attack_down","Assets/Art/Weapons/Ani/bajiaoshan_attack_down.anim","28.6","Reusable resource component for materials, textures, shaders, data, prefabs, or new VFX assemblies."
"Bajiaoshan Animation Assets","Bajiaoshan Animation Assets","Animation Clip","Animation Clip","Weapon Sprite Frames","","bajiaoshan_attack_right_to_left","Assets/Art/Weapons/Ani/bajiaoshan_attack_right_to_left.anim","28.6","Reusable resource component for materials, textures, shaders, data, prefabs, or new VFX assemblies."
"Bajiaoshan Animation Assets","Bajiaoshan Animation Assets","Animation Clip","Animation Clip","Weapon Sprite Frames","","bajiaoshan_idle","Assets/Art/Weapons/Ani/bajiaoshan_idle.anim","12.3","Reusable resource component for materials, textures, shaders, data, prefabs, or new VFX assemblies."
"Bajiaoshan Animation Assets","Bajiaoshan Animation Assets","Animation Clip","Animation Clip","","","camera_test","Assets/Art/Weapons/Ani/camera_test.anim","4.3","Reusable resource component for materials, textures, shaders, data, prefabs, or new VFX assemblies."
"Bajiaoshan Animation Assets","Bajiaoshan Animation Assets","Animation Clip","Animation Clip","Screen/Post FX","","dodge","Assets/Art/Weapons/Ani/dodge.anim","44.7","Reusable resource component for materials, textures, shaders, data, prefabs, or new VFX assemblies."
"Bajiaoshan Animation Assets","Bajiaoshan Animation Assets","Animation Clip","Animation Clip","","","test","Assets/Art/Weapons/Ani/test.anim","4.3","Reusable resource component for materials, textures, shaders, data, prefabs, or new VFX assemblies."
"Bajiaoshan Animation Assets","Bajiaoshan Animation Assets","Animator Controller","Animator Controller","Weapon Sprite Frames","","bajiaoshan_attack","Assets/Art/Weapons/Ani/bajiaoshan_attack.controller","10.6","Reusable resource component for materials, textures, shaders, data, prefabs, or new VFX assemblies."
"Bajiaoshan Animation Assets","Bajiaoshan Animation Assets","Animator Controller","Animator Controller","","","Camera","Assets/Art/Weapons/Ani/Camera.controller","0.3","Reusable resource component for materials, textures, shaders, data, prefabs, or new VFX assemblies."
"Bajiaoshan Animation Assets","Bajiaoshan Animation Assets","Animator Controller","Animator Controller","","","test","Assets/Art/Weapons/Ani/test.controller","1.2","Reusable resource component for materials, textures, shaders, data, prefabs, or new VFX assemblies."
"Bajiaoshan Animation Assets","Bajiaoshan Animation Assets","Material","Material","","","Mat_fx_elements_set_03_highlight_inner","Assets/Art/Weapons/Ani/Mat_fx_elements_set_03_highlight_inner.mat","3.9","Reusable resource component for materials, textures, shaders, data, prefabs, or new VFX assemblies."
"Bajiaoshan Wind Frames","Bajiaoshan Wind Frames","Data/Manifest","Data/Manifest","Air/Dust/Fog; Weapon Sprite Frames","","bajiaoshan_fanwind_frames_manifest","Assets/Art/Weapons/BajiaoshanFrames/bajiaoshan_fanwind_frames_manifest.json","1.8","Reusable resource component for materials, textures, shaders, data, prefabs, or new VFX assemblies."
"Bajiaoshan Wind Frames","Bajiaoshan Wind Frames","Texture","Texture","Air/Dust/Fog; Weapon Sprite Frames","","bajiaoshan_fanwind_frame_01","Assets/Art/Weapons/BajiaoshanFrames/frames_2k/bajiaoshan_fanwind_frame_01.png","1039.6","Reusable resource component for materials, textures, shaders, data, prefabs, or new VFX assemblies."
"Bajiaoshan Wind Frames","Bajiaoshan Wind Frames","Texture","Texture","Air/Dust/Fog; Weapon Sprite Frames","","bajiaoshan_fanwind_frame_02","Assets/Art/Weapons/BajiaoshanFrames/frames_2k/bajiaoshan_fanwind_frame_02.png","1226.2","Reusable resource component for materials, textures, shaders, data, prefabs, or new VFX assemblies."
"Bajiaoshan Wind Frames","Bajiaoshan Wind Frames","Texture","Texture","Air/Dust/Fog; Weapon Sprite Frames","","bajiaoshan_fanwind_frame_03","Assets/Art/Weapons/BajiaoshanFrames/frames_2k/bajiaoshan_fanwind_frame_03.png","884.1","Reusable resource component for materials, textures, shaders, data, prefabs, or new VFX assemblies."
"Bajiaoshan Wind Frames","Bajiaoshan Wind Frames","Texture","Texture","Air/Dust/Fog; Weapon Sprite Frames","","bajiaoshan_fanwind_frame_04","Assets/Art/Weapons/BajiaoshanFrames/frames_2k/bajiaoshan_fanwind_frame_04.png","1347.7","Reusable resource component for materials, textures, shaders, data, prefabs, or new VFX assemblies."
"Bajiaoshan Wind Frames","Bajiaoshan Wind Frames","Texture","Texture","Air/Dust/Fog; Weapon Sprite Frames","","bajiaoshan_fanwind_frame_05","Assets/Art/Weapons/BajiaoshanFrames/frames_2k/bajiaoshan_fanwind_frame_05.png","1935","Reusable resource component for materials, textures, shaders, data, prefabs, or new VFX assemblies."
"Bajiaoshan Wind Frames","Bajiaoshan Wind Frames","Texture","Texture","Air/Dust/Fog; Weapon Sprite Frames","","bajiaoshan_fanwind_frame_06","Assets/Art/Weapons/BajiaoshanFrames/frames_2k/bajiaoshan_fanwind_frame_06.png","2002.6","Reusable resource component for materials, textures, shaders, data, prefabs, or new VFX assemblies."
"Bajiaoshan Wind Frames","Bajiaoshan Wind Frames","Texture","Texture","Air/Dust/Fog; Weapon Sprite Frames","","bajiaoshan_fanwind_frame_07","Assets/Art/Weapons/BajiaoshanFrames/frames_2k/bajiaoshan_fanwind_frame_07.png","1577.6","Reusable resource component for materials, textures, shaders, data, prefabs, or new VFX assemblies."
"Bajiaoshan Wind Frames","Bajiaoshan Wind Frames","Texture","Texture","Air/Dust/Fog; Weapon Sprite Frames","","bajiaoshan_fanwind_frame_08","Assets/Art/Weapons/BajiaoshanFrames/frames_2k/bajiaoshan_fanwind_frame_08.png","1409.3","Reusable resource component for materials, textures, shaders, data, prefabs, or new VFX assemblies."
"Bajiaoshan Wind Frames","Bajiaoshan Wind Frames","Texture","Texture","Air/Dust/Fog; Weapon Sprite Frames","","bajiaoshan_fanwind_frame_09","Assets/Art/Weapons/BajiaoshanFrames/frames_2k/bajiaoshan_fanwind_frame_09.png","1395.8","Reusable resource component for materials, textures, shaders, data, prefabs, or new VFX assemblies."
"Bajiaoshan Wind Frames","Bajiaoshan Wind Frames","Texture","Texture","Air/Dust/Fog; Weapon Sprite Frames","","bajiaoshan_fanwind_frame_10","Assets/Art/Weapons/BajiaoshanFrames/frames_2k/bajiaoshan_fanwind_frame_10.png","1354.2","Reusable resource component for materials, textures, shaders, data, prefabs, or new VFX assemblies."
"Bajiaoshan Wind Frames","Bajiaoshan Wind Frames","Texture","Texture","Air/Dust/Fog; Weapon Sprite Frames","","bajiaoshan_fanwind_frame_11","Assets/Art/Weapons/BajiaoshanFrames/frames_2k/bajiaoshan_fanwind_frame_11.png","955","Reusable resource component for materials, textures, shaders, data, prefabs, or new VFX assemblies."
"Bajiaoshan Wind Frames","Bajiaoshan Wind Frames","Texture","Texture","Air/Dust/Fog; Weapon Sprite Frames","","bajiaoshan_fanwind_frame_12","Assets/Art/Weapons/BajiaoshanFrames/frames_2k/bajiaoshan_fanwind_frame_12.png","1008.8","Reusable resource component for materials, textures, shaders, data, prefabs, or new VFX assemblies."
"Bajiaoshan Wind Frames","Bajiaoshan Wind Frames","Texture","Texture","Air/Dust/Fog; Weapon Sprite Frames","","bajiaoshan_fanwind_frames_2k_preview","Assets/Art/Weapons/BajiaoshanFrames/bajiaoshan_fanwind_frames_2k_preview.png","1838.1","Reusable resource component for materials, textures, shaders, data, prefabs, or new VFX assemblies."
"Bajiaoshan Wind Frames","Bajiaoshan Wind Frames","Texture","Texture","Air/Dust/Fog; Weapon Sprite Frames","","bajiaoshan_fanwind_sheet","Assets/Art/Weapons/BajiaoshanFrames/bajiaoshan_fanwind_sheet.png","1212.3","Reusable resource component for materials, textures, shaders, data, prefabs, or new VFX assemblies."
"Bajiaoshan Wind Frames","Bajiaoshan Wind Frames","Texture","Texture","Air/Dust/Fog; Weapon Sprite Frames","","bajiaoshan_fanwind_sheet_chromakey","Assets/Art/Weapons/BajiaoshanFrames/bajiaoshan_fanwind_sheet_chromakey.png","1796.6","Reusable resource component for materials, textures, shaders, data, prefabs, or new VFX assemblies."
"Cartoon FX Remaster","Cartoon FX Remaster","Demo Scene","Demo Scene","","","CFXRF Demo","Assets/ThirdParty/JMO Assets/Cartoon FX Remaster/CFXRF Demo.unity","216.4","Open to inspect vendor timing, lighting, camera, and timeline organization."
"Cartoon FX Remaster","CFXR Assets / Graphics","Material","Material","Magic/Energy","Loop/Ambient","cfxr aura rays hdr ab nosp","Assets/ThirdParty/JMO Assets/Cartoon FX Remaster/CFXR Assets/Graphics/cfxr aura rays hdr ab nosp.mat","3","Reusable resource component for materials, textures, shaders, data, prefabs, or new VFX assemblies."
"Cartoon FX Remaster","CFXR Assets / Graphics","Material","Material","Magic/Energy","Loop/Ambient","cfxr aura runic hdr ab nosp","Assets/ThirdParty/JMO Assets/Cartoon FX Remaster/CFXR Assets/Graphics/cfxr aura runic hdr ab nosp.mat","3","Reusable resource component for materials, textures, shaders, data, prefabs, or new VFX assemblies."
"Cartoon FX Remaster","CFXR Assets / Graphics","Material","Material","Liquid/Blood","","cfxr blood dissolve ab","Assets/ThirdParty/JMO Assets/Cartoon FX Remaster/CFXR Assets/Graphics/cfxr blood dissolve ab.mat","3.4","Reusable resource component for materials, textures, shaders, data, prefabs, or new VFX assemblies."
"Cartoon FX Remaster","CFXR Assets / Graphics","Material","Material","Splash; Liquid/Blood","","cfxr blood splash dissolve ab","Assets/ThirdParty/JMO Assets/Cartoon FX Remaster/CFXR Assets/Graphics/cfxr blood splash dissolve ab.mat","3.5","Reusable resource component for materials, textures, shaders, data, prefabs, or new VFX assemblies."
"Cartoon FX Remaster","CFXR Assets / Graphics","Material","Material","Liquid/Blood","","cfxr bubble 2 ab","Assets/ThirdParty/JMO Assets/Cartoon FX Remaster/CFXR Assets/Graphics/cfxr bubble 2 ab.mat","3","Reusable resource component for materials, textures, shaders, data, prefabs, or new VFX assemblies."
"Cartoon FX Remaster","CFXR Assets / Graphics","Material","Material","Liquid/Blood","","cfxr bubble ab","Assets/ThirdParty/JMO Assets/Cartoon FX Remaster/CFXR Assets/Graphics/cfxr bubble ab.mat","3","Reusable resource component for materials, textures, shaders, data, prefabs, or new VFX assemblies."
"Cartoon FX Remaster","CFXR Assets / Graphics","Material","Material","Liquid/Blood","","cfxr bubble hdr ab","Assets/ThirdParty/JMO Assets/Cartoon FX Remaster/CFXR Assets/Graphics/cfxr bubble hdr ab.mat","3","Reusable resource component for materials, textures, shaders, data, prefabs, or new VFX assemblies."
"Cartoon FX Remaster","CFXR Assets / Graphics","Material","Material","Projectile","","cfxr card club ab","Assets/ThirdParty/JMO Assets/Cartoon FX Remaster/CFXR Assets/Graphics/cfxr card club ab.mat","3.2","Reusable resource component for materials, textures, shaders, data, prefabs, or new VFX assemblies."
"Cartoon FX Remaster","CFXR Assets / Graphics","Material","Material","Projectile","","cfxr card diamond ab","Assets/ThirdParty/JMO Assets/Cartoon FX Remaster/CFXR Assets/Graphics/cfxr card diamond ab.mat","3.2","Reusable resource component for materials, textures, shaders, data, prefabs, or new VFX assemblies."
"Cartoon FX Remaster","CFXR Assets / Graphics","Material","Material","Projectile","","cfxr card heart ab","Assets/ThirdParty/JMO Assets/Cartoon FX Remaster/CFXR Assets/Graphics/cfxr card heart ab.mat","3.2","Reusable resource component for materials, textures, shaders, data, prefabs, or new VFX assemblies."
"Cartoon FX Remaster","CFXR Assets / Graphics","Material","Material","Projectile","","cfxr card spade ab","Assets/ThirdParty/JMO Assets/Cartoon FX Remaster/CFXR Assets/Graphics/cfxr card spade ab.mat","3.2","Reusable resource component for materials, textures, shaders, data, prefabs, or new VFX assemblies."
"Cartoon FX Remaster","CFXR Assets / Graphics","Material","Material","Air/Dust/Fog","","cfxr cloud blur add","Assets/ThirdParty/JMO Assets/Cartoon FX Remaster/CFXR Assets/Graphics/cfxr cloud blur add.mat","4.4","Reusable resource component for materials, textures, shaders, data, prefabs, or new VFX assemblies."
"Cartoon FX Remaster","CFXR Assets / Graphics","Material","Material","","","cfxr debris 3x3 ab lit","Assets/ThirdParty/JMO Assets/Cartoon FX Remaster/CFXR Assets/Graphics/cfxr debris 3x3 ab lit.mat","4.6","Reusable resource component for materials, textures, shaders, data, prefabs, or new VFX assemblies."
"Cartoon FX Remaster","CFXR Assets / Graphics","Material","Material","","","cfxr debris 3x3 ab lit emission","Assets/ThirdParty/JMO Assets/Cartoon FX Remaster/CFXR Assets/Graphics/cfxr debris 3x3 ab lit emission.mat","4.6","Reusable resource component for materials, textures, shaders, data, prefabs, or new VFX assemblies."
"Cartoon FX Remaster","CFXR Assets / Graphics","Material","Material","","","cfxr debris flat unlit 3x3 ab","Assets/ThirdParty/JMO Assets/Cartoon FX Remaster/CFXR Assets/Graphics/cfxr debris flat unlit 3x3 ab.mat","4.4","Reusable resource component for materials, textures, shaders, data, prefabs, or new VFX assemblies."
"Cartoon FX Remaster","CFXR Assets / Graphics","Material","Material","","","cfxr debris flat unlit 3x3 ab hdr","Assets/ThirdParty/JMO Assets/Cartoon FX Remaster/CFXR Assets/Graphics/cfxr debris flat unlit 3x3 ab hdr.mat","4.4","Reusable resource component for materials, textures, shaders, data, prefabs, or new VFX assemblies."
"Cartoon FX Remaster","CFXR Assets / Graphics","Material","Material","Ice/Crystal","","cfxr debris ice 2x2 ab lit","Assets/ThirdParty/JMO Assets/Cartoon FX Remaster/CFXR Assets/Graphics/cfxr debris ice 2x2 ab lit.mat","4.6","Reusable resource component for materials, textures, shaders, data, prefabs, or new VFX assemblies."
"Cartoon FX Remaster","CFXR Assets / Graphics","Material","Material","","","cfxr debris unlit 3x3 ab","Assets/ThirdParty/JMO Assets/Cartoon FX Remaster/CFXR Assets/Graphics/cfxr debris unlit 3x3 ab.mat","4.4","Reusable resource component for materials, textures, shaders, data, prefabs, or new VFX assemblies."
"Cartoon FX Remaster","CFXR Assets / Graphics","Material","Material","","","cfxr debris wood 3x3 ab","Assets/ThirdParty/JMO Assets/Cartoon FX Remaster/CFXR Assets/Graphics/cfxr debris wood 3x3 ab.mat","4.5","Reusable resource component for materials, textures, shaders, data, prefabs, or new VFX assemblies."
"Cartoon FX Remaster","CFXR Assets / Graphics","Material","Material","","","cfxr debris wood unlit 3x3 ab","Assets/ThirdParty/JMO Assets/Cartoon FX Remaster/CFXR Assets/Graphics/cfxr debris wood unlit 3x3 ab.mat","4.4","Reusable resource component for materials, textures, shaders, data, prefabs, or new VFX assemblies."
"Cartoon FX Remaster","CFXR Assets / Graphics","Material","Material","Electric","","cfxr electric arc anim x4","Assets/ThirdParty/JMO Assets/Cartoon FX Remaster/CFXR Assets/Graphics/cfxr electric arc anim x4.mat","4.3","Reusable resource component for materials, textures, shaders, data, prefabs, or new VFX assemblies."
"Cartoon FX Remaster","CFXR Assets / Graphics","Material","Material","Electric","","cfxr electric arcs fade x4 hdr ab","Assets/ThirdParty/JMO Assets/Cartoon FX Remaster/CFXR Assets/Graphics/cfxr electric arcs fade x4 hdr ab.mat","4.3","Reusable resource component for materials, textures, shaders, data, prefabs, or new VFX assemblies."
"Cartoon FX Remaster","CFXR Assets / Graphics","Material","Material","Electric","","cfxr electric arcs x4 hdr ab","Assets/ThirdParty/JMO Assets/Cartoon FX Remaster/CFXR Assets/Graphics/cfxr electric arcs x4 hdr ab.mat","4.2","Reusable resource component for materials, textures, shaders, data, prefabs, or new VFX assemblies."
"Cartoon FX Remaster","CFXR Assets / Graphics","Material","Material","Electric","","cfxr electric small anim 4x2 hdr","Assets/ThirdParty/JMO Assets/Cartoon FX Remaster/CFXR Assets/Graphics/cfxr electric small anim 4x2 hdr.mat","4.2","Reusable resource component for materials, textures, shaders, data, prefabs, or new VFX assemblies."
"Cartoon FX Remaster","CFXR Assets / Graphics","Material","Material","Electric","","cfxr electric small anim2 7x2 ab","Assets/ThirdParty/JMO Assets/Cartoon FX Remaster/CFXR Assets/Graphics/cfxr electric small anim2 7x2 ab.mat","3","Reusable resource component for materials, textures, shaders, data, prefabs, or new VFX assemblies."
"Cartoon FX Remaster","CFXR Assets / Graphics","Material","Material","Electric","","cfxr electric sparks ab","Assets/ThirdParty/JMO Assets/Cartoon FX Remaster/CFXR Assets/Graphics/cfxr electric sparks ab.mat","4.1","Reusable resource component for materials, textures, shaders, data, prefabs, or new VFX assemblies."
"Cartoon FX Remaster","CFXR Assets / Graphics","Material","Material","Electric","","cfxr electric sparks hdr ab","Assets/ThirdParty/JMO Assets/Cartoon FX Remaster/CFXR Assets/Graphics/cfxr electric sparks hdr ab.mat","4.3","Reusable resource component for materials, textures, shaders, data, prefabs, or new VFX assemblies."
"Cartoon FX Remaster","CFXR Assets / Graphics","Material","Material","Fire","","cfxr ember blur hdr ab","Assets/ThirdParty/JMO Assets/Cartoon FX Remaster/CFXR Assets/Graphics/cfxr ember blur hdr ab.mat","4.3","Reusable resource component for materials, textures, shaders, data, prefabs, or new VFX assemblies."
"Cartoon FX Remaster","CFXR Assets / Graphics","Material","Material","Fire","","cfxr fire blur fade hdr ab","Assets/ThirdParty/JMO Assets/Cartoon FX Remaster/CFXR Assets/Graphics/cfxr fire blur fade hdr ab.mat","3.3","Reusable resource component for materials, textures, shaders, data, prefabs, or new VFX assemblies."
"Cartoon FX Remaster","CFXR Assets / Graphics","Material","Material","Fire; Magic/Energy","Ground/Area","cfxr fire circle blur hdr ab","Assets/ThirdParty/JMO Assets/Cartoon FX Remaster/CFXR Assets/Graphics/cfxr fire circle blur hdr ab.mat","3.3","Reusable resource component for materials, textures, shaders, data, prefabs, or new VFX assemblies."
"Cartoon FX Remaster","CFXR Assets / Graphics","Material","Material","Fire; Magic/Energy","Ground/Area","cfxr fire circle crisp hdr ab","Assets/ThirdParty/JMO Assets/Cartoon FX Remaster/CFXR Assets/Graphics/cfxr fire circle crisp hdr ab.mat","3.3","Reusable resource component for materials, textures, shaders, data, prefabs, or new VFX assemblies."
"Cartoon FX Remaster","CFXR Assets / Graphics","Material","Material","Fire; Magic/Energy","Ground/Area","cfxr fire circle drawn blurred hdr ab","Assets/ThirdParty/JMO Assets/Cartoon FX Remaster/CFXR Assets/Graphics/cfxr fire circle drawn blurred hdr ab.mat","3.2","Reusable resource component for materials, textures, shaders, data, prefabs, or new VFX assemblies."
"Cartoon FX Remaster","CFXR Assets / Graphics","Material","Material","Fire; Magic/Energy","Ground/Area","cfxr fire circle drawn hdr ab","Assets/ThirdParty/JMO Assets/Cartoon FX Remaster/CFXR Assets/Graphics/cfxr fire circle drawn hdr ab.mat","3.2","Reusable resource component for materials, textures, shaders, data, prefabs, or new VFX assemblies."
"Cartoon FX Remaster","CFXR Assets / Graphics","Material","Material","Fire; Magic/Energy","Ground/Area","cfxr fire circle plain hdr ab","Assets/ThirdParty/JMO Assets/Cartoon FX Remaster/CFXR Assets/Graphics/cfxr fire circle plain hdr ab.mat","3.3","Reusable resource component for materials, textures, shaders, data, prefabs, or new VFX assemblies."
"Cartoon FX Remaster","CFXR Assets / Graphics","Material","Material","Fire","","cfxr fire crisp fade hdr ab","Assets/ThirdParty/JMO Assets/Cartoon FX Remaster/CFXR Assets/Graphics/cfxr fire crisp fade hdr ab.mat","3.3","Reusable resource component for materials, textures, shaders, data, prefabs, or new VFX assemblies."
"Cartoon FX Remaster","CFXR Assets / Graphics","Material","Material","Fire","","cfxr fire crisp fade nosp hdr ab","Assets/ThirdParty/JMO Assets/Cartoon FX Remaster/CFXR Assets/Graphics/cfxr fire crisp fade nosp hdr ab.mat","3.3","Reusable resource component for materials, textures, shaders, data, prefabs, or new VFX assemblies."
"Cartoon FX Remaster","CFXR Assets / Graphics","Material","Material","Fire","","cfxr fire edge hdr ab","Assets/ThirdParty/JMO Assets/Cartoon FX Remaster/CFXR Assets/Graphics/cfxr fire edge hdr ab.mat","3.2","Reusable resource component for materials, textures, shaders, data, prefabs, or new VFX assemblies."
"Cartoon FX Remaster","CFXR Assets / Graphics","Material","Material","Fire","","cfxr fire full blurred fade hdr add","Assets/ThirdParty/JMO Assets/Cartoon FX Remaster/CFXR Assets/Graphics/cfxr fire full blurred fade hdr add.mat","3.3","Reusable resource component for materials, textures, shaders, data, prefabs, or new VFX assemblies."
"Cartoon FX Remaster","CFXR Assets / Graphics","Material","Material","Fire","","cfxr fire plain fade hdr ab","Assets/ThirdParty/JMO Assets/Cartoon FX Remaster/CFXR Assets/Graphics/cfxr fire plain fade hdr ab.mat","3.3","Reusable resource component for materials, textures, shaders, data, prefabs, or new VFX assemblies."
"Cartoon FX Remaster","CFXR Assets / Graphics","Material","Material","Fire","","cfxr fire small anim blurred hdr ab","Assets/ThirdParty/JMO Assets/Cartoon FX Remaster/CFXR Assets/Graphics/cfxr fire small anim blurred hdr ab.mat","3.2","Reusable resource component for materials, textures, shaders, data, prefabs, or new VFX assemblies."
"Cartoon FX Remaster","CFXR Assets / Graphics","Material","Material","Fire","","cfxr fire small anim hdr ab","Assets/ThirdParty/JMO Assets/Cartoon FX Remaster/CFXR Assets/Graphics/cfxr fire small anim hdr ab.mat","3.2","Reusable resource component for materials, textures, shaders, data, prefabs, or new VFX assemblies."
"Cartoon FX Remaster","CFXR Assets / Graphics","Material","Material","Fire","","cfxr fire stepped fade hdr ab","Assets/ThirdParty/JMO Assets/Cartoon FX Remaster/CFXR Assets/Graphics/cfxr fire stepped fade hdr ab.mat","3.3","Reusable resource component for materials, textures, shaders, data, prefabs, or new VFX assemblies."
"Cartoon FX Remaster","CFXR Assets / Graphics","Material","Material","","","cfxr flamme blur mid fine hdr ab","Assets/ThirdParty/JMO Assets/Cartoon FX Remaster/CFXR Assets/Graphics/cfxr flamme blur mid fine hdr ab.mat","3.3","Reusable resource component for materials, textures, shaders, data, prefabs, or new VFX assemblies."
"Cartoon FX Remaster","CFXR Assets / Graphics","Material","Material","","","cfxr flamme blur mid hdr ab","Assets/ThirdParty/JMO Assets/Cartoon FX Remaster/CFXR Assets/Graphics/cfxr flamme blur mid hdr ab.mat","3.3","Reusable resource component for materials, textures, shaders, data, prefabs, or new VFX assemblies."
"Cartoon FX Remaster","CFXR Assets / Graphics","Material","Material","","","cfxr flamme blur stable fine hdr ab","Assets/ThirdParty/JMO Assets/Cartoon FX Remaster/CFXR Assets/Graphics/cfxr flamme blur stable fine hdr ab.mat","3.3","Reusable resource component for materials, textures, shaders, data, prefabs, or new VFX assemblies."
"Cartoon FX Remaster","CFXR Assets / Graphics","Material","Material","","","cfxr flamme blur stable hdr ab","Assets/ThirdParty/JMO Assets/Cartoon FX Remaster/CFXR Assets/Graphics/cfxr flamme blur stable hdr ab.mat","3.3","Reusable resource component for materials, textures, shaders, data, prefabs, or new VFX assemblies."
"Cartoon FX Remaster","CFXR Assets / Graphics","Material","Material","","","cfxr flamme blur unstable fine hdr ab","Assets/ThirdParty/JMO Assets/Cartoon FX Remaster/CFXR Assets/Graphics/cfxr flamme blur unstable fine hdr ab.mat","3.3","Reusable resource component for materials, textures, shaders, data, prefabs, or new VFX assemblies."
"Cartoon FX Remaster","CFXR Assets / Graphics","Material","Material","","","cfxr flamme blur unstable hdr ab","Assets/ThirdParty/JMO Assets/Cartoon FX Remaster/CFXR Assets/Graphics/cfxr flamme blur unstable hdr ab.mat","3.3","Reusable resource component for materials, textures, shaders, data, prefabs, or new VFX assemblies."
"Cartoon FX Remaster","CFXR Assets / Graphics","Material","Material","","","cfxr flamme candle hdr ab","Assets/ThirdParty/JMO Assets/Cartoon FX Remaster/CFXR Assets/Graphics/cfxr flamme candle hdr ab.mat","3.3","Reusable resource component for materials, textures, shaders, data, prefabs, or new VFX assemblies."
"Cartoon FX Remaster","CFXR Assets / Graphics","Material","Material","","","cfxr flamme candle unstable hdr ab","Assets/ThirdParty/JMO Assets/Cartoon FX Remaster/CFXR Assets/Graphics/cfxr flamme candle unstable hdr ab.mat","3.3","Reusable resource component for materials, textures, shaders, data, prefabs, or new VFX assemblies."
"Cartoon FX Remaster","CFXR Assets / Graphics","Material","Material","","","cfxr flamme crisp mid fine hdr ab","Assets/ThirdParty/JMO Assets/Cartoon FX Remaster/CFXR Assets/Graphics/cfxr flamme crisp mid fine hdr ab.mat","3.3","Reusable resource component for materials, textures, shaders, data, prefabs, or new VFX assemblies."
"Cartoon FX Remaster","CFXR Assets / Graphics","Material","Material","","","cfxr flamme crisp mid hdr ab","Assets/ThirdParty/JMO Assets/Cartoon FX Remaster/CFXR Assets/Graphics/cfxr flamme crisp mid hdr ab.mat","3.3","Reusable resource component for materials, textures, shaders, data, prefabs, or new VFX assemblies."
"Cartoon FX Remaster","CFXR Assets / Graphics","Material","Material","","","cfxr flamme crisp stable fine hdr ab","Assets/ThirdParty/JMO Assets/Cartoon FX Remaster/CFXR Assets/Graphics/cfxr flamme crisp stable fine hdr ab.mat","3.3","Reusable resource component for materials, textures, shaders, data, prefabs, or new VFX assemblies."
"Cartoon FX Remaster","CFXR Assets / Graphics","Material","Material","","","cfxr flamme crisp stable hdr ab","Assets/ThirdParty/JMO Assets/Cartoon FX Remaster/CFXR Assets/Graphics/cfxr flamme crisp stable hdr ab.mat","3.3","Reusable resource component for materials, textures, shaders, data, prefabs, or new VFX assemblies."
"Cartoon FX Remaster","CFXR Assets / Graphics","Material","Material","","","cfxr flamme crisp unstable fine hdr ab","Assets/ThirdParty/JMO Assets/Cartoon FX Remaster/CFXR Assets/Graphics/cfxr flamme crisp unstable fine hdr ab.mat","3.3","Reusable resource component for materials, textures, shaders, data, prefabs, or new VFX assemblies."
"Cartoon FX Remaster","CFXR Assets / Graphics","Material","Material","","","cfxr flamme crisp unstable hdr ab","Assets/ThirdParty/JMO Assets/Cartoon FX Remaster/CFXR Assets/Graphics/cfxr flamme crisp unstable hdr ab.mat","3.3","Reusable resource component for materials, textures, shaders, data, prefabs, or new VFX assemblies."
"Cartoon FX Remaster","CFXR Assets / Graphics","Material","Material","","","cfxr flamme plain mid fine hdr ab","Assets/ThirdParty/JMO Assets/Cartoon FX Remaster/CFXR Assets/Graphics/cfxr flamme plain mid fine hdr ab.mat","3.3","Reusable resource component for materials, textures, shaders, data, prefabs, or new VFX assemblies."
"Cartoon FX Remaster","CFXR Assets / Graphics","Material","Material","","","cfxr flamme plain mid hdr ab","Assets/ThirdParty/JMO Assets/Cartoon FX Remaster/CFXR Assets/Graphics/cfxr flamme plain mid hdr ab.mat","3.3","Reusable resource component for materials, textures, shaders, data, prefabs, or new VFX assemblies."
"Cartoon FX Remaster","CFXR Assets / Graphics","Material","Material","","","cfxr flamme plain stable fine hdr ab","Assets/ThirdParty/JMO Assets/Cartoon FX Remaster/CFXR Assets/Graphics/cfxr flamme plain stable fine hdr ab.mat","3.3","Reusable resource component for materials, textures, shaders, data, prefabs, or new VFX assemblies."
"Cartoon FX Remaster","CFXR Assets / Graphics","Material","Material","","","cfxr flamme plain stable hdr ab","Assets/ThirdParty/JMO Assets/Cartoon FX Remaster/CFXR Assets/Graphics/cfxr flamme plain stable hdr ab.mat","3.3","Reusable resource component for materials, textures, shaders, data, prefabs, or new VFX assemblies."
"Cartoon FX Remaster","CFXR Assets / Graphics","Material","Material","","","cfxr flamme plain unstable fine hdr ab","Assets/ThirdParty/JMO Assets/Cartoon FX Remaster/CFXR Assets/Graphics/cfxr flamme plain unstable fine hdr ab.mat","3.3","Reusable resource component for materials, textures, shaders, data, prefabs, or new VFX assemblies."
"Cartoon FX Remaster","CFXR Assets / Graphics","Material","Material","","","cfxr flamme plain unstable hdr ab","Assets/ThirdParty/JMO Assets/Cartoon FX Remaster/CFXR Assets/Graphics/cfxr flamme plain unstable hdr ab.mat","3.3","Reusable resource component for materials, textures, shaders, data, prefabs, or new VFX assemblies."
"Cartoon FX Remaster","CFXR Assets / Graphics","Material","Material","","","cfxr flare add","Assets/ThirdParty/JMO Assets/Cartoon FX Remaster/CFXR Assets/Graphics/cfxr flare add.mat","3.4","Reusable resource component for materials, textures, shaders, data, prefabs, or new VFX assemblies."
"Cartoon FX Remaster","CFXR Assets / Graphics","Material","Material","","","cfxr fly anim","Assets/ThirdParty/JMO Assets/Cartoon FX Remaster/CFXR Assets/Graphics/cfxr fly anim.mat","3.4","Reusable resource component for materials, textures, shaders, data, prefabs, or new VFX assemblies."
"Cartoon FX Remaster","CFXR Assets / Graphics","Material","Material","Slash/Trail","","cfxr ghost trail add","Assets/ThirdParty/JMO Assets/Cartoon FX Remaster/CFXR Assets/Graphics/cfxr ghost trail add.mat","3.5","Reusable resource component for materials, textures, shaders, data, prefabs, or new VFX assemblies."
"Cartoon FX Remaster","CFXR Assets / Graphics","Material","Material","","","cfxr heart break dissolve ab","Assets/ThirdParty/JMO Assets/Cartoon FX Remaster/CFXR Assets/Graphics/cfxr heart break dissolve ab.mat","3.3","Reusable resource component for materials, textures, shaders, data, prefabs, or new VFX assemblies."
"Cartoon FX Remaster","CFXR Assets / Graphics","Material","Material","","","cfxr heart break parts ab","Assets/ThirdParty/JMO Assets/Cartoon FX Remaster/CFXR Assets/Graphics/cfxr heart break parts ab.mat","3.3","Reusable resource component for materials, textures, shaders, data, prefabs, or new VFX assemblies."
"Cartoon FX Remaster","CFXR Assets / Graphics","Material","Material","","","cfxr hidden","Assets/ThirdParty/JMO Assets/Cartoon FX Remaster/CFXR Assets/Graphics/cfxr hidden.mat","2.8","Reusable resource component for materials, textures, shaders, data, prefabs, or new VFX assemblies."
"Cartoon FX Remaster","CFXR Assets / Graphics","Material","Material","","","cfxr leave a ab lit normal","Assets/ThirdParty/JMO Assets/Cartoon FX Remaster/CFXR Assets/Graphics/cfxr leave a ab lit normal.mat","3.4","Reusable resource component for materials, textures, shaders, data, prefabs, or new VFX assemblies."
"Cartoon FX Remaster","CFXR Assets / Graphics","Material","Material","","","cfxr leave b ab lit normal","Assets/ThirdParty/JMO Assets/Cartoon FX Remaster/CFXR Assets/Graphics/cfxr leave b ab lit normal.mat","3.4","Reusable resource component for materials, textures, shaders, data, prefabs, or new VFX assemblies."
"Cartoon FX Remaster","CFXR Assets / Graphics","Material","Material","Electric","Loop/Ambient","cfxr line loop electric ab","Assets/ThirdParty/JMO Assets/Cartoon FX Remaster/CFXR Assets/Graphics/cfxr line loop electric ab.mat","4.1","Reusable resource component for materials, textures, shaders, data, prefabs, or new VFX assemblies."
"Cartoon FX Remaster","CFXR Assets / Graphics","Material","Material","Electric","Loop/Ambient","cfxr line loop electric hdr ab","Assets/ThirdParty/JMO Assets/Cartoon FX Remaster/CFXR Assets/Graphics/cfxr line loop electric hdr ab.mat","4.2","Reusable resource component for materials, textures, shaders, data, prefabs, or new VFX assemblies."
"Cartoon FX Remaster","CFXR Assets / Graphics","Material","Material","Magic/Energy","","cfxr magic star hdr ab","Assets/ThirdParty/JMO Assets/Cartoon FX Remaster/CFXR Assets/Graphics/cfxr magic star hdr ab.mat","3.2","Reusable resource component for materials, textures, shaders, data, prefabs, or new VFX assemblies."
"Cartoon FX Remaster","CFXR Assets / Graphics","Material","Material","Comic Text","","cfxr no texture hdr ab","Assets/ThirdParty/JMO Assets/Cartoon FX Remaster/CFXR Assets/Graphics/cfxr no texture hdr ab.mat","3.2","Reusable resource component for materials, textures, shaders, data, prefabs, or new VFX assemblies."
"Cartoon FX Remaster","CFXR Assets / Graphics","Material","Material","","","cfxr petal pink x4 ab lit normal","Assets/ThirdParty/JMO Assets/Cartoon FX Remaster/CFXR Assets/Graphics/cfxr petal pink x4 ab lit normal.mat","3.4","Reusable resource component for materials, textures, shaders, data, prefabs, or new VFX assemblies."
"Cartoon FX Remaster","CFXR Assets / Graphics","Material","Material","Magic/Energy","","cfxr proc glow crisp ab","Assets/ThirdParty/JMO Assets/Cartoon FX Remaster/CFXR Assets/Graphics/cfxr proc glow crisp ab.mat","1.7","Reusable resource component for materials, textures, shaders, data, prefabs, or new VFX assemblies."
"Cartoon FX Remaster","CFXR Assets / Graphics","Material","Material","Magic/Energy","","cfxr proc glow soft ab","Assets/ThirdParty/JMO Assets/Cartoon FX Remaster/CFXR Assets/Graphics/cfxr proc glow soft ab.mat","1.5","Reusable resource component for materials, textures, shaders, data, prefabs, or new VFX assemblies."
"Cartoon FX Remaster","CFXR Assets / Graphics","Material","Material","Magic/Energy","","cfxr proc glow soft add","Assets/ThirdParty/JMO Assets/Cartoon FX Remaster/CFXR Assets/Graphics/cfxr proc glow soft add.mat","1.5","Reusable resource component for materials, textures, shaders, data, prefabs, or new VFX assemblies."
"Cartoon FX Remaster","CFXR Assets / Graphics","Material","Material","Magic/Energy","Ground/Area","cfxr proc glow soft ground nosp add","Assets/ThirdParty/JMO Assets/Cartoon FX Remaster/CFXR Assets/Graphics/cfxr proc glow soft ground nosp add.mat","1.5","Reusable resource component for materials, textures, shaders, data, prefabs, or new VFX assemblies."
"Cartoon FX Remaster","CFXR Assets / Graphics","Material","Material","Magic/Energy","","cfxr proc glow soft hdr ab","Assets/ThirdParty/JMO Assets/Cartoon FX Remaster/CFXR Assets/Graphics/cfxr proc glow soft hdr ab.mat","1.6","Reusable resource component for materials, textures, shaders, data, prefabs, or new VFX assemblies."
"Cartoon FX Remaster","CFXR Assets / Graphics","Material","Material","Magic/Energy","","cfxr proc glow soft hdr p4 add","Assets/ThirdParty/JMO Assets/Cartoon FX Remaster/CFXR Assets/Graphics/cfxr proc glow soft hdr p4 add.mat","1.6","Reusable resource component for materials, textures, shaders, data, prefabs, or new VFX assemblies."
"Cartoon FX Remaster","CFXR Assets / Graphics","Material","Material","Magic/Energy","","cfxr proc glow soft invert ab","Assets/ThirdParty/JMO Assets/Cartoon FX Remaster/CFXR Assets/Graphics/cfxr proc glow soft invert ab.mat","1.5","Reusable resource component for materials, textures, shaders, data, prefabs, or new VFX assemblies."
"Cartoon FX Remaster","CFXR Assets / Graphics","Material","Material","Magic/Energy","","cfxr proc glow soft invert add","Assets/ThirdParty/JMO Assets/Cartoon FX Remaster/CFXR Assets/Graphics/cfxr proc glow soft invert add.mat","1.5","Reusable resource component for materials, textures, shaders, data, prefabs, or new VFX assemblies."
"Cartoon FX Remaster","CFXR Assets / Graphics","Material","Material","Magic/Energy","","cfxr proc glow soft invert add nosp","Assets/ThirdParty/JMO Assets/Cartoon FX Remaster/CFXR Assets/Graphics/cfxr proc glow soft invert add nosp.mat","1.5","Reusable resource component for materials, textures, shaders, data, prefabs, or new VFX assemblies."
"Cartoon FX Remaster","CFXR Assets / Graphics","Material","Material","Magic/Energy","","cfxr proc glow soft invert hdr ab","Assets/ThirdParty/JMO Assets/Cartoon FX Remaster/CFXR Assets/Graphics/cfxr proc glow soft invert hdr ab.mat","1.6","Reusable resource component for materials, textures, shaders, data, prefabs, or new VFX assemblies."
"Cartoon FX Remaster","CFXR Assets / Graphics","Material","Material","Magic/Energy","","cfxr proc glow soft nosp add","Assets/ThirdParty/JMO Assets/Cartoon FX Remaster/CFXR Assets/Graphics/cfxr proc glow soft nosp add.mat","1.5","Reusable resource component for materials, textures, shaders, data, prefabs, or new VFX assemblies."
"Cartoon FX Remaster","CFXR Assets / Graphics","Material","Material","Magic/Energy","","cfxr proc glow soft p4 add","Assets/ThirdParty/JMO Assets/Cartoon FX Remaster/CFXR Assets/Graphics/cfxr proc glow soft p4 add.mat","1.5","Reusable resource component for materials, textures, shaders, data, prefabs, or new VFX assemblies."
"Cartoon FX Remaster","CFXR Assets / Graphics","Material","Material","Magic/Energy","","cfxr proc glow soft p4 add nosp","Assets/ThirdParty/JMO Assets/Cartoon FX Remaster/CFXR Assets/Graphics/cfxr proc glow soft p4 add nosp.mat","1.5","Reusable resource component for materials, textures, shaders, data, prefabs, or new VFX assemblies."
"Cartoon FX Remaster","CFXR Assets / Graphics","Material","Material","Magic/Energy","","cfxr proc glow soft p8 add","Assets/ThirdParty/JMO Assets/Cartoon FX Remaster/CFXR Assets/Graphics/cfxr proc glow soft p8 add.mat","1.5","Reusable resource component for materials, textures, shaders, data, prefabs, or new VFX assemblies."
"Cartoon FX Remaster","CFXR Assets / Graphics","Material","Material","","","cfxr proc ring ab","Assets/ThirdParty/JMO Assets/Cartoon FX Remaster/CFXR Assets/Graphics/cfxr proc ring ab.mat","1.5","Reusable resource component for materials, textures, shaders, data, prefabs, or new VFX assemblies."
"Cartoon FX Remaster","CFXR Assets / Graphics","Material","Material","","","cfxr proc ring add","Assets/ThirdParty/JMO Assets/Cartoon FX Remaster/CFXR Assets/Graphics/cfxr proc ring add.mat","1.5","Reusable resource component for materials, textures, shaders, data, prefabs, or new VFX assemblies."
"Cartoon FX Remaster","CFXR Assets / Graphics","Material","Material","Electric","","cfxr proc ring electric hdr ab","Assets/ThirdParty/JMO Assets/Cartoon FX Remaster/CFXR Assets/Graphics/cfxr proc ring electric hdr ab.mat","1.6","Reusable resource component for materials, textures, shaders, data, prefabs, or new VFX assemblies."
"Cartoon FX Remaster","CFXR Assets / Graphics","Material","Material","","","cfxr proc ring hdr ab","Assets/ThirdParty/JMO Assets/Cartoon FX Remaster/CFXR Assets/Graphics/cfxr proc ring hdr ab.mat","1.5","Reusable resource component for materials, textures, shaders, data, prefabs, or new VFX assemblies."
"Cartoon FX Remaster","CFXR Assets / Graphics","Material","Material","Ice/Crystal","","cfxr proc ring ice hdr ab","Assets/ThirdParty/JMO Assets/Cartoon FX Remaster/CFXR Assets/Graphics/cfxr proc ring ice hdr ab.mat","1.6","Reusable resource component for materials, textures, shaders, data, prefabs, or new VFX assemblies."
"Cartoon FX Remaster","CFXR Assets / Graphics","Material","Material","","","cfxr proc ring local space ab","Assets/ThirdParty/JMO Assets/Cartoon FX Remaster/CFXR Assets/Graphics/cfxr proc ring local space ab.mat","1.5","Reusable resource component for materials, textures, shaders, data, prefabs, or new VFX assemblies."
"Cartoon FX Remaster","CFXR Assets / Graphics","Material","Material","","","cfxr proc ring local space add","Assets/ThirdParty/JMO Assets/Cartoon FX Remaster/CFXR Assets/Graphics/cfxr proc ring local space add.mat","1.5","Reusable resource component for materials, textures, shaders, data, prefabs, or new VFX assemblies."
"Cartoon FX Remaster","CFXR Assets / Graphics","Material","Material","","","cfxr proc ring local space hdr ab","Assets/ThirdParty/JMO Assets/Cartoon FX Remaster/CFXR Assets/Graphics/cfxr proc ring local space hdr ab.mat","1.5","Reusable resource component for materials, textures, shaders, data, prefabs, or new VFX assemblies."
"Cartoon FX Remaster","CFXR Assets / Graphics","Material","Material","","","cfxr proc ring local space partial ab","Assets/ThirdParty/JMO Assets/Cartoon FX Remaster/CFXR Assets/Graphics/cfxr proc ring local space partial ab.mat","1.6","Reusable resource component for materials, textures, shaders, data, prefabs, or new VFX assemblies."
"Cartoon FX Remaster","CFXR Assets / Graphics","Material","Material","Liquid/Blood","","cfxr proc ring water ripple local space ab","Assets/ThirdParty/JMO Assets/Cartoon FX Remaster/CFXR Assets/Graphics/cfxr proc ring water ripple local space ab.mat","1.6","Reusable resource component for materials, textures, shaders, data, prefabs, or new VFX assemblies."
"Cartoon FX Remaster","CFXR Assets / Graphics","Material","Material","Liquid/Blood","","cfxr proc ring water ripple local space arc ab","Assets/ThirdParty/JMO Assets/Cartoon FX Remaster/CFXR Assets/Graphics/cfxr proc ring water ripple local space arc ab.mat","1.6","Reusable resource component for materials, textures, shaders, data, prefabs, or new VFX assemblies."
"Cartoon FX Remaster","CFXR Assets / Graphics","Material","Material","","","cfxr puddle dissolve ab","Assets/ThirdParty/JMO Assets/Cartoon FX Remaster/CFXR Assets/Graphics/cfxr puddle dissolve ab.mat","3.4","Reusable resource component for materials, textures, shaders, data, prefabs, or new VFX assemblies."
"Cartoon FX Remaster","CFXR Assets / Graphics","Material","Material","","","cfxr puddle dissolve soft ab","Assets/ThirdParty/JMO Assets/Cartoon FX Remaster/CFXR Assets/Graphics/cfxr puddle dissolve soft ab.mat","3.4","Reusable resource component for materials, textures, shaders, data, prefabs, or new VFX assemblies."
"Cartoon FX Remaster","CFXR Assets / Graphics","Material","Material","","","cfxr ring spikes revert hdr ab","Assets/ThirdParty/JMO Assets/Cartoon FX Remaster/CFXR Assets/Graphics/cfxr ring spikes revert hdr ab.mat","3.3","Reusable resource component for materials, textures, shaders, data, prefabs, or new VFX assemblies."
"Cartoon FX Remaster","CFXR Assets / Graphics","Material","Material","","","cfxr screen distortion debug","Assets/ThirdParty/JMO Assets/Cartoon FX Remaster/CFXR Assets/Graphics/cfxr screen distortion debug.mat","1.2","Reusable resource component for materials, textures, shaders, data, prefabs, or new VFX assemblies."
"Cartoon FX Remaster","CFXR Assets / Graphics","Material","Material","","","cfxr screen distortion perlin","Assets/ThirdParty/JMO Assets/Cartoon FX Remaster/CFXR Assets/Graphics/cfxr screen distortion perlin.mat","1.2","Reusable resource component for materials, textures, shaders, data, prefabs, or new VFX assemblies."
"Cartoon FX Remaster","CFXR Assets / Graphics","Material","Material","","","cfxr screen distortion ring","Assets/ThirdParty/JMO Assets/Cartoon FX Remaster/CFXR Assets/Graphics/cfxr screen distortion ring.mat","1.2","Reusable resource component for materials, textures, shaders, data, prefabs, or new VFX assemblies."
"Cartoon FX Remaster","CFXR Assets / Graphics","Material","Material","","","cfxr screen distortion ring nosp","Assets/ThirdParty/JMO Assets/Cartoon FX Remaster/CFXR Assets/Graphics/cfxr screen distortion ring nosp.mat","1.2","Reusable resource component for materials, textures, shaders, data, prefabs, or new VFX assemblies."
"Cartoon FX Remaster","CFXR Assets / Graphics","Material","Material","","","cfxr screen distortion sphere","Assets/ThirdParty/JMO Assets/Cartoon FX Remaster/CFXR Assets/Graphics/cfxr screen distortion sphere.mat","1.2","Reusable resource component for materials, textures, shaders, data, prefabs, or new VFX assemblies."
"Cartoon FX Remaster","CFXR Assets / Graphics","Material","Material","","","cfxr skull 2 dissolve ab","Assets/ThirdParty/JMO Assets/Cartoon FX Remaster/CFXR Assets/Graphics/cfxr skull 2 dissolve ab.mat","3.2","Reusable resource component for materials, textures, shaders, data, prefabs, or new VFX assemblies."
"Cartoon FX Remaster","CFXR Assets / Graphics","Material","Material","","","cfxr skull dissolve ab","Assets/ThirdParty/JMO Assets/Cartoon FX Remaster/CFXR Assets/Graphics/cfxr skull dissolve ab.mat","3.3","Reusable resource component for materials, textures, shaders, data, prefabs, or new VFX assemblies."
"Cartoon FX Remaster","CFXR Assets / Graphics","Material","Material","","","cfxr skull distort hdr ab","Assets/ThirdParty/JMO Assets/Cartoon FX Remaster/CFXR Assets/Graphics/cfxr skull distort hdr ab.mat","3.4","Reusable resource component for materials, textures, shaders, data, prefabs, or new VFX assemblies."
"Cartoon FX Remaster","CFXR Assets / Graphics","Material","Material","","","cfxr skull outer outline ab","Assets/ThirdParty/JMO Assets/Cartoon FX Remaster/CFXR Assets/Graphics/cfxr skull outer outline ab.mat","3.2","Reusable resource component for materials, textures, shaders, data, prefabs, or new VFX assemblies."
"Cartoon FX Remaster","CFXR Assets / Graphics","Material","Material","","","cfxr smiley angry ab","Assets/ThirdParty/JMO Assets/Cartoon FX Remaster/CFXR Assets/Graphics/cfxr smiley angry ab.mat","3.2","Reusable resource component for materials, textures, shaders, data, prefabs, or new VFX assemblies."
"Cartoon FX Remaster","CFXR Assets / Graphics","Material","Material","","","cfxr smiley frown ab","Assets/ThirdParty/JMO Assets/Cartoon FX Remaster/CFXR Assets/Graphics/cfxr smiley frown ab.mat","3.2","Reusable resource component for materials, textures, shaders, data, prefabs, or new VFX assemblies."
"Cartoon FX Remaster","CFXR Assets / Graphics","Material","Material","","","cfxr smiley happy ab","Assets/ThirdParty/JMO Assets/Cartoon FX Remaster/CFXR Assets/Graphics/cfxr smiley happy ab.mat","3.2","Reusable resource component for materials, textures, shaders, data, prefabs, or new VFX assemblies."
"Cartoon FX Remaster","CFXR Assets / Graphics","Material","Material","","","cfxr smiley smile ab","Assets/ThirdParty/JMO Assets/Cartoon FX Remaster/CFXR Assets/Graphics/cfxr smiley smile ab.mat","3.2","Reusable resource component for materials, textures, shaders, data, prefabs, or new VFX assemblies."
"Cartoon FX Remaster","CFXR Assets / Graphics","Material","Material","Air/Dust/Fog","","cfxr smoke cloud corner ab","Assets/ThirdParty/JMO Assets/Cartoon FX Remaster/CFXR Assets/Graphics/cfxr smoke cloud corner ab.mat","3.2","Reusable resource component for materials, textures, shaders, data, prefabs, or new VFX assemblies."
"Cartoon FX Remaster","CFXR Assets / Graphics","Material","Material","Air/Dust/Fog","","cfxr smoke cloud x4 ab","Assets/ThirdParty/JMO Assets/Cartoon FX Remaster/CFXR Assets/Graphics/cfxr smoke cloud x4 ab.mat","3.2","Reusable resource component for materials, textures, shaders, data, prefabs, or new VFX assemblies."
"Cartoon FX Remaster","CFXR Assets / Graphics","Material","Material","Air/Dust/Fog","","cfxr smoke cloud x4 ab blurred","Assets/ThirdParty/JMO Assets/Cartoon FX Remaster/CFXR Assets/Graphics/cfxr smoke cloud x4 ab blurred.mat","3.3","Reusable resource component for materials, textures, shaders, data, prefabs, or new VFX assemblies."
"Cartoon FX Remaster","CFXR Assets / Graphics","Material","Material","Air/Dust/Fog","","cfxr smoke cloud x4 ab lit crisp","Assets/ThirdParty/JMO Assets/Cartoon FX Remaster/CFXR Assets/Graphics/cfxr smoke cloud x4 ab lit crisp.mat","3.4","Reusable resource component for materials, textures, shaders, data, prefabs, or new VFX assemblies."
"Cartoon FX Remaster","CFXR Assets / Graphics","Material","Material","Air/Dust/Fog","","cfxr smoke cloud x4 ab lit normal","Assets/ThirdParty/JMO Assets/Cartoon FX Remaster/CFXR Assets/Graphics/cfxr smoke cloud x4 ab lit normal.mat","3.6","Reusable resource component for materials, textures, shaders, data, prefabs, or new VFX assemblies."
"Cartoon FX Remaster","CFXR Assets / Graphics","Material","Material","Air/Dust/Fog","","cfxr smoke cloud x4 ab lit soft","Assets/ThirdParty/JMO Assets/Cartoon FX Remaster/CFXR Assets/Graphics/cfxr smoke cloud x4 ab lit soft.mat","3.4","Reusable resource component for materials, textures, shaders, data, prefabs, or new VFX assemblies."
"Cartoon FX Remaster","CFXR Assets / Graphics","Material","Material","Air/Dust/Fog","","cfxr smoke cloud x4 ab lit soft individual","Assets/ThirdParty/JMO Assets/Cartoon FX Remaster/CFXR Assets/Graphics/cfxr smoke cloud x4 ab lit soft individual.mat","3.4","Reusable resource component for materials, textures, shaders, data, prefabs, or new VFX assemblies."
"Cartoon FX Remaster","CFXR Assets / Graphics","Material","Material","Air/Dust/Fog","","cfxr smoke cloud x4 ab lit soft individual bright shadow","Assets/ThirdParty/JMO Assets/Cartoon FX Remaster/CFXR Assets/Graphics/cfxr smoke cloud x4 ab lit soft individual bright shadow.mat","3.5","Reusable resource component for materials, textures, shaders, data, prefabs, or new VFX assemblies."
"Cartoon FX Remaster","CFXR Assets / Graphics","Material","Material","Air/Dust/Fog","","cfxr smoke cloud x4 ab lit soft individual mid shadow","Assets/ThirdParty/JMO Assets/Cartoon FX Remaster/CFXR Assets/Graphics/cfxr smoke cloud x4 ab lit soft individual mid shadow.mat","3.5","Reusable resource component for materials, textures, shaders, data, prefabs, or new VFX assemblies."
"Cartoon FX Remaster","CFXR Assets / Graphics","Material","Material","Air/Dust/Fog","","cfxr smoke cloud x4 crisp dissolve ab","Assets/ThirdParty/JMO Assets/Cartoon FX Remaster/CFXR Assets/Graphics/cfxr smoke cloud x4 crisp dissolve ab.mat","3.2","Reusable resource component for materials, textures, shaders, data, prefabs, or new VFX assemblies."
"Cartoon FX Remaster","CFXR Assets / Graphics","Material","Material","Air/Dust/Fog","","cfxr smoke cloud x4 hdr ab","Assets/ThirdParty/JMO Assets/Cartoon FX Remaster/CFXR Assets/Graphics/cfxr smoke cloud x4 hdr ab.mat","3.3","Reusable resource component for materials, textures, shaders, data, prefabs, or new VFX assemblies."
"Cartoon FX Remaster","CFXR Assets / Graphics","Material","Material","Air/Dust/Fog","","cfxr smoke cloud x4 mult blurred","Assets/ThirdParty/JMO Assets/Cartoon FX Remaster/CFXR Assets/Graphics/cfxr smoke cloud x4 mult blurred.mat","3.3","Reusable resource component for materials, textures, shaders, data, prefabs, or new VFX assemblies."
"Cartoon FX Remaster","CFXR Assets / Graphics","Material","Material","Air/Dust/Fog","","cfxr smoke cloud x4 second color ab","Assets/ThirdParty/JMO Assets/Cartoon FX Remaster/CFXR Assets/Graphics/cfxr smoke cloud x4 second color ab.mat","3.2","Reusable resource component for materials, textures, shaders, data, prefabs, or new VFX assemblies."
"Cartoon FX Remaster","CFXR Assets / Graphics","Material","Material","Air/Dust/Fog","","cfxr smoke cloud x4 second color underlit ab","Assets/ThirdParty/JMO Assets/Cartoon FX Remaster/CFXR Assets/Graphics/cfxr smoke cloud x4 second color underlit ab.mat","3.3","Reusable resource component for materials, textures, shaders, data, prefabs, or new VFX assemblies."
"Cartoon FX Remaster","CFXR Assets / Graphics","Material","Material","Hit/Impact","","cfxr spikes half impact hdr ab","Assets/ThirdParty/JMO Assets/Cartoon FX Remaster/CFXR Assets/Graphics/cfxr spikes half impact hdr ab.mat","3.1","Reusable resource component for materials, textures, shaders, data, prefabs, or new VFX assemblies."
"Cartoon FX Remaster","CFXR Assets / Graphics","Material","Material","Hit/Impact","","cfxr spikes impact ab","Assets/ThirdParty/JMO Assets/Cartoon FX Remaster/CFXR Assets/Graphics/cfxr spikes impact ab.mat","3","Reusable resource component for materials, textures, shaders, data, prefabs, or new VFX assemblies."
"Cartoon FX Remaster","CFXR Assets / Graphics","Material","Material","Hit/Impact","","cfxr spikes impact add","Assets/ThirdParty/JMO Assets/Cartoon FX Remaster/CFXR Assets/Graphics/cfxr spikes impact add.mat","3.2","Reusable resource component for materials, textures, shaders, data, prefabs, or new VFX assemblies."
"Cartoon FX Remaster","CFXR Assets / Graphics","Material","Material","Hit/Impact","","cfxr spikes impact dissolve ab","Assets/ThirdParty/JMO Assets/Cartoon FX Remaster/CFXR Assets/Graphics/cfxr spikes impact dissolve ab.mat","3.1","Reusable resource component for materials, textures, shaders, data, prefabs, or new VFX assemblies."
"Cartoon FX Remaster","CFXR Assets / Graphics","Material","Material","Hit/Impact","","cfxr spikes impact dissolve hdr ab","Assets/ThirdParty/JMO Assets/Cartoon FX Remaster/CFXR Assets/Graphics/cfxr spikes impact dissolve hdr ab.mat","3.1","Reusable resource component for materials, textures, shaders, data, prefabs, or new VFX assemblies."
"Cartoon FX Remaster","CFXR Assets / Graphics","Material","Material","Hit/Impact","","cfxr spikes impact dissolve invert ab","Assets/ThirdParty/JMO Assets/Cartoon FX Remaster/CFXR Assets/Graphics/cfxr spikes impact dissolve invert ab.mat","3.1","Reusable resource component for materials, textures, shaders, data, prefabs, or new VFX assemblies."
"Cartoon FX Remaster","CFXR Assets / Graphics","Material","Material","Hit/Impact","","cfxr spikes impact hdr ab","Assets/ThirdParty/JMO Assets/Cartoon FX Remaster/CFXR Assets/Graphics/cfxr spikes impact hdr ab.mat","3","Reusable resource component for materials, textures, shaders, data, prefabs, or new VFX assemblies."
"Cartoon FX Remaster","CFXR Assets / Graphics","Material","Material","","","cfxr star ab","Assets/ThirdParty/JMO Assets/Cartoon FX Remaster/CFXR Assets/Graphics/cfxr star ab.mat","3.1","Reusable resource component for materials, textures, shaders, data, prefabs, or new VFX assemblies."
"Cartoon FX Remaster","CFXR Assets / Graphics","Material","Material","","","cfxr star blurred add","Assets/ThirdParty/JMO Assets/Cartoon FX Remaster/CFXR Assets/Graphics/cfxr star blurred add.mat","3.2","Reusable resource component for materials, textures, shaders, data, prefabs, or new VFX assemblies."
"Cartoon FX Remaster","CFXR Assets / Graphics","Material","Material","","","cfxr steam blur dissolve hdr add","Assets/ThirdParty/JMO Assets/Cartoon FX Remaster/CFXR Assets/Graphics/cfxr steam blur dissolve hdr add.mat","3.3","Reusable resource component for materials, textures, shaders, data, prefabs, or new VFX assemblies."
"Cartoon FX Remaster","CFXR Assets / Graphics","Material","Material","Fire","","cfxr stretch fire crisp fade hdr ab","Assets/ThirdParty/JMO Assets/Cartoon FX Remaster/CFXR Assets/Graphics/cfxr stretch fire crisp fade hdr ab.mat","3.3","Reusable resource component for materials, textures, shaders, data, prefabs, or new VFX assemblies."
"Cartoon FX Remaster","CFXR Assets / Graphics","Material","Material","","","cfxr stretch inv spike fade ab","Assets/ThirdParty/JMO Assets/Cartoon FX Remaster/CFXR Assets/Graphics/cfxr stretch inv spike fade ab.mat","3.3","Reusable resource component for materials, textures, shaders, data, prefabs, or new VFX assemblies."
"Cartoon FX Remaster","CFXR Assets / Graphics","Material","Material","","","cfxr stretch inv spike fade add","Assets/ThirdParty/JMO Assets/Cartoon FX Remaster/CFXR Assets/Graphics/cfxr stretch inv spike fade add.mat","3.3","Reusable resource component for materials, textures, shaders, data, prefabs, or new VFX assemblies."
"Cartoon FX Remaster","CFXR Assets / Graphics","Material","Material","Weather","","cfxr stretch rain blur ab","Assets/ThirdParty/JMO Assets/Cartoon FX Remaster/CFXR Assets/Graphics/cfxr stretch rain blur ab.mat","3.1","Reusable resource component for materials, textures, shaders, data, prefabs, or new VFX assemblies."
"Cartoon FX Remaster","CFXR Assets / Graphics","Material","Material","Weather","","cfxr stretch rain blur ab nosp","Assets/ThirdParty/JMO Assets/Cartoon FX Remaster/CFXR Assets/Graphics/cfxr stretch rain blur ab nosp.mat","3.1","Reusable resource component for materials, textures, shaders, data, prefabs, or new VFX assemblies."
"Cartoon FX Remaster","CFXR Assets / Graphics","Material","Material","","","cfxr stretch ray blur add","Assets/ThirdParty/JMO Assets/Cartoon FX Remaster/CFXR Assets/Graphics/cfxr stretch ray blur add.mat","3.2","Reusable resource component for materials, textures, shaders, data, prefabs, or new VFX assemblies."
"Cartoon FX Remaster","CFXR Assets / Graphics","Material","Material","","","cfxr stretch ray blur hdr ab","Assets/ThirdParty/JMO Assets/Cartoon FX Remaster/CFXR Assets/Graphics/cfxr stretch ray blur hdr ab.mat","3.2","Reusable resource component for materials, textures, shaders, data, prefabs, or new VFX assemblies."
"Cartoon FX Remaster","CFXR Assets / Graphics","Material","Material","","","cfxr stretch rectangle ray ab","Assets/ThirdParty/JMO Assets/Cartoon FX Remaster/CFXR Assets/Graphics/cfxr stretch rectangle ray ab.mat","3.2","Reusable resource component for materials, textures, shaders, data, prefabs, or new VFX assemblies."
"Cartoon FX Remaster","CFXR Assets / Graphics","Material","Material","","","cfxr stretch rectangle ray blur add","Assets/ThirdParty/JMO Assets/Cartoon FX Remaster/CFXR Assets/Graphics/cfxr stretch rectangle ray blur add.mat","3.2","Reusable resource component for materials, textures, shaders, data, prefabs, or new VFX assemblies."
"Cartoon FX Remaster","CFXR Assets / Graphics","Material","Material","","","cfxr stretch rectangle ray blur hdr ab","Assets/ThirdParty/JMO Assets/Cartoon FX Remaster/CFXR Assets/Graphics/cfxr stretch rectangle ray blur hdr ab.mat","3.3","Reusable resource component for materials, textures, shaders, data, prefabs, or new VFX assemblies."
"Cartoon FX Remaster","CFXR Assets / Graphics","Material","Material","","","cfxr stretch rectangle ray hdr ab","Assets/ThirdParty/JMO Assets/Cartoon FX Remaster/CFXR Assets/Graphics/cfxr stretch rectangle ray hdr ab.mat","3.3","Reusable resource component for materials, textures, shaders, data, prefabs, or new VFX assemblies."
"Cartoon FX Remaster","CFXR Assets / Graphics","Material","Material","","","cfxr stretch skull dissolve ab","Assets/ThirdParty/JMO Assets/Cartoon FX Remaster/CFXR Assets/Graphics/cfxr stretch skull dissolve ab.mat","3.3","Reusable resource component for materials, textures, shaders, data, prefabs, or new VFX assemblies."
"Cartoon FX Remaster","CFXR Assets / Graphics","Material","Material","Air/Dust/Fog","","cfxr stretch smoke arc ab","Assets/ThirdParty/JMO Assets/Cartoon FX Remaster/CFXR Assets/Graphics/cfxr stretch smoke arc ab.mat","3.2","Reusable resource component for materials, textures, shaders, data, prefabs, or new VFX assemblies."
"Cartoon FX Remaster","CFXR Assets / Graphics","Material","Material","Air/Dust/Fog","","cfxr stretch smoke fume blur ab","Assets/ThirdParty/JMO Assets/Cartoon FX Remaster/CFXR Assets/Graphics/cfxr stretch smoke fume blur ab.mat","3.1","Reusable resource component for materials, textures, shaders, data, prefabs, or new VFX assemblies."
"Cartoon FX Remaster","CFXR Assets / Graphics","Material","Material","","","cfxr stretch spike fade add","Assets/ThirdParty/JMO Assets/Cartoon FX Remaster/CFXR Assets/Graphics/cfxr stretch spike fade add.mat","3.3","Reusable resource component for materials, textures, shaders, data, prefabs, or new VFX assemblies."
"Cartoon FX Remaster","CFXR Assets / Graphics","Material","Material","","","cfxr stretch spikes smooth x2 hdr ab","Assets/ThirdParty/JMO Assets/Cartoon FX Remaster/CFXR Assets/Graphics/cfxr stretch spikes smooth x2 hdr ab.mat","3.2","Reusable resource component for materials, textures, shaders, data, prefabs, or new VFX assemblies."
"Cartoon FX Remaster","CFXR Assets / Graphics","Material","Material","","","cfxr stretch spikes x2 hdr ab","Assets/ThirdParty/JMO Assets/Cartoon FX Remaster/CFXR Assets/Graphics/cfxr stretch spikes x2 hdr ab.mat","3.1","Reusable resource component for materials, textures, shaders, data, prefabs, or new VFX assemblies."
"Cartoon FX Remaster","CFXR Assets / Graphics","Material","Material","","","cfxr stretch trait ab","Assets/ThirdParty/JMO Assets/Cartoon FX Remaster/CFXR Assets/Graphics/cfxr stretch trait ab.mat","2.9","Reusable resource component for materials, textures, shaders, data, prefabs, or new VFX assemblies."
"Cartoon FX Remaster","CFXR Assets / Graphics","Material","Material","","","cfxr stretch trait blur ab","Assets/ThirdParty/JMO Assets/Cartoon FX Remaster/CFXR Assets/Graphics/cfxr stretch trait blur ab.mat","3.1","Reusable resource component for materials, textures, shaders, data, prefabs, or new VFX assemblies."
"Cartoon FX Remaster","CFXR Assets / Graphics","Material","Material","","","cfxr stretch trait blur add","Assets/ThirdParty/JMO Assets/Cartoon FX Remaster/CFXR Assets/Graphics/cfxr stretch trait blur add.mat","3.2","Reusable resource component for materials, textures, shaders, data, prefabs, or new VFX assemblies."
"Cartoon FX Remaster","CFXR Assets / Graphics","Material","Material","","","cfxr stretch trait hdr ab","Assets/ThirdParty/JMO Assets/Cartoon FX Remaster/CFXR Assets/Graphics/cfxr stretch trait hdr ab.mat","3","Reusable resource component for materials, textures, shaders, data, prefabs, or new VFX assemblies."
"Cartoon FX Remaster","CFXR Assets / Graphics","Material","Material","","","cfxr stretch trait hdr ab nosp","Assets/ThirdParty/JMO Assets/Cartoon FX Remaster/CFXR Assets/Graphics/cfxr stretch trait hdr ab nosp.mat","3","Reusable resource component for materials, textures, shaders, data, prefabs, or new VFX assemblies."
"Cartoon FX Remaster","CFXR Assets / Graphics","Material","Material","","","cfxr stretch triangle add","Assets/ThirdParty/JMO Assets/Cartoon FX Remaster/CFXR Assets/Graphics/cfxr stretch triangle add.mat","3.2","Reusable resource component for materials, textures, shaders, data, prefabs, or new VFX assemblies."
"Cartoon FX Remaster","CFXR Assets / Graphics","Material","Material","","","cfxr stretch triangle fade ab","Assets/ThirdParty/JMO Assets/Cartoon FX Remaster/CFXR Assets/Graphics/cfxr stretch triangle fade ab.mat","2.9","Reusable resource component for materials, textures, shaders, data, prefabs, or new VFX assemblies."
"Cartoon FX Remaster","CFXR Assets / Graphics","Material","Material","","","cfxr stretch triangle smooth add","Assets/ThirdParty/JMO Assets/Cartoon FX Remaster/CFXR Assets/Graphics/cfxr stretch triangle smooth add.mat","3.2","Reusable resource component for materials, textures, shaders, data, prefabs, or new VFX assemblies."
"Cartoon FX Remaster","CFXR Assets / Graphics","Material","Material","","","cfxr stretch triangle smooth nosp ab","Assets/ThirdParty/JMO Assets/Cartoon FX Remaster/CFXR Assets/Graphics/cfxr stretch triangle smooth nosp ab.mat","3.3","Reusable resource component for materials, textures, shaders, data, prefabs, or new VFX assemblies."
"Cartoon FX Remaster","CFXR Assets / Graphics","Material","Material","","","cfxr stretch triangle smooth nosp add","Assets/ThirdParty/JMO Assets/Cartoon FX Remaster/CFXR Assets/Graphics/cfxr stretch triangle smooth nosp add.mat","3.3","Reusable resource component for materials, textures, shaders, data, prefabs, or new VFX assemblies."
"Cartoon FX Remaster","CFXR Assets / Graphics","Material","Material","","","cfxr stretch triangle to diamond ab","Assets/ThirdParty/JMO Assets/Cartoon FX Remaster/CFXR Assets/Graphics/cfxr stretch triangle to diamond ab.mat","3.2","Reusable resource component for materials, textures, shaders, data, prefabs, or new VFX assemblies."
"Cartoon FX Remaster","CFXR Assets / Graphics","Material","Material","","","cfxr stretch triangle to diamond add","Assets/ThirdParty/JMO Assets/Cartoon FX Remaster/CFXR Assets/Graphics/cfxr stretch triangle to diamond add.mat","3.2","Reusable resource component for materials, textures, shaders, data, prefabs, or new VFX assemblies."
"Cartoon FX Remaster","CFXR Assets / Graphics","Material","Material","Slash/Trail; Liquid/Blood","","cfxr sword trail bubbles","Assets/ThirdParty/JMO Assets/Cartoon FX Remaster/CFXR Assets/Graphics/cfxr sword trail bubbles.mat","3.2","Reusable resource component for materials, textures, shaders, data, prefabs, or new VFX assemblies."
"Cartoon FX Remaster","CFXR Assets / Graphics","Material","Material","Hit/Impact; Slash/Trail; Liquid/Blood","","cfxr sword trail bubbles hit","Assets/ThirdParty/JMO Assets/Cartoon FX Remaster/CFXR Assets/Graphics/cfxr sword trail bubbles hit.mat","3.2","Reusable resource component for materials, textures, shaders, data, prefabs, or new VFX assemblies."
"Cartoon FX Remaster","CFXR Assets / Graphics","Material","Material","Slash/Trail; Fire","","cfxr sword trail flames","Assets/ThirdParty/JMO Assets/Cartoon FX Remaster/CFXR Assets/Graphics/cfxr sword trail flames.mat","3.3","Reusable resource component for materials, textures, shaders, data, prefabs, or new VFX assemblies."
"Cartoon FX Remaster","CFXR Assets / Graphics","Material","Material","Hit/Impact; Slash/Trail; Fire","","cfxr sword trail flames hit","Assets/ThirdParty/JMO Assets/Cartoon FX Remaster/CFXR Assets/Graphics/cfxr sword trail flames hit.mat","3.3","Reusable resource component for materials, textures, shaders, data, prefabs, or new VFX assemblies."
"Cartoon FX Remaster","CFXR Assets / Graphics","Material","Material","Slash/Trail; Ice/Crystal","","cfxr sword trail ice","Assets/ThirdParty/JMO Assets/Cartoon FX Remaster/CFXR Assets/Graphics/cfxr sword trail ice.mat","3.2","Reusable resource component for materials, textures, shaders, data, prefabs, or new VFX assemblies."
"Cartoon FX Remaster","CFXR Assets / Graphics","Material","Material","Hit/Impact; Slash/Trail; Ice/Crystal","","cfxr sword trail ice hit","Assets/ThirdParty/JMO Assets/Cartoon FX Remaster/CFXR Assets/Graphics/cfxr sword trail ice hit.mat","3.3","Reusable resource component for materials, textures, shaders, data, prefabs, or new VFX assemblies."
"Cartoon FX Remaster","CFXR Assets / Graphics","Material","Material","Slash/Trail; Ice/Crystal","","cfxr sword trail ice thin","Assets/ThirdParty/JMO Assets/Cartoon FX Remaster/CFXR Assets/Graphics/cfxr sword trail ice thin.mat","3.3","Reusable resource component for materials, textures, shaders, data, prefabs, or new VFX assemblies."
"Cartoon FX Remaster","CFXR Assets / Graphics","Material","Material","Slash/Trail","","cfxr sword trail light","Assets/ThirdParty/JMO Assets/Cartoon FX Remaster/CFXR Assets/Graphics/cfxr sword trail light.mat","3.2","Reusable resource component for materials, textures, shaders, data, prefabs, or new VFX assemblies."
"Cartoon FX Remaster","CFXR Assets / Graphics","Material","Material","Slash/Trail","","cfxr sword trail plain","Assets/ThirdParty/JMO Assets/Cartoon FX Remaster/CFXR Assets/Graphics/cfxr sword trail plain.mat","3.2","Reusable resource component for materials, textures, shaders, data, prefabs, or new VFX assemblies."
"Cartoon FX Remaster","CFXR Assets / Graphics","Material","Material","Slash/Trail","","cfxr sword trail slash","Assets/ThirdParty/JMO Assets/Cartoon FX Remaster/CFXR Assets/Graphics/cfxr sword trail slash.mat","3.2","Reusable resource component for materials, textures, shaders, data, prefabs, or new VFX assemblies."
"Cartoon FX Remaster","CFXR Assets / Graphics","Material","Material","Slash/Trail","","cfxr sword trail tech","Assets/ThirdParty/JMO Assets/Cartoon FX Remaster/CFXR Assets/Graphics/cfxr sword trail tech.mat","3.2","Reusable resource component for materials, textures, shaders, data, prefabs, or new VFX assemblies."
"Cartoon FX Remaster","CFXR Assets / Graphics","Material","Material","Hit/Impact; Slash/Trail","","cfxr sword trail tech hit","Assets/ThirdParty/JMO Assets/Cartoon FX Remaster/CFXR Assets/Graphics/cfxr sword trail tech hit.mat","3.3","Reusable resource component for materials, textures, shaders, data, prefabs, or new VFX assemblies."
"Cartoon FX Remaster","CFXR Assets / Graphics","Material","Material","Slash/Trail","","cfxr sword trail tech thin","Assets/ThirdParty/JMO Assets/Cartoon FX Remaster/CFXR Assets/Graphics/cfxr sword trail tech thin.mat","3.3","Reusable resource component for materials, textures, shaders, data, prefabs, or new VFX assemblies."
"Cartoon FX Remaster","CFXR Assets / Graphics","Material","Material","Liquid/Blood","","cfxr water drop blur anim ab","Assets/ThirdParty/JMO Assets/Cartoon FX Remaster/CFXR Assets/Graphics/cfxr water drop blur anim ab.mat","4","Reusable resource component for materials, textures, shaders, data, prefabs, or new VFX assemblies."
"Cartoon FX Remaster","CFXR Assets / Graphics","Material","Material","Liquid/Blood","","cfxr water drop blur anim hdr ab","Assets/ThirdParty/JMO Assets/Cartoon FX Remaster/CFXR Assets/Graphics/cfxr water drop blur anim hdr ab.mat","4","Reusable resource component for materials, textures, shaders, data, prefabs, or new VFX assemblies."
"Cartoon FX Remaster","CFXR Assets / Graphics","Material","Material","Liquid/Blood","","cfxr water foam ab","Assets/ThirdParty/JMO Assets/Cartoon FX Remaster/CFXR Assets/Graphics/cfxr water foam ab.mat","3.2","Reusable resource component for materials, textures, shaders, data, prefabs, or new VFX assemblies."
"Cartoon FX Remaster","CFXR Assets / Graphics","Material","Material","Splash; Liquid/Blood","","cfxr water small splash hollow stretch nosp ab","Assets/ThirdParty/JMO Assets/Cartoon FX Remaster/CFXR Assets/Graphics/cfxr water small splash hollow stretch nosp ab.mat","3.3","Reusable resource component for materials, textures, shaders, data, prefabs, or new VFX assemblies."
"Cartoon FX Remaster","CFXR Assets / Graphics","Material","Material","Splash; Liquid/Blood","","cfxr water small splash hollow stretch nosp hdr ab","Assets/ThirdParty/JMO Assets/Cartoon FX Remaster/CFXR Assets/Graphics/cfxr water small splash hollow stretch nosp hdr ab.mat","3.1","Reusable resource component for materials, textures, shaders, data, prefabs, or new VFX assemblies."
"Cartoon FX Remaster","CFXR Assets / Graphics","Material","Material","Splash; Liquid/Blood","","cfxr water small splash stretch nosp ab","Assets/ThirdParty/JMO Assets/Cartoon FX Remaster/CFXR Assets/Graphics/cfxr water small splash stretch nosp ab.mat","3.2","Reusable resource component for materials, textures, shaders, data, prefabs, or new VFX assemblies."
"Cartoon FX Remaster","CFXR Assets / Graphics","Material","Material","Splash; Liquid/Blood","","cfxr water small splash stretch nosp hdr ab","Assets/ThirdParty/JMO Assets/Cartoon FX Remaster/CFXR Assets/Graphics/cfxr water small splash stretch nosp hdr ab.mat","3.1","Reusable resource component for materials, textures, shaders, data, prefabs, or new VFX assemblies."
"Cartoon FX Remaster","CFXR Assets / Graphics","Material","Material","Air/Dust/Fog","","cfxr ww smoke bright hdr ab","Assets/ThirdParty/JMO Assets/Cartoon FX Remaster/CFXR Assets/Graphics/cfxr ww smoke bright hdr ab.mat","3.2","Reusable resource component for materials, textures, shaders, data, prefabs, or new VFX assemblies."
"Cartoon FX Remaster","CFXR Assets / Graphics","Material","Material","Air/Dust/Fog; Magic/Energy","","cfxr ww smoke glow ab","Assets/ThirdParty/JMO Assets/Cartoon FX Remaster/CFXR Assets/Graphics/cfxr ww smoke glow ab.mat","3.2","Reusable resource component for materials, textures, shaders, data, prefabs, or new VFX assemblies."
"Cartoon FX Remaster","CFXR Assets / Graphics","Material","Material","Air/Dust/Fog","","cfxr ww smoke second color ab","Assets/ThirdParty/JMO Assets/Cartoon FX Remaster/CFXR Assets/Graphics/cfxr ww smoke second color ab.mat","3.3","Reusable resource component for materials, textures, shaders, data, prefabs, or new VFX assemblies."
"Cartoon FX Remaster","CFXR Assets / Graphics","Texture","Texture","Magic/Energy","Loop/Ambient","cfxr aura rays","Assets/ThirdParty/JMO Assets/Cartoon FX Remaster/CFXR Assets/Graphics/cfxr aura rays.png","86.3","Reusable resource component for materials, textures, shaders, data, prefabs, or new VFX assemblies."
"Cartoon FX Remaster","CFXR Assets / Graphics","Texture","Texture","Magic/Energy","Loop/Ambient","cfxr aura runic","Assets/ThirdParty/JMO Assets/Cartoon FX Remaster/CFXR Assets/Graphics/cfxr aura runic.png","100.9","Reusable resource component for materials, textures, shaders, data, prefabs, or new VFX assemblies."
"Cartoon FX Remaster","CFXR Assets / Graphics","Texture","Texture","Liquid/Blood","","cfxr blood","Assets/ThirdParty/JMO Assets/Cartoon FX Remaster/CFXR Assets/Graphics/cfxr blood.png","86.7","Reusable resource component for materials, textures, shaders, data, prefabs, or new VFX assemblies."
"Cartoon FX Remaster","CFXR Assets / Graphics","Texture","Texture","Liquid/Blood","","cfxr blood dissolve","Assets/ThirdParty/JMO Assets/Cartoon FX Remaster/CFXR Assets/Graphics/cfxr blood dissolve.png","244","Reusable resource component for materials, textures, shaders, data, prefabs, or new VFX assemblies."
"Cartoon FX Remaster","CFXR Assets / Graphics","Texture","Texture","Splash; Liquid/Blood","","cfxr blood splash","Assets/ThirdParty/JMO Assets/Cartoon FX Remaster/CFXR Assets/Graphics/cfxr blood splash.png","45.2","Reusable resource component for materials, textures, shaders, data, prefabs, or new VFX assemblies."
"Cartoon FX Remaster","CFXR Assets / Graphics","Texture","Texture","Splash; Liquid/Blood","","cfxr blood splash dissolve","Assets/ThirdParty/JMO Assets/Cartoon FX Remaster/CFXR Assets/Graphics/cfxr blood splash dissolve.png","146","Reusable resource component for materials, textures, shaders, data, prefabs, or new VFX assemblies."
"Cartoon FX Remaster","CFXR Assets / Graphics","Texture","Texture","Liquid/Blood","","cfxr bubble","Assets/ThirdParty/JMO Assets/Cartoon FX Remaster/CFXR Assets/Graphics/cfxr bubble.png","75.7","Reusable resource component for materials, textures, shaders, data, prefabs, or new VFX assemblies."
"Cartoon FX Remaster","CFXR Assets / Graphics","Texture","Texture","Liquid/Blood","","cfxr bubble 2","Assets/ThirdParty/JMO Assets/Cartoon FX Remaster/CFXR Assets/Graphics/cfxr bubble 2.png","183.4","Reusable resource component for materials, textures, shaders, data, prefabs, or new VFX assemblies."
"Cartoon FX Remaster","CFXR Assets / Graphics","Texture","Texture","Projectile","","cfxr card club","Assets/ThirdParty/JMO Assets/Cartoon FX Remaster/CFXR Assets/Graphics/cfxr card club.png","16","Reusable resource component for materials, textures, shaders, data, prefabs, or new VFX assemblies."
"Cartoon FX Remaster","CFXR Assets / Graphics","Texture","Texture","Projectile","","cfxr card diamond","Assets/ThirdParty/JMO Assets/Cartoon FX Remaster/CFXR Assets/Graphics/cfxr card diamond.png","15.6","Reusable resource component for materials, textures, shaders, data, prefabs, or new VFX assemblies."
"Cartoon FX Remaster","CFXR Assets / Graphics","Texture","Texture","Projectile","","cfxr card heart","Assets/ThirdParty/JMO Assets/Cartoon FX Remaster/CFXR Assets/Graphics/cfxr card heart.png","14.7","Reusable resource component for materials, textures, shaders, data, prefabs, or new VFX assemblies."
"Cartoon FX Remaster","CFXR Assets / Graphics","Texture","Texture","Projectile","","cfxr card spade","Assets/ThirdParty/JMO Assets/Cartoon FX Remaster/CFXR Assets/Graphics/cfxr card spade.png","15.9","Reusable resource component for materials, textures, shaders, data, prefabs, or new VFX assemblies."
"Cartoon FX Remaster","CFXR Assets / Graphics","Texture","Texture","Air/Dust/Fog","","cfxr cloud blur","Assets/ThirdParty/JMO Assets/Cartoon FX Remaster/CFXR Assets/Graphics/cfxr cloud blur.png","57.3","Reusable resource component for materials, textures, shaders, data, prefabs, or new VFX assemblies."
"Cartoon FX Remaster","CFXR Assets / Graphics","Texture","Texture","","","cfxr debris 3x3","Assets/ThirdParty/JMO Assets/Cartoon FX Remaster/CFXR Assets/Graphics/cfxr debris 3x3.png","67.8","Reusable resource component for materials, textures, shaders, data, prefabs, or new VFX assemblies."
"Cartoon FX Remaster","CFXR Assets / Graphics","Texture","Texture","","","cfxr debris 3x3 normal","Assets/ThirdParty/JMO Assets/Cartoon FX Remaster/CFXR Assets/Graphics/cfxr debris 3x3 normal.png","341.8","Reusable resource component for materials, textures, shaders, data, prefabs, or new VFX assemblies."
"Cartoon FX Remaster","CFXR Assets / Graphics","Texture","Texture","","","cfxr debris flat unlit 3x3","Assets/ThirdParty/JMO Assets/Cartoon FX Remaster/CFXR Assets/Graphics/cfxr debris flat unlit 3x3.png","52.2","Reusable resource component for materials, textures, shaders, data, prefabs, or new VFX assemblies."
"Cartoon FX Remaster","CFXR Assets / Graphics","Texture","Texture","Ice/Crystal","","cfxr debris ice 2x2","Assets/ThirdParty/JMO Assets/Cartoon FX Remaster/CFXR Assets/Graphics/cfxr debris ice 2x2.png","155.5","Reusable resource component for materials, textures, shaders, data, prefabs, or new VFX assemblies."
"Cartoon FX Remaster","CFXR Assets / Graphics","Texture","Texture","Ice/Crystal","","cfxr debris ice 2x2 normal","Assets/ThirdParty/JMO Assets/Cartoon FX Remaster/CFXR Assets/Graphics/cfxr debris ice 2x2 normal.png","74.5","Reusable resource component for materials, textures, shaders, data, prefabs, or new VFX assemblies."
"Cartoon FX Remaster","CFXR Assets / Graphics","Texture","Texture","","","cfxr debris unlit 3x3","Assets/ThirdParty/JMO Assets/Cartoon FX Remaster/CFXR Assets/Graphics/cfxr debris unlit 3x3.png","108.5","Reusable resource component for materials, textures, shaders, data, prefabs, or new VFX assemblies."
"Cartoon FX Remaster","CFXR Assets / Graphics","Texture","Texture","","","cfxr debris wood 3x3","Assets/ThirdParty/JMO Assets/Cartoon FX Remaster/CFXR Assets/Graphics/cfxr debris wood 3x3.png","22.2","Reusable resource component for materials, textures, shaders, data, prefabs, or new VFX assemblies."
"Cartoon FX Remaster","CFXR Assets / Graphics","Texture","Texture","","","cfxr debris wood 3x3 normal","Assets/ThirdParty/JMO Assets/Cartoon FX Remaster/CFXR Assets/Graphics/cfxr debris wood 3x3 normal.png","192.4","Reusable resource component for materials, textures, shaders, data, prefabs, or new VFX assemblies."
"Cartoon FX Remaster","CFXR Assets / Graphics","Texture","Texture","","","cfxr debris wood unlit 3x3","Assets/ThirdParty/JMO Assets/Cartoon FX Remaster/CFXR Assets/Graphics/cfxr debris wood unlit 3x3.png","73","Reusable resource component for materials, textures, shaders, data, prefabs, or new VFX assemblies."
"Cartoon FX Remaster","CFXR Assets / Graphics","Texture","Texture","Electric","","cfxr electric arc anim x4","Assets/ThirdParty/JMO Assets/Cartoon FX Remaster/CFXR Assets/Graphics/cfxr electric arc anim x4.png","31.5","Reusable resource component for materials, textures, shaders, data, prefabs, or new VFX assemblies."
"Cartoon FX Remaster","CFXR Assets / Graphics","Texture","Texture","Electric","","cfxr electric arcs fade x4","Assets/ThirdParty/JMO Assets/Cartoon FX Remaster/CFXR Assets/Graphics/cfxr electric arcs fade x4.png","52.4","Reusable resource component for materials, textures, shaders, data, prefabs, or new VFX assemblies."
"Cartoon FX Remaster","CFXR Assets / Graphics","Texture","Texture","Electric","","cfxr electric arcs x4","Assets/ThirdParty/JMO Assets/Cartoon FX Remaster/CFXR Assets/Graphics/cfxr electric arcs x4.png","82.1","Reusable resource component for materials, textures, shaders, data, prefabs, or new VFX assemblies."
"Cartoon FX Remaster","CFXR Assets / Graphics","Texture","Texture","Electric","","cfxr electric small anim 4x2","Assets/ThirdParty/JMO Assets/Cartoon FX Remaster/CFXR Assets/Graphics/cfxr electric small anim 4x2.png","66.8","Reusable resource component for materials, textures, shaders, data, prefabs, or new VFX assemblies."
"Cartoon FX Remaster","CFXR Assets / Graphics","Texture","Texture","Electric","","cfxr electric small anim2 7x2","Assets/ThirdParty/JMO Assets/Cartoon FX Remaster/CFXR Assets/Graphics/cfxr electric small anim2 7x2.png","72.5","Reusable resource component for materials, textures, shaders, data, prefabs, or new VFX assemblies."
"Cartoon FX Remaster","CFXR Assets / Graphics","Texture","Texture","Electric","","cfxr electric spark","Assets/ThirdParty/JMO Assets/Cartoon FX Remaster/CFXR Assets/Graphics/cfxr electric spark.png","10.5","Reusable resource component for materials, textures, shaders, data, prefabs, or new VFX assemblies."
"Cartoon FX Remaster","CFXR Assets / Graphics","Texture","Texture","Fire","","cfxr ember blur","Assets/ThirdParty/JMO Assets/Cartoon FX Remaster/CFXR Assets/Graphics/cfxr ember blur.png","5.3","Reusable resource component for materials, textures, shaders, data, prefabs, or new VFX assemblies."
"Cartoon FX Remaster","CFXR Assets / Graphics","Texture","Texture","Explosion","","cfxr explosion second color map","Assets/ThirdParty/JMO Assets/Cartoon FX Remaster/CFXR Assets/Graphics/cfxr explosion second color map.png","88.7","Reusable resource component for materials, textures, shaders, data, prefabs, or new VFX assemblies."
"Cartoon FX Remaster","CFXR Assets / Graphics","Texture","Texture","Explosion; Air/Dust/Fog","","cfxr explosion smoke alpha","Assets/ThirdParty/JMO Assets/Cartoon FX Remaster/CFXR Assets/Graphics/cfxr explosion smoke alpha.png","38","Reusable resource component for materials, textures, shaders, data, prefabs, or new VFX assemblies."
"Cartoon FX Remaster","CFXR Assets / Graphics","Texture","Texture","Explosion; Air/Dust/Fog","","cfxr explosion smoke dissolve","Assets/ThirdParty/JMO Assets/Cartoon FX Remaster/CFXR Assets/Graphics/cfxr explosion smoke dissolve.png","57.2","Reusable resource component for materials, textures, shaders, data, prefabs, or new VFX assemblies."
"Cartoon FX Remaster","CFXR Assets / Graphics","Texture","Texture","Fire; Magic/Energy","Ground/Area","cfxr fire circle blur","Assets/ThirdParty/JMO Assets/Cartoon FX Remaster/CFXR Assets/Graphics/cfxr fire circle blur.png","19.3","Reusable resource component for materials, textures, shaders, data, prefabs, or new VFX assemblies."
"Cartoon FX Remaster","CFXR Assets / Graphics","Texture","Texture","Fire; Magic/Energy","Ground/Area","cfxr fire circle crisp","Assets/ThirdParty/JMO Assets/Cartoon FX Remaster/CFXR Assets/Graphics/cfxr fire circle crisp.png","20.4","Reusable resource component for materials, textures, shaders, data, prefabs, or new VFX assemblies."
"Cartoon FX Remaster","CFXR Assets / Graphics","Texture","Texture","Fire; Magic/Energy","Ground/Area","cfxr fire circle drawn","Assets/ThirdParty/JMO Assets/Cartoon FX Remaster/CFXR Assets/Graphics/cfxr fire circle drawn.png","29.2","Reusable resource component for materials, textures, shaders, data, prefabs, or new VFX assemblies."
"Cartoon FX Remaster","CFXR Assets / Graphics","Texture","Texture","Fire; Magic/Energy","Ground/Area","cfxr fire circle drawn blurred","Assets/ThirdParty/JMO Assets/Cartoon FX Remaster/CFXR Assets/Graphics/cfxr fire circle drawn blurred.png","25.4","Reusable resource component for materials, textures, shaders, data, prefabs, or new VFX assemblies."
"Cartoon FX Remaster","CFXR Assets / Graphics","Texture","Texture","Fire; Magic/Energy","Ground/Area","cfxr fire circle plain","Assets/ThirdParty/JMO Assets/Cartoon FX Remaster/CFXR Assets/Graphics/cfxr fire circle plain.png","20.2","Reusable resource component for materials, textures, shaders, data, prefabs, or new VFX assemblies."
"Cartoon FX Remaster","CFXR Assets / Graphics","Texture","Texture","Fire","","cfxr fire edge","Assets/ThirdParty/JMO Assets/Cartoon FX Remaster/CFXR Assets/Graphics/cfxr fire edge.png","23.5","Reusable resource component for materials, textures, shaders, data, prefabs, or new VFX assemblies."
"Cartoon FX Remaster","CFXR Assets / Graphics","Texture","Texture","Fire","","cfxr fire edge dissolve","Assets/ThirdParty/JMO Assets/Cartoon FX Remaster/CFXR Assets/Graphics/cfxr fire edge dissolve.png","52.9","Reusable resource component for materials, textures, shaders, data, prefabs, or new VFX assemblies."
"Cartoon FX Remaster","CFXR Assets / Graphics","Texture","Texture","Fire","","cfxr fire small anim","Assets/ThirdParty/JMO Assets/Cartoon FX Remaster/CFXR Assets/Graphics/cfxr fire small anim.png","44.7","Reusable resource component for materials, textures, shaders, data, prefabs, or new VFX assemblies."
"Cartoon FX Remaster","CFXR Assets / Graphics","Texture","Texture","Fire","","cfxr fire small anim blurred","Assets/ThirdParty/JMO Assets/Cartoon FX Remaster/CFXR Assets/Graphics/cfxr fire small anim blurred.png","57.9","Reusable resource component for materials, textures, shaders, data, prefabs, or new VFX assemblies."
"Cartoon FX Remaster","CFXR Assets / Graphics","Texture","Texture","","","cfxr flamme blur","Assets/ThirdParty/JMO Assets/Cartoon FX Remaster/CFXR Assets/Graphics/cfxr flamme blur.png","20.6","Reusable resource component for materials, textures, shaders, data, prefabs, or new VFX assemblies."
"Cartoon FX Remaster","CFXR Assets / Graphics","Texture","Texture","","","cfxr flamme candle","Assets/ThirdParty/JMO Assets/Cartoon FX Remaster/CFXR Assets/Graphics/cfxr flamme candle.png","24.7","Reusable resource component for materials, textures, shaders, data, prefabs, or new VFX assemblies."
"Cartoon FX Remaster","CFXR Assets / Graphics","Texture","Texture","","","cfxr flamme crisp","Assets/ThirdParty/JMO Assets/Cartoon FX Remaster/CFXR Assets/Graphics/cfxr flamme crisp.png","21.1","Reusable resource component for materials, textures, shaders, data, prefabs, or new VFX assemblies."
"Cartoon FX Remaster","CFXR Assets / Graphics","Texture","Texture","","","cfxr flamme full blurred","Assets/ThirdParty/JMO Assets/Cartoon FX Remaster/CFXR Assets/Graphics/cfxr flamme full blurred.png","28.4","Reusable resource component for materials, textures, shaders, data, prefabs, or new VFX assemblies."
"Cartoon FX Remaster","CFXR Assets / Graphics","Texture","Texture","","","cfxr flamme plain","Assets/ThirdParty/JMO Assets/Cartoon FX Remaster/CFXR Assets/Graphics/cfxr flamme plain.png","20.4","Reusable resource component for materials, textures, shaders, data, prefabs, or new VFX assemblies."
"Cartoon FX Remaster","CFXR Assets / Graphics","Texture","Texture","","","cfxr flamme stepped","Assets/ThirdParty/JMO Assets/Cartoon FX Remaster/CFXR Assets/Graphics/cfxr flamme stepped.png","11.8","Reusable resource component for materials, textures, shaders, data, prefabs, or new VFX assemblies."
"Cartoon FX Remaster","CFXR Assets / Graphics","Texture","Texture","","","cfxr flare","Assets/ThirdParty/JMO Assets/Cartoon FX Remaster/CFXR Assets/Graphics/cfxr flare.png","17.1","Reusable resource component for materials, textures, shaders, data, prefabs, or new VFX assemblies."
"Cartoon FX Remaster","CFXR Assets / Graphics","Texture","Texture","","","cfxr fly anim x4","Assets/ThirdParty/JMO Assets/Cartoon FX Remaster/CFXR Assets/Graphics/cfxr fly anim x4.png","33.8","Reusable resource component for materials, textures, shaders, data, prefabs, or new VFX assemblies."
"Cartoon FX Remaster","CFXR Assets / Graphics","Texture","Texture","Slash/Trail","","cfxr ghost trail","Assets/ThirdParty/JMO Assets/Cartoon FX Remaster/CFXR Assets/Graphics/cfxr ghost trail.png","12","Reusable resource component for materials, textures, shaders, data, prefabs, or new VFX assemblies."
"Cartoon FX Remaster","CFXR Assets / Graphics","Texture","Texture","","","cfxr heart","Assets/ThirdParty/JMO Assets/Cartoon FX Remaster/CFXR Assets/Graphics/cfxr heart.png","15.3","Reusable resource component for materials, textures, shaders, data, prefabs, or new VFX assemblies."
"Cartoon FX Remaster","CFXR Assets / Graphics","Texture","Texture","","","cfxr heart break dissolve","Assets/ThirdParty/JMO Assets/Cartoon FX Remaster/CFXR Assets/Graphics/cfxr heart break dissolve.png","10.5","Reusable resource component for materials, textures, shaders, data, prefabs, or new VFX assemblies."
"Cartoon FX Remaster","CFXR Assets / Graphics","Texture","Texture","","","cfxr heart break parts","Assets/ThirdParty/JMO Assets/Cartoon FX Remaster/CFXR Assets/Graphics/cfxr heart break parts.png","20.1","Reusable resource component for materials, textures, shaders, data, prefabs, or new VFX assemblies."
"Cartoon FX Remaster","CFXR Assets / Graphics","Texture","Texture","Hit/Impact","","cfxr hit triangle","Assets/ThirdParty/JMO Assets/Cartoon FX Remaster/CFXR Assets/Graphics/cfxr hit triangle.png","16.3","Reusable resource component for materials, textures, shaders, data, prefabs, or new VFX assemblies."
"Cartoon FX Remaster","CFXR Assets / Graphics","Texture","Texture","Hit/Impact","","cfxr hit triangle 2","Assets/ThirdParty/JMO Assets/Cartoon FX Remaster/CFXR Assets/Graphics/cfxr hit triangle 2.png","18.2","Reusable resource component for materials, textures, shaders, data, prefabs, or new VFX assemblies."
"Cartoon FX Remaster","CFXR Assets / Graphics","Texture","Texture","Hit/Impact","","cfxr hit triangle diamond dissolve","Assets/ThirdParty/JMO Assets/Cartoon FX Remaster/CFXR Assets/Graphics/cfxr hit triangle diamond dissolve.png","17.4","Reusable resource component for materials, textures, shaders, data, prefabs, or new VFX assemblies."
"Cartoon FX Remaster","CFXR Assets / Graphics","Texture","Texture","Hit/Impact","","cfxr hit triangle dissolve","Assets/ThirdParty/JMO Assets/Cartoon FX Remaster/CFXR Assets/Graphics/cfxr hit triangle dissolve.png","20.6","Reusable resource component for materials, textures, shaders, data, prefabs, or new VFX assemblies."
"Cartoon FX Remaster","CFXR Assets / Graphics","Texture","Texture","","","cfxr leave a","Assets/ThirdParty/JMO Assets/Cartoon FX Remaster/CFXR Assets/Graphics/cfxr leave a.png","103.6","Reusable resource component for materials, textures, shaders, data, prefabs, or new VFX assemblies."
"Cartoon FX Remaster","CFXR Assets / Graphics","Texture","Texture","","","cfxr leave a normal","Assets/ThirdParty/JMO Assets/Cartoon FX Remaster/CFXR Assets/Graphics/cfxr leave a normal.png","208.2","Reusable resource component for materials, textures, shaders, data, prefabs, or new VFX assemblies."
"Cartoon FX Remaster","CFXR Assets / Graphics","Texture","Texture","","","cfxr leave b","Assets/ThirdParty/JMO Assets/Cartoon FX Remaster/CFXR Assets/Graphics/cfxr leave b.png","92.3","Reusable resource component for materials, textures, shaders, data, prefabs, or new VFX assemblies."
"Cartoon FX Remaster","CFXR Assets / Graphics","Texture","Texture","","","cfxr leave b normal","Assets/ThirdParty/JMO Assets/Cartoon FX Remaster/CFXR Assets/Graphics/cfxr leave b normal.png","192.4","Reusable resource component for materials, textures, shaders, data, prefabs, or new VFX assemblies."
"Cartoon FX Remaster","CFXR Assets / Graphics","Texture","Texture","Electric","Loop/Ambient","cfxr line loop electric","Assets/ThirdParty/JMO Assets/Cartoon FX Remaster/CFXR Assets/Graphics/cfxr line loop electric.png","31.3","Reusable resource component for materials, textures, shaders, data, prefabs, or new VFX assemblies."
"Cartoon FX Remaster","CFXR Assets / Graphics","Texture","Texture","Magic/Energy","","cfxr magic star","Assets/ThirdParty/JMO Assets/Cartoon FX Remaster/CFXR Assets/Graphics/cfxr magic star.png","26","Reusable resource component for materials, textures, shaders, data, prefabs, or new VFX assemblies."
"Cartoon FX Remaster","CFXR Assets / Graphics","Texture","Texture","Air/Dust/Fog","","cfxr noise clouds big","Assets/ThirdParty/JMO Assets/Cartoon FX Remaster/CFXR Assets/Graphics/cfxr noise clouds big.png","37.6","Reusable resource component for materials, textures, shaders, data, prefabs, or new VFX assemblies."
"Cartoon FX Remaster","CFXR Assets / Graphics","Texture","Texture","","","cfxr perlin big","Assets/ThirdParty/JMO Assets/Cartoon FX Remaster/CFXR Assets/Graphics/cfxr perlin big.png","277.7","Reusable resource component for materials, textures, shaders, data, prefabs, or new VFX assemblies."
"Cartoon FX Remaster","CFXR Assets / Graphics","Texture","Texture","","","cfxr perlin mid","Assets/ThirdParty/JMO Assets/Cartoon FX Remaster/CFXR Assets/Graphics/cfxr perlin mid.png","245.6","Reusable resource component for materials, textures, shaders, data, prefabs, or new VFX assemblies."
"Cartoon FX Remaster","CFXR Assets / Graphics","Texture","Texture","","","cfxr perlin smudge","Assets/ThirdParty/JMO Assets/Cartoon FX Remaster/CFXR Assets/Graphics/cfxr perlin smudge.png","1117.4","Reusable resource component for materials, textures, shaders, data, prefabs, or new VFX assemblies."
"Cartoon FX Remaster","CFXR Assets / Graphics","Texture","Texture","","","cfxr petal normal","Assets/ThirdParty/JMO Assets/Cartoon FX Remaster/CFXR Assets/Graphics/cfxr petal normal.png","262.4","Reusable resource component for materials, textures, shaders, data, prefabs, or new VFX assemblies."
"Cartoon FX Remaster","CFXR Assets / Graphics","Texture","Texture","","","cfxr petal pink x4","Assets/ThirdParty/JMO Assets/Cartoon FX Remaster/CFXR Assets/Graphics/cfxr petal pink x4.png","292","Reusable resource component for materials, textures, shaders, data, prefabs, or new VFX assemblies."
"Cartoon FX Remaster","CFXR Assets / Graphics","Texture","Texture","","","cfxr puddle","Assets/ThirdParty/JMO Assets/Cartoon FX Remaster/CFXR Assets/Graphics/cfxr puddle.png","14.3","Reusable resource component for materials, textures, shaders, data, prefabs, or new VFX assemblies."
"Cartoon FX Remaster","CFXR Assets / Graphics","Texture","Texture","","","cfxr puddle dissolve","Assets/ThirdParty/JMO Assets/Cartoon FX Remaster/CFXR Assets/Graphics/cfxr puddle dissolve.png","51.3","Reusable resource component for materials, textures, shaders, data, prefabs, or new VFX assemblies."
"Cartoon FX Remaster","CFXR Assets / Graphics","Texture","Texture","","","cfxr ring arc","Assets/ThirdParty/JMO Assets/Cartoon FX Remaster/CFXR Assets/Graphics/cfxr ring arc.png","4.8","Reusable resource component for materials, textures, shaders, data, prefabs, or new VFX assemblies."
"Cartoon FX Remaster","CFXR Assets / Graphics","Texture","Texture","Electric","","cfxr ring electric","Assets/ThirdParty/JMO Assets/Cartoon FX Remaster/CFXR Assets/Graphics/cfxr ring electric.png","18.3","Reusable resource component for materials, textures, shaders, data, prefabs, or new VFX assemblies."
"Cartoon FX Remaster","CFXR Assets / Graphics","Texture","Texture","Ice/Crystal","","cfxr ring ice","Assets/ThirdParty/JMO Assets/Cartoon FX Remaster/CFXR Assets/Graphics/cfxr ring ice.png","29.2","Reusable resource component for materials, textures, shaders, data, prefabs, or new VFX assemblies."
"Cartoon FX Remaster","CFXR Assets / Graphics","Texture","Texture","","","cfxr ring ripple arc dissolve","Assets/ThirdParty/JMO Assets/Cartoon FX Remaster/CFXR Assets/Graphics/cfxr ring ripple arc dissolve.png","17.7","Reusable resource component for materials, textures, shaders, data, prefabs, or new VFX assemblies."
"Cartoon FX Remaster","CFXR Assets / Graphics","Texture","Texture","","","cfxr ring ripple dissolve","Assets/ThirdParty/JMO Assets/Cartoon FX Remaster/CFXR Assets/Graphics/cfxr ring ripple dissolve.png","18.4","Reusable resource component for materials, textures, shaders, data, prefabs, or new VFX assemblies."
"Cartoon FX Remaster","CFXR Assets / Graphics","Texture","Texture","","","cfxr ring spikes revert","Assets/ThirdParty/JMO Assets/Cartoon FX Remaster/CFXR Assets/Graphics/cfxr ring spikes revert.png","9.9","Reusable resource component for materials, textures, shaders, data, prefabs, or new VFX assemblies."
"Cartoon FX Remaster","CFXR Assets / Graphics","Texture","Texture","","","cfxr screen distortion debug","Assets/ThirdParty/JMO Assets/Cartoon FX Remaster/CFXR Assets/Graphics/cfxr screen distortion debug.png","47.1","Reusable resource component for materials, textures, shaders, data, prefabs, or new VFX assemblies."
"Cartoon FX Remaster","CFXR Assets / Graphics","Texture","Texture","","","cfxr screen distortion perlin","Assets/ThirdParty/JMO Assets/Cartoon FX Remaster/CFXR Assets/Graphics/cfxr screen distortion perlin.png","46.6","Reusable resource component for materials, textures, shaders, data, prefabs, or new VFX assemblies."
"Cartoon FX Remaster","CFXR Assets / Graphics","Texture","Texture","","","cfxr screen distortion ring","Assets/ThirdParty/JMO Assets/Cartoon FX Remaster/CFXR Assets/Graphics/cfxr screen distortion ring.png","58.6","Reusable resource component for materials, textures, shaders, data, prefabs, or new VFX assemblies."
"Cartoon FX Remaster","CFXR Assets / Graphics","Texture","Texture","","","cfxr screen distortion sphere","Assets/ThirdParty/JMO Assets/Cartoon FX Remaster/CFXR Assets/Graphics/cfxr screen distortion sphere.png","41.2","Reusable resource component for materials, textures, shaders, data, prefabs, or new VFX assemblies."
"Cartoon FX Remaster","CFXR Assets / Graphics","Texture","Texture","","","cfxr skull","Assets/ThirdParty/JMO Assets/Cartoon FX Remaster/CFXR Assets/Graphics/cfxr skull.png","20.8","Reusable resource component for materials, textures, shaders, data, prefabs, or new VFX assemblies."
"Cartoon FX Remaster","CFXR Assets / Graphics","Texture","Texture","","","cfxr skull 2","Assets/ThirdParty/JMO Assets/Cartoon FX Remaster/CFXR Assets/Graphics/cfxr skull 2.png","37.5","Reusable resource component for materials, textures, shaders, data, prefabs, or new VFX assemblies."
"Cartoon FX Remaster","CFXR Assets / Graphics","Texture","Texture","","","cfxr skull 2 dissolve","Assets/ThirdParty/JMO Assets/Cartoon FX Remaster/CFXR Assets/Graphics/cfxr skull 2 dissolve.png","59.2","Reusable resource component for materials, textures, shaders, data, prefabs, or new VFX assemblies."
"Cartoon FX Remaster","CFXR Assets / Graphics","Texture","Texture","","","cfxr skull dissolve","Assets/ThirdParty/JMO Assets/Cartoon FX Remaster/CFXR Assets/Graphics/cfxr skull dissolve.png","60.8","Reusable resource component for materials, textures, shaders, data, prefabs, or new VFX assemblies."
"Cartoon FX Remaster","CFXR Assets / Graphics","Texture","Texture","","","cfxr skull dissolve alt","Assets/ThirdParty/JMO Assets/Cartoon FX Remaster/CFXR Assets/Graphics/cfxr skull dissolve alt.png","88","Reusable resource component for materials, textures, shaders, data, prefabs, or new VFX assemblies."
"Cartoon FX Remaster","CFXR Assets / Graphics","Texture","Texture","","","cfxr skull outer outline","Assets/ThirdParty/JMO Assets/Cartoon FX Remaster/CFXR Assets/Graphics/cfxr skull outer outline.png","34.2","Reusable resource component for materials, textures, shaders, data, prefabs, or new VFX assemblies."
"Cartoon FX Remaster","CFXR Assets / Graphics","Texture","Texture","","","cfxr smiley angry","Assets/ThirdParty/JMO Assets/Cartoon FX Remaster/CFXR Assets/Graphics/cfxr smiley angry.png","23.4","Reusable resource component for materials, textures, shaders, data, prefabs, or new VFX assemblies."
"Cartoon FX Remaster","CFXR Assets / Graphics","Texture","Texture","","","cfxr smiley frown","Assets/ThirdParty/JMO Assets/Cartoon FX Remaster/CFXR Assets/Graphics/cfxr smiley frown.png","22.2","Reusable resource component for materials, textures, shaders, data, prefabs, or new VFX assemblies."
"Cartoon FX Remaster","CFXR Assets / Graphics","Texture","Texture","","","cfxr smiley happy","Assets/ThirdParty/JMO Assets/Cartoon FX Remaster/CFXR Assets/Graphics/cfxr smiley happy.png","22.1","Reusable resource component for materials, textures, shaders, data, prefabs, or new VFX assemblies."
"Cartoon FX Remaster","CFXR Assets / Graphics","Texture","Texture","","","cfxr smiley smile","Assets/ThirdParty/JMO Assets/Cartoon FX Remaster/CFXR Assets/Graphics/cfxr smiley smile.png","22","Reusable resource component for materials, textures, shaders, data, prefabs, or new VFX assemblies."
"Cartoon FX Remaster","CFXR Assets / Graphics","Texture","Texture","Air/Dust/Fog","","cfxr smoke cloud corner","Assets/ThirdParty/JMO Assets/Cartoon FX Remaster/CFXR Assets/Graphics/cfxr smoke cloud corner.png","22.9","Reusable resource component for materials, textures, shaders, data, prefabs, or new VFX assemblies."
"Cartoon FX Remaster","CFXR Assets / Graphics","Texture","Texture","Air/Dust/Fog","","cfxr smoke cloud corner dissolve","Assets/ThirdParty/JMO Assets/Cartoon FX Remaster/CFXR Assets/Graphics/cfxr smoke cloud corner dissolve.png","28.5","Reusable resource component for materials, textures, shaders, data, prefabs, or new VFX assemblies."
"Cartoon FX Remaster","CFXR Assets / Graphics","Texture","Texture","Air/Dust/Fog","","cfxr smoke cloud x4","Assets/ThirdParty/JMO Assets/Cartoon FX Remaster/CFXR Assets/Graphics/cfxr smoke cloud x4.png","27.3","Reusable resource component for materials, textures, shaders, data, prefabs, or new VFX assemblies."
"Cartoon FX Remaster","CFXR Assets / Graphics","Texture","Texture","Air/Dust/Fog","","cfxr smoke cloud x4 blurred","Assets/ThirdParty/JMO Assets/Cartoon FX Remaster/CFXR Assets/Graphics/cfxr smoke cloud x4 blurred.png","75.4","Reusable resource component for materials, textures, shaders, data, prefabs, or new VFX assemblies."
"Cartoon FX Remaster","CFXR Assets / Graphics","Texture","Texture","Air/Dust/Fog","","cfxr smoke cloud x4 dissolve","Assets/ThirdParty/JMO Assets/Cartoon FX Remaster/CFXR Assets/Graphics/cfxr smoke cloud x4 dissolve.png","95.7","Reusable resource component for materials, textures, shaders, data, prefabs, or new VFX assemblies."
"Cartoon FX Remaster","CFXR Assets / Graphics","Texture","Texture","Air/Dust/Fog","","cfxr smoke cloud x4 normal","Assets/ThirdParty/JMO Assets/Cartoon FX Remaster/CFXR Assets/Graphics/cfxr smoke cloud x4 normal.png","70.3","Reusable resource component for materials, textures, shaders, data, prefabs, or new VFX assemblies."
"Cartoon FX Remaster","CFXR Assets / Graphics","Texture","Texture","Air/Dust/Fog","","cfxr smoke cloud x4 second color","Assets/ThirdParty/JMO Assets/Cartoon FX Remaster/CFXR Assets/Graphics/cfxr smoke cloud x4 second color.png","30.5","Reusable resource component for materials, textures, shaders, data, prefabs, or new VFX assemblies."
"Cartoon FX Remaster","CFXR Assets / Graphics","Texture","Texture","Hit/Impact; Air/Dust/Fog","","cfxr smoke cloud x4 white","Assets/ThirdParty/JMO Assets/Cartoon FX Remaster/CFXR Assets/Graphics/cfxr smoke cloud x4 white.png","19.1","Reusable resource component for materials, textures, shaders, data, prefabs, or new VFX assemblies."
"Cartoon FX Remaster","CFXR Assets / Graphics","Texture","Texture","Hit/Impact","","cfxr spikes half impact gradient","Assets/ThirdParty/JMO Assets/Cartoon FX Remaster/CFXR Assets/Graphics/cfxr spikes half impact gradient.png","43.3","Reusable resource component for materials, textures, shaders, data, prefabs, or new VFX assemblies."
"Cartoon FX Remaster","CFXR Assets / Graphics","Texture","Texture","Hit/Impact","","cfxr spikes impact","Assets/ThirdParty/JMO Assets/Cartoon FX Remaster/CFXR Assets/Graphics/cfxr spikes impact.png","36.9","Reusable resource component for materials, textures, shaders, data, prefabs, or new VFX assemblies."
"Cartoon FX Remaster","CFXR Assets / Graphics","Texture","Texture","Hit/Impact","","cfxr spikes impact dissolve","Assets/ThirdParty/JMO Assets/Cartoon FX Remaster/CFXR Assets/Graphics/cfxr spikes impact dissolve.png","58.1","Reusable resource component for materials, textures, shaders, data, prefabs, or new VFX assemblies."
"Cartoon FX Remaster","CFXR Assets / Graphics","Texture","Texture","","","cfxr star","Assets/ThirdParty/JMO Assets/Cartoon FX Remaster/CFXR Assets/Graphics/cfxr star.png","15","Reusable resource component for materials, textures, shaders, data, prefabs, or new VFX assemblies."
"Cartoon FX Remaster","CFXR Assets / Graphics","Texture","Texture","","","cfxr star blurred","Assets/ThirdParty/JMO Assets/Cartoon FX Remaster/CFXR Assets/Graphics/cfxr star blurred.png","35.2","Reusable resource component for materials, textures, shaders, data, prefabs, or new VFX assemblies."
"Cartoon FX Remaster","CFXR Assets / Graphics","Texture","Texture","","","cfxr stretch flamme crisp","Assets/ThirdParty/JMO Assets/Cartoon FX Remaster/CFXR Assets/Graphics/cfxr stretch flamme crisp.png","21.5","Reusable resource component for materials, textures, shaders, data, prefabs, or new VFX assemblies."
"Cartoon FX Remaster","CFXR Assets / Graphics","Texture","Texture","","","cfxr stretch flamme crisp dissolve","Assets/ThirdParty/JMO Assets/Cartoon FX Remaster/CFXR Assets/Graphics/cfxr stretch flamme crisp dissolve.png","22.1","Reusable resource component for materials, textures, shaders, data, prefabs, or new VFX assemblies."
"Cartoon FX Remaster","CFXR Assets / Graphics","Texture","Texture","","","cfxr stretch inv spike fade","Assets/ThirdParty/JMO Assets/Cartoon FX Remaster/CFXR Assets/Graphics/cfxr stretch inv spike fade.png","5.3","Reusable resource component for materials, textures, shaders, data, prefabs, or new VFX assemblies."
"Cartoon FX Remaster","CFXR Assets / Graphics","Texture","Texture","Weather","","cfxr stretch rain blur","Assets/ThirdParty/JMO Assets/Cartoon FX Remaster/CFXR Assets/Graphics/cfxr stretch rain blur.png","15.6","Reusable resource component for materials, textures, shaders, data, prefabs, or new VFX assemblies."
"Cartoon FX Remaster","CFXR Assets / Graphics","Texture","Texture","","","cfxr stretch ray blur","Assets/ThirdParty/JMO Assets/Cartoon FX Remaster/CFXR Assets/Graphics/cfxr stretch ray blur.png","19.1","Reusable resource component for materials, textures, shaders, data, prefabs, or new VFX assemblies."
"Cartoon FX Remaster","CFXR Assets / Graphics","Texture","Texture","","","cfxr stretch rectangle ray","Assets/ThirdParty/JMO Assets/Cartoon FX Remaster/CFXR Assets/Graphics/cfxr stretch rectangle ray.png","16.1","Reusable resource component for materials, textures, shaders, data, prefabs, or new VFX assemblies."
"Cartoon FX Remaster","CFXR Assets / Graphics","Texture","Texture","","","cfxr stretch rectangle ray blur","Assets/ThirdParty/JMO Assets/Cartoon FX Remaster/CFXR Assets/Graphics/cfxr stretch rectangle ray blur.png","28.9","Reusable resource component for materials, textures, shaders, data, prefabs, or new VFX assemblies."
"Cartoon FX Remaster","CFXR Assets / Graphics","Texture","Texture","","","cfxr stretch sipkes blur x2","Assets/ThirdParty/JMO Assets/Cartoon FX Remaster/CFXR Assets/Graphics/cfxr stretch sipkes blur x2.png","46.6","Reusable resource component for materials, textures, shaders, data, prefabs, or new VFX assemblies."
"Cartoon FX Remaster","CFXR Assets / Graphics","Texture","Texture","","","cfxr stretch sipkes dissolve smooth x2","Assets/ThirdParty/JMO Assets/Cartoon FX Remaster/CFXR Assets/Graphics/cfxr stretch sipkes dissolve smooth x2.png","50.6","Reusable resource component for materials, textures, shaders, data, prefabs, or new VFX assemblies."
"Cartoon FX Remaster","CFXR Assets / Graphics","Texture","Texture","","","cfxr stretch sipkes dissolve x2","Assets/ThirdParty/JMO Assets/Cartoon FX Remaster/CFXR Assets/Graphics/cfxr stretch sipkes dissolve x2.png","35.1","Reusable resource component for materials, textures, shaders, data, prefabs, or new VFX assemblies."
"Cartoon FX Remaster","CFXR Assets / Graphics","Texture","Texture","","","cfxr stretch sipkes x2","Assets/ThirdParty/JMO Assets/Cartoon FX Remaster/CFXR Assets/Graphics/cfxr stretch sipkes x2.png","21.2","Reusable resource component for materials, textures, shaders, data, prefabs, or new VFX assemblies."
"Cartoon FX Remaster","CFXR Assets / Graphics","Texture","Texture","","","cfxr stretch skull","Assets/ThirdParty/JMO Assets/Cartoon FX Remaster/CFXR Assets/Graphics/cfxr stretch skull.png","33.7","Reusable resource component for materials, textures, shaders, data, prefabs, or new VFX assemblies."
"Cartoon FX Remaster","CFXR Assets / Graphics","Texture","Texture","","","cfxr stretch skull dissolve","Assets/ThirdParty/JMO Assets/Cartoon FX Remaster/CFXR Assets/Graphics/cfxr stretch skull dissolve.png","62","Reusable resource component for materials, textures, shaders, data, prefabs, or new VFX assemblies."
"Cartoon FX Remaster","CFXR Assets / Graphics","Texture","Texture","Air/Dust/Fog","","cfxr stretch smoke arc","Assets/ThirdParty/JMO Assets/Cartoon FX Remaster/CFXR Assets/Graphics/cfxr stretch smoke arc.png","12.9","Reusable resource component for materials, textures, shaders, data, prefabs, or new VFX assemblies."
"Cartoon FX Remaster","CFXR Assets / Graphics","Texture","Texture","Air/Dust/Fog","","cfxr stretch smoke arc dissolve","Assets/ThirdParty/JMO Assets/Cartoon FX Remaster/CFXR Assets/Graphics/cfxr stretch smoke arc dissolve.png","22.6","Reusable resource component for materials, textures, shaders, data, prefabs, or new VFX assemblies."
"Cartoon FX Remaster","CFXR Assets / Graphics","Texture","Texture","Air/Dust/Fog","","cfxr stretch smoke fume","Assets/ThirdParty/JMO Assets/Cartoon FX Remaster/CFXR Assets/Graphics/cfxr stretch smoke fume.png","23","Reusable resource component for materials, textures, shaders, data, prefabs, or new VFX assemblies."
"Cartoon FX Remaster","CFXR Assets / Graphics","Texture","Texture","","","cfxr stretch spike fade","Assets/ThirdParty/JMO Assets/Cartoon FX Remaster/CFXR Assets/Graphics/cfxr stretch spike fade.png","27","Reusable resource component for materials, textures, shaders, data, prefabs, or new VFX assemblies."
"Cartoon FX Remaster","CFXR Assets / Graphics","Texture","Texture","","","cfxr stretch steam blur distort","Assets/ThirdParty/JMO Assets/Cartoon FX Remaster/CFXR Assets/Graphics/cfxr stretch steam blur distort.png","20.6","Reusable resource component for materials, textures, shaders, data, prefabs, or new VFX assemblies."
"Cartoon FX Remaster","CFXR Assets / Graphics","Texture","Texture","","","cfxr stretch trait","Assets/ThirdParty/JMO Assets/Cartoon FX Remaster/CFXR Assets/Graphics/cfxr stretch trait.png","3.3","Reusable resource component for materials, textures, shaders, data, prefabs, or new VFX assemblies."
"Cartoon FX Remaster","CFXR Assets / Graphics","Texture","Texture","","","cfxr stretch trait blur","Assets/ThirdParty/JMO Assets/Cartoon FX Remaster/CFXR Assets/Graphics/cfxr stretch trait blur.png","8.5","Reusable resource component for materials, textures, shaders, data, prefabs, or new VFX assemblies."
"Cartoon FX Remaster","CFXR Assets / Graphics","Texture","Texture","","","cfxr stretch triangle fade","Assets/ThirdParty/JMO Assets/Cartoon FX Remaster/CFXR Assets/Graphics/cfxr stretch triangle fade.png","7.8","Reusable resource component for materials, textures, shaders, data, prefabs, or new VFX assemblies."
"Cartoon FX Remaster","CFXR Assets / Graphics","Texture","Texture","Slash/Trail","","cfxr sword trail mask light","Assets/ThirdParty/JMO Assets/Cartoon FX Remaster/CFXR Assets/Graphics/cfxr sword trail mask light.png","29.1","Reusable resource component for materials, textures, shaders, data, prefabs, or new VFX assemblies."
"Cartoon FX Remaster","CFXR Assets / Graphics","Texture","Texture","Slash/Trail","","cfxr sword trail mask lines","Assets/ThirdParty/JMO Assets/Cartoon FX Remaster/CFXR Assets/Graphics/cfxr sword trail mask lines.png","188.3","Reusable resource component for materials, textures, shaders, data, prefabs, or new VFX assemblies."
"Cartoon FX Remaster","CFXR Assets / Graphics","Texture","Texture","Slash/Trail","","cfxr sword trail mask plain","Assets/ThirdParty/JMO Assets/Cartoon FX Remaster/CFXR Assets/Graphics/cfxr sword trail mask plain.png","23","Reusable resource component for materials, textures, shaders, data, prefabs, or new VFX assemblies."
"Cartoon FX Remaster","CFXR Assets / Graphics","Texture","Texture","Slash/Trail; Liquid/Blood","","cfxr sword trail noise bubbles","Assets/ThirdParty/JMO Assets/Cartoon FX Remaster/CFXR Assets/Graphics/cfxr sword trail noise bubbles.png","388.2","Reusable resource component for materials, textures, shaders, data, prefabs, or new VFX assemblies."
"Cartoon FX Remaster","CFXR Assets / Graphics","Texture","Texture","Slash/Trail; Ice/Crystal","","cfxr sword trail noise ice","Assets/ThirdParty/JMO Assets/Cartoon FX Remaster/CFXR Assets/Graphics/cfxr sword trail noise ice.png","51.3","Reusable resource component for materials, textures, shaders, data, prefabs, or new VFX assemblies."
"Cartoon FX Remaster","CFXR Assets / Graphics","Texture","Texture","Slash/Trail","","cfxr sword trail noise tech","Assets/ThirdParty/JMO Assets/Cartoon FX Remaster/CFXR Assets/Graphics/cfxr sword trail noise tech.png","29.2","Reusable resource component for materials, textures, shaders, data, prefabs, or new VFX assemblies."
"Cartoon FX Remaster","CFXR Assets / Graphics","Texture","Texture","Fire","","cfxr uv distortion fire perlin","Assets/ThirdParty/JMO Assets/Cartoon FX Remaster/CFXR Assets/Graphics/cfxr uv distortion fire perlin.png","52.4","Reusable resource component for materials, textures, shaders, data, prefabs, or new VFX assemblies."
"Cartoon FX Remaster","CFXR Assets / Graphics","Texture","Texture","Fire","","cfxr uv distortion fire smudge","Assets/ThirdParty/JMO Assets/Cartoon FX Remaster/CFXR Assets/Graphics/cfxr uv distortion fire smudge.png","51.8","Reusable resource component for materials, textures, shaders, data, prefabs, or new VFX assemblies."
"Cartoon FX Remaster","CFXR Assets / Graphics","Texture","Texture","Liquid/Blood","","cfxr water drop blur anim","Assets/ThirdParty/JMO Assets/Cartoon FX Remaster/CFXR Assets/Graphics/cfxr water drop blur anim.png","59.5","Reusable resource component for materials, textures, shaders, data, prefabs, or new VFX assemblies."
"Cartoon FX Remaster","CFXR Assets / Graphics","Texture","Texture","Liquid/Blood","","cfxr water foam","Assets/ThirdParty/JMO Assets/Cartoon FX Remaster/CFXR Assets/Graphics/cfxr water foam.png","14.2","Reusable resource component for materials, textures, shaders, data, prefabs, or new VFX assemblies."
"Cartoon FX Remaster","CFXR Assets / Graphics","Texture","Texture","Splash; Liquid/Blood","","cfxr water small splash hollow stretch","Assets/ThirdParty/JMO Assets/Cartoon FX Remaster/CFXR Assets/Graphics/cfxr water small splash hollow stretch.png","44.3","Reusable resource component for materials, textures, shaders, data, prefabs, or new VFX assemblies."
"Cartoon FX Remaster","CFXR Assets / Graphics","Texture","Texture","Splash; Liquid/Blood","","cfxr water small splash stretch","Assets/ThirdParty/JMO Assets/Cartoon FX Remaster/CFXR Assets/Graphics/cfxr water small splash stretch.png","17.4","Reusable resource component for materials, textures, shaders, data, prefabs, or new VFX assemblies."
"Cartoon FX Remaster","CFXR Assets / Graphics","Texture","Texture","Air/Dust/Fog","","cfxr ww smoke bright","Assets/ThirdParty/JMO Assets/Cartoon FX Remaster/CFXR Assets/Graphics/cfxr ww smoke bright.png","13.1","Reusable resource component for materials, textures, shaders, data, prefabs, or new VFX assemblies."
"Cartoon FX Remaster","CFXR Assets / Graphics","Texture","Texture","Air/Dust/Fog","","cfxr ww smoke first color","Assets/ThirdParty/JMO Assets/Cartoon FX Remaster/CFXR Assets/Graphics/cfxr ww smoke first color.png","10.5","Reusable resource component for materials, textures, shaders, data, prefabs, or new VFX assemblies."
"Cartoon FX Remaster","CFXR Assets / Graphics","Texture","Texture","Air/Dust/Fog; Magic/Energy","","cfxr ww smoke glow","Assets/ThirdParty/JMO Assets/Cartoon FX Remaster/CFXR Assets/Graphics/cfxr ww smoke glow.png","69.3","Reusable resource component for materials, textures, shaders, data, prefabs, or new VFX assemblies."
"Cartoon FX Remaster","CFXR Assets / Graphics","Texture","Texture","Air/Dust/Fog","","cfxr ww smoke second color","Assets/ThirdParty/JMO Assets/Cartoon FX Remaster/CFXR Assets/Graphics/cfxr ww smoke second color.png","12","Reusable resource component for materials, textures, shaders, data, prefabs, or new VFX assemblies."
"Cartoon FX Remaster","CFXR Assets / Graphics","Unity Asset","Elemental Splash / Burst","Splash; Liquid/Blood","","cfxr blood splash mesh","Assets/ThirdParty/JMO Assets/Cartoon FX Remaster/CFXR Assets/Graphics/cfxr blood splash mesh.asset","8.1","Use for spell bursts and ground impacts; air variants attach to targets, floor variants sit on ground."
"Cartoon FX Remaster","CFXR Assets / Graphics","Unity Asset","Projectile / Shoot Chain","Projectile","","cfxr card diamond mesh","Assets/ThirdParty/JMO Assets/Cartoon FX Remaster/CFXR Assets/Graphics/cfxr card diamond mesh.asset","3.6","Complete shoot chain or reusable part; split into muzzle/projectile/hit stages."
"Cartoon FX Remaster","CFXR Assets / Graphics","Unity Asset","Elemental / Status FX","Electric","","cfxr electric small anim2 7x2 mesh","Assets/ThirdParty/JMO Assets/Cartoon FX Remaster/CFXR Assets/Graphics/cfxr electric small anim2 7x2 mesh.asset","4.1","Reusable resource component for materials, textures, shaders, data, prefabs, or new VFX assemblies."
"Cartoon FX Remaster","CFXR Assets / Graphics","Unity Asset","Magic / Energy","Magic/Energy","","cfxr magic star mesh","Assets/ThirdParty/JMO Assets/Cartoon FX Remaster/CFXR Assets/Graphics/cfxr magic star mesh.asset","5","Charging, magic circles, pickup shine, or status loops; loop effects need lifetime control."
"Cartoon FX Remaster","CFXR Assets / Graphics","Unity Asset","Utility/Resource","","","cfxr puddle mesh","Assets/ThirdParty/JMO Assets/Cartoon FX Remaster/CFXR Assets/Graphics/cfxr puddle mesh.asset","5.5","Reusable resource component for materials, textures, shaders, data, prefabs, or new VFX assemblies."
"Cartoon FX Remaster","CFXR Assets / Graphics","Unity Asset","Hit / Impact","Hit/Impact","","cfxr spikes impact mesh","Assets/ThirdParty/JMO Assets/Cartoon FX Remaster/CFXR Assets/Graphics/cfxr spikes impact mesh.asset","11","General hit feedback; recolor or swap material for different damage elements."
"Cartoon FX Remaster","CFXR Assets / Graphics","Unity Asset","Utility/Resource","","","cfxr star mesh","Assets/ThirdParty/JMO Assets/Cartoon FX Remaster/CFXR Assets/Graphics/cfxr star mesh.asset","5.8","Reusable resource component for materials, textures, shaders, data, prefabs, or new VFX assemblies."
"Cartoon FX Remaster","CFXR Assets / Graphics","Unity Asset","Utility/Resource","","","cfxr stretch sipkes x2 mesh","Assets/ThirdParty/JMO Assets/Cartoon FX Remaster/CFXR Assets/Graphics/cfxr stretch sipkes x2 mesh.asset","9.1","Reusable resource component for materials, textures, shaders, data, prefabs, or new VFX assemblies."
"Cartoon FX Remaster","CFXR Assets / Meshes","Unity Asset","Utility/Resource","","","cfxr ring mesh","Assets/ThirdParty/JMO Assets/Cartoon FX Remaster/CFXR Assets/Meshes/cfxr ring mesh.asset","4.6","Reusable resource component for materials, textures, shaders, data, prefabs, or new VFX assemblies."
"Cartoon FX Remaster","CFXR Assets / Meshes","Unity Asset","Utility/Resource","","","cfxr ring mesh half","Assets/ThirdParty/JMO Assets/Cartoon FX Remaster/CFXR Assets/Meshes/cfxr ring mesh half.asset","3.9","Reusable resource component for materials, textures, shaders, data, prefabs, or new VFX assemblies."
"Cartoon FX Remaster","CFXR Assets / Meshes","Unity Asset","Utility/Resource","","","cfxr ring mesh local space","Assets/ThirdParty/JMO Assets/Cartoon FX Remaster/CFXR Assets/Meshes/cfxr ring mesh local space.asset","5.3","Reusable resource component for materials, textures, shaders, data, prefabs, or new VFX assemblies."
"Cartoon FX Remaster","CFXR Assets / Meshes","Unity Asset","Utility/Resource","","","cfxr ring mesh local space smoother","Assets/ThirdParty/JMO Assets/Cartoon FX Remaster/CFXR Assets/Meshes/cfxr ring mesh local space smoother.asset","7.4","Reusable resource component for materials, textures, shaders, data, prefabs, or new VFX assemblies."
"Cartoon FX Remaster","CFXR Assets / Misc","Material","Material","","","cfxr particle font","Assets/ThirdParty/JMO Assets/Cartoon FX Remaster/CFXR Assets/Misc/cfxr particle font.mat","3.9","Reusable resource component for materials, textures, shaders, data, prefabs, or new VFX assemblies."
"Cartoon FX Remaster","CFXR Assets / Misc","Texture","Texture","","","cfxr font AmazGoDaBold","Assets/ThirdParty/JMO Assets/Cartoon FX Remaster/CFXR Assets/Misc/cfxr font AmazGoDaBold.png","126.2","Reusable resource component for materials, textures, shaders, data, prefabs, or new VFX assemblies."
"Cartoon FX Remaster","CFXR Assets / Misc","Texture","Texture","","","cfxr font WashYourHand","Assets/ThirdParty/JMO Assets/Cartoon FX Remaster/CFXR Assets/Misc/cfxr font WashYourHand.png","105.4","Reusable resource component for materials, textures, shaders, data, prefabs, or new VFX assemblies."
"Cartoon FX Remaster","CFXR Assets / Misc","Unity Asset","Utility/Resource","","","cfxr ParticleFont AmazGoDaBold","Assets/ThirdParty/JMO Assets/Cartoon FX Remaster/CFXR Assets/Misc/cfxr ParticleFont AmazGoDaBold.asset","7.7","Reusable resource component for materials, textures, shaders, data, prefabs, or new VFX assemblies."
"Cartoon FX Remaster","CFXR Assets / Misc","Unity Asset","Utility/Resource","","","cfxr ParticleFont WashYourHand","Assets/ThirdParty/JMO Assets/Cartoon FX Remaster/CFXR Assets/Misc/cfxr ParticleFont WashYourHand.asset","7.7","Reusable resource component for materials, textures, shaders, data, prefabs, or new VFX assemblies."
"Cartoon FX Remaster","CFXR Prefabs / Eerie","Prefab","Utility/Resource","","","CFXR2 Skull Head Alt","Assets/ThirdParty/JMO Assets/Cartoon FX Remaster/CFXR Prefabs/Eerie/CFXR2 Skull Head Alt.prefab","110.6","Reusable resource component for materials, textures, shaders, data, prefabs, or new VFX assemblies."
"Cartoon FX Remaster","CFXR Prefabs / Eerie","Prefab","Utility/Resource","","","CFXR2 Souls Escape","Assets/ThirdParty/JMO Assets/Cartoon FX Remaster/CFXR Prefabs/Eerie/CFXR2 Souls Escape.prefab","339.8","Reusable resource component for materials, textures, shaders, data, prefabs, or new VFX assemblies."
"Cartoon FX Remaster","CFXR Prefabs / Eerie","Prefab","Explosion / Burst","Explosion","","CFXR2 WW Enemy Explosion","Assets/ThirdParty/JMO Assets/Cartoon FX Remaster/CFXR Prefabs/Eerie/CFXR2 WW Enemy Explosion.prefab","811.7","Explosion or finisher beat; tune scale, camera shake, and audio timing together."
"Cartoon FX Remaster","CFXR Prefabs / Electric","Prefab","Elemental / Status FX","Electric","","CFXR Electrified 3","Assets/ThirdParty/JMO Assets/Cartoon FX Remaster/CFXR Prefabs/Electric/CFXR Electrified 3.prefab","349.9","Reusable resource component for materials, textures, shaders, data, prefabs, or new VFX assemblies."
"Cartoon FX Remaster","CFXR Prefabs / Electric","Prefab","Elemental / Status FX","Electric; Weather","","CFXR2 Sparks Rain","Assets/ThirdParty/JMO Assets/Cartoon FX Remaster/CFXR Prefabs/Electric/CFXR2 Sparks Rain.prefab","112.3","Reusable resource component for materials, textures, shaders, data, prefabs, or new VFX assemblies."
"Cartoon FX Remaster","CFXR Prefabs / Electric","Prefab","Hit / Impact","Hit/Impact; Electric","Air/Attach","CFXR3 Hit Electric C (Air)","Assets/ThirdParty/JMO Assets/Cartoon FX Remaster/CFXR Prefabs/Electric/CFXR3 Hit Electric C (Air).prefab","586.9","General hit feedback; recolor or swap material for different damage elements."
"Cartoon FX Remaster","CFXR Prefabs / Explosions","Prefab","Explosion / Burst","Explosion","","CFXR Explosion 1","Assets/ThirdParty/JMO Assets/Cartoon FX Remaster/CFXR Prefabs/Explosions/CFXR Explosion 1.prefab","682.5","Explosion or finisher beat; tune scale, camera shake, and audio timing together."
"Cartoon FX Remaster","CFXR Prefabs / Explosions","Prefab","Explosion / Burst","Explosion; Air/Dust/Fog","","CFXR Explosion Smoke 2 Solo (HDR)","Assets/ThirdParty/JMO Assets/Cartoon FX Remaster/CFXR Prefabs/Explosions/CFXR Explosion Smoke 2 Solo (HDR).prefab","456.9","Explosion or finisher beat; tune scale, camera shake, and audio timing together."
"Cartoon FX Remaster","CFXR Prefabs / Explosions","Prefab","Explosion / Burst","Explosion","","CFXR2 WW Explosion","Assets/ThirdParty/JMO Assets/Cartoon FX Remaster/CFXR Prefabs/Explosions/CFXR2 WW Explosion.prefab","927","Explosion or finisher beat; tune scale, camera shake, and audio timing together."
"Cartoon FX Remaster","CFXR Prefabs / Explosions","Prefab","Explosion / Burst","Explosion; Fire","","CFXR3 Fire Explosion B","Assets/ThirdParty/JMO Assets/Cartoon FX Remaster/CFXR Prefabs/Explosions/CFXR3 Fire Explosion B.prefab","576.8","Explosion or finisher beat; tune scale, camera shake, and audio timing together."
"Cartoon FX Remaster","CFXR Prefabs / Explosions","Prefab","Explosion / Burst","Explosion; Fire","","CFXR4 Firework 1 Cyan-Purple (HDR)","Assets/ThirdParty/JMO Assets/Cartoon FX Remaster/CFXR Prefabs/Explosions/CFXR4 Firework 1 Cyan-Purple (HDR).prefab","116.1","Explosion or finisher beat; tune scale, camera shake, and audio timing together."
"Cartoon FX Remaster","CFXR Prefabs / Explosions","Prefab","Projectile / Shoot Chain","Projectile; Explosion; Fire","","CFXR4 Firework HDR Shoot Single (Random Color)","Assets/ThirdParty/JMO Assets/Cartoon FX Remaster/CFXR Prefabs/Explosions/CFXR4 Firework HDR Shoot Single (Random Color).prefab","231.5","Complete shoot chain or reusable part; split into muzzle/projectile/hit stages."
"Cartoon FX Remaster","CFXR Prefabs / Fire","Prefab","Elemental / Status FX","Fire","","CFXR Fire","Assets/ThirdParty/JMO Assets/Cartoon FX Remaster/CFXR Prefabs/Fire/CFXR Fire.prefab","342.8","Reusable resource component for materials, textures, shaders, data, prefabs, or new VFX assemblies."
"Cartoon FX Remaster","CFXR Prefabs / Fire","Prefab","Elemental / Status FX","Fire","","CFXR Fire Breath","Assets/ThirdParty/JMO Assets/Cartoon FX Remaster/CFXR Prefabs/Fire/CFXR Fire Breath.prefab","335.2","Reusable resource component for materials, textures, shaders, data, prefabs, or new VFX assemblies."
"Cartoon FX Remaster","CFXR Prefabs / Fire","Prefab","Elemental / Status FX","Fire","","CFXR2 Firewall A","Assets/ThirdParty/JMO Assets/Cartoon FX Remaster/CFXR Prefabs/Fire/CFXR2 Firewall A.prefab","233","Reusable resource component for materials, textures, shaders, data, prefabs, or new VFX assemblies."
"Cartoon FX Remaster","CFXR Prefabs / Fire","Prefab","Hit / Impact","Hit/Impact; Fire","Air/Attach","CFXR3 Hit Fire B (Air)","Assets/ThirdParty/JMO Assets/Cartoon FX Remaster/CFXR Prefabs/Fire/CFXR3 Hit Fire B (Air).prefab","236.6","General hit feedback; recolor or swap material for different damage elements."
"Cartoon FX Remaster","CFXR Prefabs / Fire","Prefab","Elemental / Status FX","Fire","","CFXR4 Sun","Assets/ThirdParty/JMO Assets/Cartoon FX Remaster/CFXR Prefabs/Fire/CFXR4 Sun.prefab","233.7","Reusable resource component for materials, textures, shaders, data, prefabs, or new VFX assemblies."
"Cartoon FX Remaster","CFXR Prefabs / Ice","Prefab","Hit / Impact","Hit/Impact; Ice/Crystal","Air/Attach","CFXR3 Hit Ice B (Air)","Assets/ThirdParty/JMO Assets/Cartoon FX Remaster/CFXR Prefabs/Ice/CFXR3 Hit Ice B (Air).prefab","577.6","General hit feedback; recolor or swap material for different damage elements."
"Cartoon FX Remaster","CFXR Prefabs / Impacts","Prefab","Hit / Impact","Hit/Impact","","CFXR Hit A (Red)","Assets/ThirdParty/JMO Assets/Cartoon FX Remaster/CFXR Prefabs/Impacts/CFXR Hit A (Red).prefab","679","General hit feedback; recolor or swap material for different damage elements."
"Cartoon FX Remaster","CFXR Prefabs / Impacts","Prefab","Hit / Impact","Hit/Impact","","CFXR Hit D 3D (Yellow)","Assets/ThirdParty/JMO Assets/Cartoon FX Remaster/CFXR Prefabs/Impacts/CFXR Hit D 3D (Yellow).prefab","344.3","General hit feedback; recolor or swap material for different damage elements."
"Cartoon FX Remaster","CFXR Prefabs / Impacts","Prefab","Hit / Impact","Hit/Impact; Magic/Energy","","CFXR Impact Glowing HDR (Blue)","Assets/ThirdParty/JMO Assets/Cartoon FX Remaster/CFXR Prefabs/Impacts/CFXR Impact Glowing HDR (Blue).prefab","464.2","General hit feedback; recolor or swap material for different damage elements."
"Cartoon FX Remaster","CFXR Prefabs / Impacts","Prefab","Hit / Impact","Hit/Impact","Ground/Area","CFXR2 Ground Hit","Assets/ThirdParty/JMO Assets/Cartoon FX Remaster/CFXR Prefabs/Impacts/CFXR2 Ground Hit.prefab","222.4","General hit feedback; recolor or swap material for different damage elements."
"Cartoon FX Remaster","CFXR Prefabs / Light","Prefab","Hit / Impact","Hit/Impact","Air/Attach","CFXR3 Hit Light B (Air)","Assets/ThirdParty/JMO Assets/Cartoon FX Remaster/CFXR Prefabs/Light/CFXR3 Hit Light B (Air).prefab","470.2","General hit feedback; recolor or swap material for different damage elements."
"Cartoon FX Remaster","CFXR Prefabs / Light","Prefab","Magic / Energy","Magic/Energy","Loop/Ambient","CFXR3 LightGlow A (Loop)","Assets/ThirdParty/JMO Assets/Cartoon FX Remaster/CFXR Prefabs/Light/CFXR3 LightGlow A (Loop).prefab","347.5","Charging, magic circles, pickup shine, or status loops; loop effects need lifetime control."
"Cartoon FX Remaster","CFXR Prefabs / Liquids","Prefab","Elemental / Status FX","Liquid/Blood","","CFXR Water Ripples","Assets/ThirdParty/JMO Assets/Cartoon FX Remaster/CFXR Prefabs/Liquids/CFXR Water Ripples.prefab","113.9","Reusable resource component for materials, textures, shaders, data, prefabs, or new VFX assemblies."
"Cartoon FX Remaster","CFXR Prefabs / Liquids","Prefab","Elemental Splash / Burst","Splash; Liquid/Blood","","CFXR Water Splash (Smaller)","Assets/ThirdParty/JMO Assets/Cartoon FX Remaster/CFXR Prefabs/Liquids/CFXR Water Splash (Smaller).prefab","787.9","Use for spell bursts and ground impacts; air variants attach to targets, floor variants sit on ground."
"Cartoon FX Remaster","CFXR Prefabs / Liquids","Prefab","Elemental / Status FX","Liquid/Blood","","CFXR2 Blood (Directional)","Assets/ThirdParty/JMO Assets/Cartoon FX Remaster/CFXR Prefabs/Liquids/CFXR2 Blood (Directional).prefab","226","Reusable resource component for materials, textures, shaders, data, prefabs, or new VFX assemblies."
"Cartoon FX Remaster","CFXR Prefabs / Liquids","Prefab","Elemental Splash / Burst","Splash; Liquid/Blood","","CFXR2 Blood Shape Splash","Assets/ThirdParty/JMO Assets/Cartoon FX Remaster/CFXR Prefabs/Liquids/CFXR2 Blood Shape Splash.prefab","334.3","Use for spell bursts and ground impacts; air variants attach to targets, floor variants sit on ground."
"Cartoon FX Remaster","CFXR Prefabs / Liquids","Prefab","Elemental / Status FX","Liquid/Blood","Loop/Ambient","CFXR4 Bubbles Breath Underwater Loop","Assets/ThirdParty/JMO Assets/Cartoon FX Remaster/CFXR Prefabs/Liquids/CFXR4 Bubbles Breath Underwater Loop.prefab","223.7","Reusable resource component for materials, textures, shaders, data, prefabs, or new VFX assemblies."
"Cartoon FX Remaster","CFXR Prefabs / Magic Misc","Prefab","Magic / Energy","Magic/Energy","Loop/Ambient","CFXR3 Magic Aura A (Runic)","Assets/ThirdParty/JMO Assets/Cartoon FX Remaster/CFXR Prefabs/Magic Misc/CFXR3 Magic Aura A (Runic).prefab","464.2","Charging, magic circles, pickup shine, or status loops; loop effects need lifetime control."
"Cartoon FX Remaster","CFXR Prefabs / Magic Misc","Prefab","Magic / Energy","Liquid/Blood; Magic/Energy","","CFXR4 Bouncing Glows Bubble (Blue Purple)","Assets/ThirdParty/JMO Assets/Cartoon FX Remaster/CFXR Prefabs/Magic Misc/CFXR4 Bouncing Glows Bubble (Blue Purple).prefab","232.7","Charging, magic circles, pickup shine, or status loops; loop effects need lifetime control."
"Cartoon FX Remaster","CFXR Prefabs / Magic Misc","Prefab","Magic / Energy","Magic/Energy","","CFXR4 Falling Stars","Assets/ThirdParty/JMO Assets/Cartoon FX Remaster/CFXR Prefabs/Magic Misc/CFXR4 Falling Stars.prefab","229","Charging, magic circles, pickup shine, or status loops; loop effects need lifetime control."
"Cartoon FX Remaster","CFXR Prefabs / Misc","Prefab","Utility/Resource","","","CFXR Flash","Assets/ThirdParty/JMO Assets/Cartoon FX Remaster/CFXR Prefabs/Misc/CFXR Flash.prefab","566.4","Reusable resource component for materials, textures, shaders, data, prefabs, or new VFX assemblies."
"Cartoon FX Remaster","CFXR Prefabs / Misc","Prefab","Magic / Energy","Magic/Energy","","CFXR Magic Poof","Assets/ThirdParty/JMO Assets/Cartoon FX Remaster/CFXR Prefabs/Misc/CFXR Magic Poof.prefab","327.8","Charging, magic circles, pickup shine, or status loops; loop effects need lifetime control."
"Cartoon FX Remaster","CFXR Prefabs / Misc","Prefab","Elemental / Status FX","Air/Dust/Fog","","CFXR Smoke Source 3D","Assets/ThirdParty/JMO Assets/Cartoon FX Remaster/CFXR Prefabs/Misc/CFXR Smoke Source 3D.prefab","108","Reusable resource component for materials, textures, shaders, data, prefabs, or new VFX assemblies."
"Cartoon FX Remaster","CFXR Prefabs / Misc","Prefab","Utility/Resource","","","CFXR2 Broken Heart","Assets/ThirdParty/JMO Assets/Cartoon FX Remaster/CFXR Prefabs/Misc/CFXR2 Broken Heart.prefab","767.3","Reusable resource component for materials, textures, shaders, data, prefabs, or new VFX assemblies."
"Cartoon FX Remaster","CFXR Prefabs / Misc","Prefab","Utility/Resource","","Loop/Ambient","CFXR2 Cartoon Fight (Loop)","Assets/ThirdParty/JMO Assets/Cartoon FX Remaster/CFXR Prefabs/Misc/CFXR2 Cartoon Fight (Loop).prefab","430.8","Reusable resource component for materials, textures, shaders, data, prefabs, or new VFX assemblies."
"Cartoon FX Remaster","CFXR Prefabs / Misc","Prefab","Elemental / Status FX","Poison/Gas; Air/Dust/Fog","","CFXR2 Poison Cloud","Assets/ThirdParty/JMO Assets/Cartoon FX Remaster/CFXR Prefabs/Misc/CFXR2 Poison Cloud.prefab","215.1","Reusable resource component for materials, textures, shaders, data, prefabs, or new VFX assemblies."
"Cartoon FX Remaster","CFXR Prefabs / Misc","Prefab","Utility/Resource","","Loop/Ambient","CFXR2 Shiny Item (Loop)","Assets/ThirdParty/JMO Assets/Cartoon FX Remaster/CFXR Prefabs/Misc/CFXR2 Shiny Item (Loop).prefab","348.3","Reusable resource component for materials, textures, shaders, data, prefabs, or new VFX assemblies."
"Cartoon FX Remaster","CFXR Prefabs / Misc","Prefab","Magic / Energy","Magic/Energy","Loop/Ambient","CFXR3 Ambient Glows","Assets/ThirdParty/JMO Assets/Cartoon FX Remaster/CFXR Prefabs/Misc/CFXR3 Ambient Glows.prefab","110.6","Charging, magic circles, pickup shine, or status loops; loop effects need lifetime control."
"Cartoon FX Remaster","CFXR Prefabs / Misc","Prefab","Hit / Impact","Hit/Impact","","CFXR3 Hit Misc A","Assets/ThirdParty/JMO Assets/Cartoon FX Remaster/CFXR Prefabs/Misc/CFXR3 Hit Misc A.prefab","236.9","General hit feedback; recolor or swap material for different damage elements."
"Cartoon FX Remaster","CFXR Prefabs / Misc","Prefab","Hit / Impact","Hit/Impact; Air/Dust/Fog","","CFXR3 Hit Misc F Smoke","Assets/ThirdParty/JMO Assets/Cartoon FX Remaster/CFXR Prefabs/Misc/CFXR3 Hit Misc F Smoke.prefab","225.7","General hit feedback; recolor or swap material for different damage elements."
"Cartoon FX Remaster","CFXR Prefabs / Nature","Prefab","Hit / Impact","Hit/Impact; Nature","","CFXR3 Hit Leaves A (Lit)","Assets/ThirdParty/JMO Assets/Cartoon FX Remaster/CFXR Prefabs/Nature/CFXR3 Hit Leaves A (Lit).prefab","451.7","General hit feedback; recolor or swap material for different damage elements."
"Cartoon FX Remaster","CFXR Prefabs / Nature","Prefab","Shield / Defensive FX","Nature; Shield","","CFXR3 Shield Leaves A (Lit)","Assets/ThirdParty/JMO Assets/Cartoon FX Remaster/CFXR Prefabs/Nature/CFXR3 Shield Leaves A (Lit).prefab","223.4","Shield/defense feedback; combine with hit sparks, absorption rings, and telegraph indicators."
"Cartoon FX Remaster","CFXR Prefabs / Nature","Prefab","Elemental / Status FX","Nature; Weather","","CFXR4 Rain Falling","Assets/ThirdParty/JMO Assets/Cartoon FX Remaster/CFXR Prefabs/Nature/CFXR4 Rain Falling.prefab","114.1","Reusable resource component for materials, textures, shaders, data, prefabs, or new VFX assemblies."
"Cartoon FX Remaster","CFXR Prefabs / Nature","Prefab","Elemental Splash / Burst","Splash; Nature; Weather","","CFXR4 Rain Splashes","Assets/ThirdParty/JMO Assets/Cartoon FX Remaster/CFXR Prefabs/Nature/CFXR4 Rain Splashes.prefab","228.1","Use for spell bursts and ground impacts; air variants attach to targets, floor variants sit on ground."
"Cartoon FX Remaster","CFXR Prefabs / Nature","Prefab","Melee Slash / Weapon Trail","Slash/Trail; Air/Dust/Fog; Nature","","CFXR4 Wind Trails","Assets/ThirdParty/JMO Assets/Cartoon FX Remaster/CFXR Prefabs/Nature/CFXR4 Wind Trails.prefab","120.5","Use for melee swings, sword arcs, and weapon trails; layer with hit sparks and speed lines."
"Cartoon FX Remaster","CFXR Prefabs / Sword Trails","Prefab","Melee Slash / Weapon Trail","Hit/Impact; Slash/Trail; Fire","","CFXR4 Sword Hit FIRE (Cross)","Assets/ThirdParty/JMO Assets/Cartoon FX Remaster/CFXR Prefabs/Sword Trails/Fire/CFXR4 Sword Hit FIRE (Cross).prefab","140.9","Use for melee swings, sword arcs, and weapon trails; layer with hit sparks and speed lines."
"Cartoon FX Remaster","CFXR Prefabs / Sword Trails","Prefab","Melee Slash / Weapon Trail","Hit/Impact; Slash/Trail; Ice/Crystal","","CFXR4 Sword Hit ICE (Cross)","Assets/ThirdParty/JMO Assets/Cartoon FX Remaster/CFXR Prefabs/Sword Trails/Ice/CFXR4 Sword Hit ICE (Cross).prefab","145.4","Use for melee swings, sword arcs, and weapon trails; layer with hit sparks and speed lines."
"Cartoon FX Remaster","CFXR Prefabs / Sword Trails","Prefab","Melee Slash / Weapon Trail","Hit/Impact; Slash/Trail","","CFXR4 Sword Hit PLAIN (Cross)","Assets/ThirdParty/JMO Assets/Cartoon FX Remaster/CFXR Prefabs/Sword Trails/Plain/CFXR4 Sword Hit PLAIN (Cross).prefab","329.8","Use for melee swings, sword arcs, and weapon trails; layer with hit sparks and speed lines."
"Cartoon FX Remaster","CFXR Prefabs / Sword Trails","Prefab","Melee Slash / Weapon Trail","Slash/Trail; Fire","","CFXR4 Sword Trail FIRE (360 Spiral)","Assets/ThirdParty/JMO Assets/Cartoon FX Remaster/CFXR Prefabs/Sword Trails/Fire/CFXR4 Sword Trail FIRE (360 Spiral).prefab","238.2","Use for melee swings, sword arcs, and weapon trails; layer with hit sparks and speed lines."
"Cartoon FX Remaster","CFXR Prefabs / Sword Trails","Prefab","Melee Slash / Weapon Trail","Slash/Trail; Fire","","CFXR4 Sword Trail FIRE (360 Thin Spiral)","Assets/ThirdParty/JMO Assets/Cartoon FX Remaster/CFXR Prefabs/Sword Trails/Fire/CFXR4 Sword Trail FIRE (360 Thin Spiral).prefab","3.9","Use for melee swings, sword arcs, and weapon trails; layer with hit sparks and speed lines."
"Cartoon FX Remaster","CFXR Prefabs / Sword Trails","Prefab","Melee Slash / Weapon Trail","Slash/Trail; Ice/Crystal","","CFXR4 Sword Trail ICE (360 Spiral)","Assets/ThirdParty/JMO Assets/Cartoon FX Remaster/CFXR Prefabs/Sword Trails/Ice/CFXR4 Sword Trail ICE (360 Spiral).prefab","242","Use for melee swings, sword arcs, and weapon trails; layer with hit sparks and speed lines."
"Cartoon FX Remaster","CFXR Prefabs / Sword Trails","Prefab","Melee Slash / Weapon Trail","Slash/Trail; Ice/Crystal","","CFXR4 Sword Trail ICE (360 Thin Spiral)","Assets/ThirdParty/JMO Assets/Cartoon FX Remaster/CFXR Prefabs/Sword Trails/Ice/CFXR4 Sword Trail ICE (360 Thin Spiral).prefab","4.3","Use for melee swings, sword arcs, and weapon trails; layer with hit sparks and speed lines."
"Cartoon FX Remaster","CFXR Prefabs / Sword Trails","Prefab","Melee Slash / Weapon Trail","Slash/Trail","","CFXR4 Sword Trail PLAIN (360 Spiral)","Assets/ThirdParty/JMO Assets/Cartoon FX Remaster/CFXR Prefabs/Sword Trails/Plain/CFXR4 Sword Trail PLAIN (360 Spiral).prefab","109.7","Use for melee swings, sword arcs, and weapon trails; layer with hit sparks and speed lines."
"Cartoon FX Remaster","CFXR Prefabs / Sword Trails","Prefab","Melee Slash / Weapon Trail","Slash/Trail","","CFXR4 Sword Trail PLAIN (360 Thin Spiral)","Assets/ThirdParty/JMO Assets/Cartoon FX Remaster/CFXR Prefabs/Sword Trails/Plain/CFXR4 Sword Trail PLAIN (360 Thin Spiral).prefab","2.8","Use for melee swings, sword arcs, and weapon trails; layer with hit sparks and speed lines."
"Cartoon FX Remaster","CFXR Prefabs / Texts","Prefab","Elemental / Status FX","Comic Text","","CFXR _BOING_","Assets/ThirdParty/JMO Assets/Cartoon FX Remaster/CFXR Prefabs/Texts/CFXR _BOING_.prefab","685.7","Reusable resource component for materials, textures, shaders, data, prefabs, or new VFX assemblies."
"Cartoon FX Remaster","CFXR Prefabs / Texts","Prefab","Explosion / Burst","Explosion; Comic Text","","CFXR _BOOM_","Assets/ThirdParty/JMO Assets/Cartoon FX Remaster/CFXR Prefabs/Texts/CFXR _BOOM_.prefab","686.4","Explosion or finisher beat; tune scale, camera shake, and audio timing together."
"Cartoon FX Remaster","CFXR Prefabs / Texts","Prefab","Hit / Impact","Hit/Impact; Comic Text","","CFXR _POW_","Assets/ThirdParty/JMO Assets/Cartoon FX Remaster/CFXR Prefabs/Texts/CFXR _POW_.prefab","457.7","General hit feedback; recolor or swap material for different damage elements."
"Cartoon FX Remaster","CFXR Prefabs / Texts","Prefab","Melee Slash / Weapon Trail","Slash/Trail; Comic Text","","CFXR _SLASH_","Assets/ThirdParty/JMO Assets/Cartoon FX Remaster/CFXR Prefabs/Texts/CFXR _SLASH_.prefab","800","Use for melee swings, sword arcs, and weapon trails; layer with hit sparks and speed lines."
"Cartoon FX Remaster","CFXR Prefabs / Texts","Prefab","Elemental / Status FX","Comic Text","","CFXR2 _CURSED_","Assets/ThirdParty/JMO Assets/Cartoon FX Remaster/CFXR Prefabs/Texts/CFXR2 _CURSED_.prefab","1024.5","Reusable resource component for materials, textures, shaders, data, prefabs, or new VFX assemblies."
"Cartoon FX Remaster","CFXR Prefabs / Texts","Prefab","Hit / Impact","Hit/Impact; Comic Text","","CFXR2 _WHAM_ 3","Assets/ThirdParty/JMO Assets/Cartoon FX Remaster/CFXR Prefabs/Texts/CFXR2 _WHAM_ 3.prefab","686","General hit feedback; recolor or swap material for different damage elements."
"Cartoon FX Remaster","CFXR Prefabs / Texts","Prefab","Elemental / Status FX","Comic Text","","CFXR3 _WOW_","Assets/ThirdParty/JMO Assets/Cartoon FX Remaster/CFXR Prefabs/Texts/CFXR3 _WOW_.prefab","572","Reusable resource component for materials, textures, shaders, data, prefabs, or new VFX assemblies."
"Cartoon FX Remaster","CFXR Prefabs / Texts","Prefab","Elemental / Status FX","Ice/Crystal; Comic Text","","CFXR4 _FROZEN_","Assets/ThirdParty/JMO Assets/Cartoon FX Remaster/CFXR Prefabs/Texts/CFXR4 _FROZEN_.prefab","812.1","Reusable resource component for materials, textures, shaders, data, prefabs, or new VFX assemblies."
"Cartoon FX Remaster","CFXR Prefabs / Texts","Prefab","Elemental / Status FX","Poison/Gas; Comic Text","","CFXR4 _POISONED_","Assets/ThirdParty/JMO Assets/Cartoon FX Remaster/CFXR Prefabs/Texts/CFXR4 _POISONED_.prefab","1034","Reusable resource component for materials, textures, shaders, data, prefabs, or new VFX assemblies."
"Cartoon FX Remaster","CFXR Prefabs / Texts","Readme/Text","Elemental / Status FX","Comic Text","","_Make your own text effect","Assets/ThirdParty/JMO Assets/Cartoon FX Remaster/CFXR Prefabs/Texts/_Make your own text effect.txt","0.6","Reusable resource component for materials, textures, shaders, data, prefabs, or new VFX assemblies."
"Cartoon FX Remaster","Demo Assets","Material","Material","","Ground/Area","CFXR Demo Ground","Assets/ThirdParty/JMO Assets/Cartoon FX Remaster/Demo Assets/CFXR Demo Ground.mat","2.1","Reusable resource component for materials, textures, shaders, data, prefabs, or new VFX assemblies."
"Cartoon FX Remaster","Demo Assets","Material","Material","","Ground/Area","CFXR Demo Ground URP","Assets/ThirdParty/JMO Assets/Cartoon FX Remaster/Demo Assets/CFXR Demo Ground URP.mat","3.8","Reusable resource component for materials, textures, shaders, data, prefabs, or new VFX assemblies."
"Cartoon FX Remaster","Demo Assets","Readme/Text","Elemental / Status FX","Ice/Crystal","","Kino Bloom License","Assets/ThirdParty/JMO Assets/Cartoon FX Remaster/Demo Assets/Kino Bloom/Kino Bloom License.txt","1.2","Reusable resource component for materials, textures, shaders, data, prefabs, or new VFX assemblies."
"Cartoon FX Remaster","Demo Assets","Shader","Shader","","","Bloom","Assets/ThirdParty/JMO Assets/Cartoon FX Remaster/Demo Assets/Kino Bloom/Shader/Bloom.shader","4.4","Reusable resource component for materials, textures, shaders, data, prefabs, or new VFX assemblies."
"Cartoon FX Remaster","Demo Assets","Texture","Texture","Projectile","","CFXR Demo Btn Arrow","Assets/ThirdParty/JMO Assets/Cartoon FX Remaster/Demo Assets/UI/CFXR Demo Btn Arrow.png","2","Reusable resource component for materials, textures, shaders, data, prefabs, or new VFX assemblies."
"Cartoon FX Remaster","Demo Assets","Texture","Texture","Projectile","","CFXR Demo Btn Arrow R","Assets/ThirdParty/JMO Assets/Cartoon FX Remaster/Demo Assets/UI/CFXR Demo Btn Arrow R.png","2","Reusable resource component for materials, textures, shaders, data, prefabs, or new VFX assemblies."
"Cartoon FX Remaster","Demo Assets","Texture","Texture","","","CFXR Demo Btn Bloom","Assets/ThirdParty/JMO Assets/Cartoon FX Remaster/Demo Assets/UI/CFXR Demo Btn Bloom.png","26.5","Reusable resource component for materials, textures, shaders, data, prefabs, or new VFX assemblies."
"Cartoon FX Remaster","Demo Assets","Texture","Texture","","","CFXR Demo Btn Bloom H","Assets/ThirdParty/JMO Assets/Cartoon FX Remaster/Demo Assets/UI/CFXR Demo Btn Bloom H.png","25.1","Reusable resource component for materials, textures, shaders, data, prefabs, or new VFX assemblies."
"Cartoon FX Remaster","Demo Assets","Texture","Texture","","","CFXR Demo Btn Camera","Assets/ThirdParty/JMO Assets/Cartoon FX Remaster/Demo Assets/UI/CFXR Demo Btn Camera.png","11.9","Reusable resource component for materials, textures, shaders, data, prefabs, or new VFX assemblies."
"Cartoon FX Remaster","Demo Assets","Texture","Texture","","","CFXR Demo Btn Camera H","Assets/ThirdParty/JMO Assets/Cartoon FX Remaster/Demo Assets/UI/CFXR Demo Btn Camera H.png","12.3","Reusable resource component for materials, textures, shaders, data, prefabs, or new VFX assemblies."
"Cartoon FX Remaster","Demo Assets","Texture","Texture","","","CFXR Demo Btn CameraShake","Assets/ThirdParty/JMO Assets/Cartoon FX Remaster/Demo Assets/UI/CFXR Demo Btn CameraShake.png","15.5","Reusable resource component for materials, textures, shaders, data, prefabs, or new VFX assemblies."
"Cartoon FX Remaster","Demo Assets","Texture","Texture","","","CFXR Demo Btn CameraShake H","Assets/ThirdParty/JMO Assets/Cartoon FX Remaster/Demo Assets/UI/CFXR Demo Btn CameraShake H.png","16.8","Reusable resource component for materials, textures, shaders, data, prefabs, or new VFX assemblies."
"Cartoon FX Remaster","Demo Assets","Texture","Texture","","Ground/Area","CFXR Demo Btn Ground","Assets/ThirdParty/JMO Assets/Cartoon FX Remaster/Demo Assets/UI/CFXR Demo Btn Ground.png","10.3","Reusable resource component for materials, textures, shaders, data, prefabs, or new VFX assemblies."
"Cartoon FX Remaster","Demo Assets","Texture","Texture","","Ground/Area","CFXR Demo Btn Ground H","Assets/ThirdParty/JMO Assets/Cartoon FX Remaster/Demo Assets/UI/CFXR Demo Btn Ground H.png","10.6","Reusable resource component for materials, textures, shaders, data, prefabs, or new VFX assemblies."
"Cartoon FX Remaster","Demo Assets","Texture","Texture","","","CFXR Demo Btn Lights","Assets/ThirdParty/JMO Assets/Cartoon FX Remaster/Demo Assets/UI/CFXR Demo Btn Lights.png","11.2","Reusable resource component for materials, textures, shaders, data, prefabs, or new VFX assemblies."
"Cartoon FX Remaster","Demo Assets","Texture","Texture","","","CFXR Demo Btn Lights H","Assets/ThirdParty/JMO Assets/Cartoon FX Remaster/Demo Assets/UI/CFXR Demo Btn Lights H.png","11.6","Reusable resource component for materials, textures, shaders, data, prefabs, or new VFX assemblies."
"Cartoon FX Remaster","Demo Assets","Texture","Texture","","","CFXR Demo Btn SlowMo","Assets/ThirdParty/JMO Assets/Cartoon FX Remaster/Demo Assets/UI/CFXR Demo Btn SlowMo.png","15.5","Reusable resource component for materials, textures, shaders, data, prefabs, or new VFX assemblies."
"Cartoon FX Remaster","Demo Assets","Texture","Texture","","","CFXR Demo Btn SlowMo H","Assets/ThirdParty/JMO Assets/Cartoon FX Remaster/Demo Assets/UI/CFXR Demo Btn SlowMo H.png","16.3","Reusable resource component for materials, textures, shaders, data, prefabs, or new VFX assemblies."
"Cartoon FX Remaster","Demo Assets","Texture","Texture","","Ground/Area","CFXR Demo Ground","Assets/ThirdParty/JMO Assets/Cartoon FX Remaster/Demo Assets/CFXR Demo Ground.png","24.1","Reusable resource component for materials, textures, shaders, data, prefabs, or new VFX assemblies."
"Cartoon FX Remaster","Demo Assets","Texture","Texture","","","CFXRF Demo Logo","Assets/ThirdParty/JMO Assets/Cartoon FX Remaster/Demo Assets/UI/CFXRF Demo Logo.png","16.5","Reusable resource component for materials, textures, shaders, data, prefabs, or new VFX assemblies."
"Cartoon FX Remaster","Demo Assets","Unity Asset","Utility/Resource","","","CFXR Demo Bloom Post Process","Assets/ThirdParty/JMO Assets/Cartoon FX Remaster/Demo Assets/CFXR Demo Bloom Post Process.asset","1.3","Reusable resource component for materials, textures, shaders, data, prefabs, or new VFX assemblies."
"Cartoon FX Remaster","Demo Assets","Unity Asset","Utility/Resource","","","CFXR Demo Tonemapping Post Process","Assets/ThirdParty/JMO Assets/Cartoon FX Remaster/Demo Assets/CFXR Demo Tonemapping Post Process.asset","0.9","Reusable resource component for materials, textures, shaders, data, prefabs, or new VFX assemblies."
"Dodge Speed Lines","Dodge Speed Lines","Shader","Shader","Screen/Post FX","","DodgeSpeedLines","Assets/Rendering/DodgeSpeedLines/DodgeSpeedLines.shader","3.9","Reusable resource component for materials, textures, shaders, data, prefabs, or new VFX assemblies."
"Fish Monster Hit Assets","Fish Monster Hit Assets","Texture","Texture","Hit/Impact; Monster Feedback","","fish_hit","Assets/Prefabs/Monster/FishAssets/Hit/fish_hit.png","1544.5","Reusable resource component for materials, textures, shaders, data, prefabs, or new VFX assemblies."
"Project Custom Effects","Project Custom Effects","Prefab","Melee Slash / Weapon Trail","Slash/Trail; Splash","Ground/Area","FX_splash_sword_new_floor","Assets/Art/Effect/FX_splash_sword_new_floor.prefab","2390.9","Use for melee swings, sword arcs, and weapon trails; layer with hit sparks and speed lines."
"Skill Indicators","Indicator materials","Material","Material","Magic/Energy; Indicator","","M_IND_AllyBuff","Assets/Art/SkillIndicators/Temporary/Materials/M_IND_AllyBuff.mat","2","Reusable resource component for materials, textures, shaders, data, prefabs, or new VFX assemblies."
"Skill Indicators","Indicator materials","Material","Material","Indicator","","M_IND_EnemyDanger","Assets/Art/SkillIndicators/Temporary/Materials/M_IND_EnemyDanger.mat","2","Reusable resource component for materials, textures, shaders, data, prefabs, or new VFX assemblies."
"Skill Indicators","Indicator materials","Material","Material","Indicator","","M_IND_Invalid","Assets/Art/SkillIndicators/Temporary/Materials/M_IND_Invalid.mat","2","Reusable resource component for materials, textures, shaders, data, prefabs, or new VFX assemblies."
"Skill Indicators","Indicator materials","Material","Material","Indicator","","M_IND_OwnerValid","Assets/Art/SkillIndicators/Temporary/Materials/M_IND_OwnerValid.mat","2","Reusable resource component for materials, textures, shaders, data, prefabs, or new VFX assemblies."
"Skill Indicators","Indicator materials","Material","Material","Indicator","Ground/Area","M_IND_PersistentZone","Assets/Art/SkillIndicators/Temporary/Materials/M_IND_PersistentZone.mat","2","Reusable resource component for materials, textures, shaders, data, prefabs, or new VFX assemblies."
"Skill Indicators","Indicator materials","Material","Material","Indicator","Ground/Area","M_IND_PlacementGhost","Assets/Art/SkillIndicators/Temporary/Materials/M_IND_PlacementGhost.mat","2","Reusable resource component for materials, textures, shaders, data, prefabs, or new VFX assemblies."
"Skill Indicators","Indicator materials","Material","Material","Indicator","","M_IND_TetherLine","Assets/Art/SkillIndicators/Temporary/Materials/M_IND_TetherLine.mat","2","Reusable resource component for materials, textures, shaders, data, prefabs, or new VFX assemblies."
"Skill Indicators","Indicator prefabs","Prefab","Skill Telegraph / Indicator","Indicator","","PF_IND_ArcTrajectory","Assets/Art/SkillIndicators/Temporary/Prefabs/PF_IND_ArcTrajectory.prefab","11.9","Show before real damage VFX for targeting, placement, warning, or lock-on clarity."
"Skill Indicators","Indicator prefabs","Prefab","Skill Telegraph / Indicator","Indicator","","PF_IND_Cone","Assets/Art/SkillIndicators/Temporary/Prefabs/PF_IND_Cone.prefab","10.9","Show before real damage VFX for targeting, placement, warning, or lock-on clarity."
"Skill Indicators","Indicator prefabs","Prefab","Skill Telegraph / Indicator","Indicator","","PF_IND_CountdownDanger","Assets/Art/SkillIndicators/Temporary/Prefabs/PF_IND_CountdownDanger.prefab","13.5","Show before real damage VFX for targeting, placement, warning, or lock-on clarity."
"Skill Indicators","Indicator prefabs","Prefab","Skill Telegraph / Indicator","Indicator","Ground/Area","PF_IND_Footprint","Assets/Art/SkillIndicators/Temporary/Prefabs/PF_IND_Footprint.prefab","5.7","Show before real damage VFX for targeting, placement, warning, or lock-on clarity."
"Skill Indicators","Indicator prefabs","Prefab","Skill Telegraph / Indicator","Magic/Energy; Indicator","Ground/Area","PF_IND_GroundCircle","Assets/Art/SkillIndicators/Temporary/Prefabs/PF_IND_GroundCircle.prefab","10.8","Show before real damage VFX for targeting, placement, warning, or lock-on clarity."
"Skill Indicators","Indicator prefabs","Prefab","Skill Telegraph / Indicator","Indicator","","PF_IND_HUDHoldProgress","Assets/Art/SkillIndicators/Temporary/Prefabs/PF_IND_HUDHoldProgress.prefab","5.2","Show before real damage VFX for targeting, placement, warning, or lock-on clarity."
"Skill Indicators","Indicator prefabs","Prefab","Skill Telegraph / Indicator","Indicator","","PF_IND_LineRect","Assets/Art/SkillIndicators/Temporary/Prefabs/PF_IND_LineRect.prefab","5.7","Show before real damage VFX for targeting, placement, warning, or lock-on clarity."
"Skill Indicators","Indicator prefabs","Prefab","Skill Telegraph / Indicator","Magic/Energy; Indicator","Ground/Area","PF_IND_MonsterWarningCircle","Assets/Art/SkillIndicators/Temporary/Prefabs/PF_IND_MonsterWarningCircle.prefab","10.9","Show before real damage VFX for targeting, placement, warning, or lock-on clarity."
"Skill Indicators","Indicator prefabs","Prefab","Skill Telegraph / Indicator","Indicator","Ground/Area","PF_IND_PersistentZone","Assets/Art/SkillIndicators/Temporary/Prefabs/PF_IND_PersistentZone.prefab","10.9","Show before real damage VFX for targeting, placement, warning, or lock-on clarity."
"Skill Indicators","Indicator prefabs","Prefab","Skill Telegraph / Indicator","Indicator","Ground/Area","PF_IND_PlacementGhost","Assets/Art/SkillIndicators/Temporary/Prefabs/PF_IND_PlacementGhost.prefab","3.2","Show before real damage VFX for targeting, placement, warning, or lock-on clarity."
"Skill Indicators","Indicator prefabs","Prefab","Skill Telegraph / Indicator","Indicator","Ground/Area","PF_IND_TargetReticle","Assets/Art/SkillIndicators/Temporary/Prefabs/PF_IND_TargetReticle.prefab","3.1","Show before real damage VFX for targeting, placement, warning, or lock-on clarity."
"Skill Indicators","Indicator prefabs","Prefab","Skill Telegraph / Indicator","Indicator","","PF_IND_TetherLine","Assets/Art/SkillIndicators/Temporary/Prefabs/PF_IND_TetherLine.prefab","4.2","Show before real damage VFX for targeting, placement, warning, or lock-on clarity."
"Skill Indicators","Indicator textures","Texture","Texture","Projectile; Indicator; Comic Text","","T_IND_Arrow","Assets/Art/SkillIndicators/Temporary/Textures/T_IND_Arrow.png","2.4","Reusable resource component for materials, textures, shaders, data, prefabs, or new VFX assemblies."
"Skill Indicators","Indicator textures","Texture","Texture","Indicator; Comic Text","","T_IND_Check","Assets/Art/SkillIndicators/Temporary/Textures/T_IND_Check.png","1.4","Reusable resource component for materials, textures, shaders, data, prefabs, or new VFX assemblies."
"Skill Indicators","Indicator textures","Texture","Texture","Indicator; Comic Text","","T_IND_ConeMask","Assets/Art/SkillIndicators/Temporary/Textures/T_IND_ConeMask.png","3.4","Reusable resource component for materials, textures, shaders, data, prefabs, or new VFX assemblies."
"Skill Indicators","Indicator textures","Texture","Texture","Indicator; Comic Text","","T_IND_Cross","Assets/Art/SkillIndicators/Temporary/Textures/T_IND_Cross.png","2.3","Reusable resource component for materials, textures, shaders, data, prefabs, or new VFX assemblies."
"Skill Indicators","Indicator textures","Texture","Texture","Indicator; Comic Text","","T_IND_DashedLine","Assets/Art/SkillIndicators/Temporary/Textures/T_IND_DashedLine.png","0.4","Reusable resource component for materials, textures, shaders, data, prefabs, or new VFX assemblies."
"Skill Indicators","Indicator textures","Texture","Texture","Indicator; Comic Text","","T_IND_FlowStripe","Assets/Art/SkillIndicators/Temporary/Textures/T_IND_FlowStripe.png","3","Reusable resource component for materials, textures, shaders, data, prefabs, or new VFX assemblies."
"Skill Indicators","Indicator textures","Texture","Texture","Indicator; Comic Text","","T_IND_HUDHoldProgress","Assets/Art/SkillIndicators/Temporary/Textures/T_IND_HUDHoldProgress.png","1.1","Reusable resource component for materials, textures, shaders, data, prefabs, or new VFX assemblies."
"Skill Indicators","Indicator textures","Texture","Texture","Indicator; Comic Text","","T_IND_Noise","Assets/Art/SkillIndicators/Temporary/Textures/T_IND_Noise.png","79.4","Reusable resource component for materials, textures, shaders, data, prefabs, or new VFX assemblies."
"Skill Indicators","Indicator textures","Texture","Texture","Magic/Energy; Indicator; Comic Text","Ground/Area","T_IND_RingCircle","Assets/Art/SkillIndicators/Temporary/Textures/T_IND_RingCircle.png","2.6","Reusable resource component for materials, textures, shaders, data, prefabs, or new VFX assemblies."
"Skill Indicators","Indicator textures","Texture","Texture","Indicator; Comic Text","","T_IND_SoftDisc","Assets/Art/SkillIndicators/Temporary/Textures/T_IND_SoftDisc.png","11.7","Reusable resource component for materials, textures, shaders, data, prefabs, or new VFX assemblies."
"Skill Indicators","Indicator textures","Texture","Texture","Indicator; Comic Text","","T_IND_TargetLock","Assets/Art/SkillIndicators/Temporary/Textures/T_IND_TargetLock.png","0.6","Reusable resource component for materials, textures, shaders, data, prefabs, or new VFX assemblies."
"Skill Indicators","Skill Indicators","Audio","Audio","Indicator","","S_IND_ConfirmRelease","Assets/Art/SkillIndicators/Temporary/Audio/S_IND_ConfirmRelease.wav","9.5","Reusable resource component for materials, textures, shaders, data, prefabs, or new VFX assemblies."
"Skill Indicators","Skill Indicators","Audio","Audio","Indicator","","S_IND_DangerTick","Assets/Art/SkillIndicators/Temporary/Audio/S_IND_DangerTick.wav","6.9","Reusable resource component for materials, textures, shaders, data, prefabs, or new VFX assemblies."
"Skill Indicators","Skill Indicators","Audio","Audio","Indicator","","S_IND_Invalid","Assets/Art/SkillIndicators/Temporary/Audio/S_IND_Invalid.wav","10.4","Reusable resource component for materials, textures, shaders, data, prefabs, or new VFX assemblies."
"Skill Indicators","Skill Indicators","Audio","Audio","Indicator","","S_IND_PreviewEnter","Assets/Art/SkillIndicators/Temporary/Audio/S_IND_PreviewEnter.wav","8.7","Reusable resource component for materials, textures, shaders, data, prefabs, or new VFX assemblies."
"Skill Indicators","Skill Indicators","Audio","Audio","Indicator","","S_IND_TargetLock","Assets/Art/SkillIndicators/Temporary/Audio/S_IND_TargetLock.wav","7.8","Reusable resource component for materials, textures, shaders, data, prefabs, or new VFX assemblies."
"Skill Indicators","Skill Indicators","Audio","Audio","Indicator","Ground/Area","S_IND_ZoneExpire","Assets/Art/SkillIndicators/Temporary/Audio/S_IND_ZoneExpire.wav","13.8","Reusable resource component for materials, textures, shaders, data, prefabs, or new VFX assemblies."
"Skill Indicators","Skill Indicators","Unity Asset","Skill Telegraph / Indicator","Indicator","","MS_IND_Cone90","Assets/Art/SkillIndicators/Temporary/Meshes/MS_IND_Cone90.asset","8.2","Show before real damage VFX for targeting, placement, warning, or lock-on clarity."
"Skill Indicators","Skill Indicators","Unity Asset","Skill Telegraph / Indicator","Indicator","Ground/Area","MS_IND_FootprintBox","Assets/Art/SkillIndicators/Temporary/Meshes/MS_IND_FootprintBox.asset","3.6","Show before real damage VFX for targeting, placement, warning, or lock-on clarity."
"Skill Indicators","Skill Indicators","Unity Asset","Skill Telegraph / Indicator","Magic/Energy; Indicator","Ground/Area","MS_IND_UnitCircle","Assets/Art/SkillIndicators/Temporary/Meshes/MS_IND_UnitCircle.asset","10.5","Show before real damage VFX for targeting, placement, warning, or lock-on clarity."
"Skill Indicators","Skill Indicators","Unity Asset","Skill Telegraph / Indicator","Indicator","","MS_IND_UnitRectangle","Assets/Art/SkillIndicators/Temporary/Meshes/MS_IND_UnitRectangle.asset","3.6","Show before real damage VFX for targeting, placement, warning, or lock-on clarity."
"Skill Indicators","Skill Indicators","Unity Asset","Skill Telegraph / Indicator","Indicator","","SO_IND_TemporaryArtIndex","Assets/Art/SkillIndicators/Temporary/SO_IND_TemporaryArtIndex.asset","12.1","Show before real damage VFX for targeting, placement, warning, or lock-on clarity."
"VFX_Klaus","Hyper Casual FX","Prefab","Magic / Energy","Magic/Energy","","HCFX_Buff_Down","Assets/ThirdParty/VFX_Klaus/Prefabs/Hyper Casual FX/HCFX_Buff_Down.prefab","799.7","Charging, magic circles, pickup shine, or status loops; loop effects need lifetime control."
"VFX_Klaus","Hyper Casual FX","Prefab","Magic / Energy","Magic/Energy","","HCFX_Buff_Up","Assets/ThirdParty/VFX_Klaus/Prefabs/Hyper Casual FX/HCFX_Buff_Up.prefab","802.4","Charging, magic circles, pickup shine, or status loops; loop effects need lifetime control."
"VFX_Klaus","Hyper Casual FX","Prefab","Utility/Resource","","","HCFX_Candy","Assets/ThirdParty/VFX_Klaus/Prefabs/Hyper Casual FX/HCFX_Candy.prefab","829.6","Reusable resource component for materials, textures, shaders, data, prefabs, or new VFX assemblies."
"VFX_Klaus","Hyper Casual FX","Prefab","Utility/Resource","","","HCFX_Charging_01_Step1","Assets/ThirdParty/VFX_Klaus/Prefabs/Hyper Casual FX/HCFX_Charging_01_Step1.prefab","570.1","Reusable resource component for materials, textures, shaders, data, prefabs, or new VFX assemblies."
"VFX_Klaus","Hyper Casual FX","Prefab","Utility/Resource","","","HCFX_Charging_01_Step1_End","Assets/ThirdParty/VFX_Klaus/Prefabs/Hyper Casual FX/HCFX_Charging_01_Step1_End.prefab","119.3","Reusable resource component for materials, textures, shaders, data, prefabs, or new VFX assemblies."
"VFX_Klaus","Hyper Casual FX","Prefab","Utility/Resource","","","HCFX_Charging_01_Step2","Assets/ThirdParty/VFX_Klaus/Prefabs/Hyper Casual FX/HCFX_Charging_01_Step2.prefab","570","Reusable resource component for materials, textures, shaders, data, prefabs, or new VFX assemblies."
"VFX_Klaus","Hyper Casual FX","Prefab","Utility/Resource","","","HCFX_Charging_01_Step2_End","Assets/ThirdParty/VFX_Klaus/Prefabs/Hyper Casual FX/HCFX_Charging_01_Step2_End.prefab","120.8","Reusable resource component for materials, textures, shaders, data, prefabs, or new VFX assemblies."
"VFX_Klaus","Hyper Casual FX","Prefab","Utility/Resource","","","HCFX_Charging_01_Step3","Assets/ThirdParty/VFX_Klaus/Prefabs/Hyper Casual FX/HCFX_Charging_01_Step3.prefab","797.7","Reusable resource component for materials, textures, shaders, data, prefabs, or new VFX assemblies."
"VFX_Klaus","Hyper Casual FX","Prefab","Utility/Resource","","","HCFX_Charging_01_Step3_End","Assets/ThirdParty/VFX_Klaus/Prefabs/Hyper Casual FX/HCFX_Charging_01_Step3_End.prefab","245.6","Reusable resource component for materials, textures, shaders, data, prefabs, or new VFX assemblies."
"VFX_Klaus","Hyper Casual FX","Prefab","Utility/Resource","","","HCFX_Charging_02_Step1","Assets/ThirdParty/VFX_Klaus/Prefabs/Hyper Casual FX/HCFX_Charging_02_Step1.prefab","570.6","Reusable resource component for materials, textures, shaders, data, prefabs, or new VFX assemblies."
"VFX_Klaus","Hyper Casual FX","Prefab","Utility/Resource","","","HCFX_Charging_02_Step2","Assets/ThirdParty/VFX_Klaus/Prefabs/Hyper Casual FX/HCFX_Charging_02_Step2.prefab","570.5","Reusable resource component for materials, textures, shaders, data, prefabs, or new VFX assemblies."
"VFX_Klaus","Hyper Casual FX","Prefab","Utility/Resource","","","HCFX_Charging_02_Step3","Assets/ThirdParty/VFX_Klaus/Prefabs/Hyper Casual FX/HCFX_Charging_02_Step3.prefab","798.9","Reusable resource component for materials, textures, shaders, data, prefabs, or new VFX assemblies."
"VFX_Klaus","Hyper Casual FX","Prefab","Utility/Resource","","","HCFX_Conffeti","Assets/ThirdParty/VFX_Klaus/Prefabs/Hyper Casual FX/HCFX_Conffeti.prefab","5.6","Reusable resource component for materials, textures, shaders, data, prefabs, or new VFX assemblies."
"VFX_Klaus","Hyper Casual FX","Prefab","Utility/Resource","","","HCFX_Conffeti_Air","Assets/ThirdParty/VFX_Klaus/Prefabs/Hyper Casual FX/HCFX_Conffeti_Air.prefab","692.9","Reusable resource component for materials, textures, shaders, data, prefabs, or new VFX assemblies."
"VFX_Klaus","Hyper Casual FX","Prefab","Elemental / Status FX","Air/Dust/Fog","","HCFX_Dust_01","Assets/ThirdParty/VFX_Klaus/Prefabs/Hyper Casual FX/HCFX_Dust_01.prefab","355.8","Reusable resource component for materials, textures, shaders, data, prefabs, or new VFX assemblies."
"VFX_Klaus","Hyper Casual FX","Prefab","Elemental / Status FX","Air/Dust/Fog","","HCFX_Dust_02","Assets/ThirdParty/VFX_Klaus/Prefabs/Hyper Casual FX/HCFX_Dust_02.prefab","231.2","Reusable resource component for materials, textures, shaders, data, prefabs, or new VFX assemblies."
"VFX_Klaus","Hyper Casual FX","Prefab","Elemental / Status FX","Air/Dust/Fog","","HCFX_Dust_03","Assets/ThirdParty/VFX_Klaus/Prefabs/Hyper Casual FX/HCFX_Dust_03.prefab","247.9","Reusable resource component for materials, textures, shaders, data, prefabs, or new VFX assemblies."
"VFX_Klaus","Hyper Casual FX","Prefab","Elemental / Status FX","Air/Dust/Fog","","HCFX_Dust_04","Assets/ThirdParty/VFX_Klaus/Prefabs/Hyper Casual FX/HCFX_Dust_04.prefab","586.2","Reusable resource component for materials, textures, shaders, data, prefabs, or new VFX assemblies."
"VFX_Klaus","Hyper Casual FX","Prefab","Elemental / Status FX","Air/Dust/Fog","","HCFX_Dust_Dash_01","Assets/ThirdParty/VFX_Klaus/Prefabs/Hyper Casual FX/HCFX_Dust_Dash_01.prefab","471.7","Reusable resource component for materials, textures, shaders, data, prefabs, or new VFX assemblies."
"VFX_Klaus","Hyper Casual FX","Prefab","Elemental / Status FX","Air/Dust/Fog","","HCFX_Dust_Dash_01_Air","Assets/ThirdParty/VFX_Klaus/Prefabs/Hyper Casual FX/HCFX_Dust_Dash_01_Air.prefab","360.7","Reusable resource component for materials, textures, shaders, data, prefabs, or new VFX assemblies."
"VFX_Klaus","Hyper Casual FX","Prefab","Hit / Impact","Hit/Impact; Air/Dust/Fog","Ground/Area","HCFX_Dust_FloorHit_01","Assets/ThirdParty/VFX_Klaus/Prefabs/Hyper Casual FX/HCFX_Dust_FloorHit_01.prefab","696","General hit feedback; recolor or swap material for different damage elements."
"VFX_Klaus","Hyper Casual FX","Prefab","Hit / Impact","Hit/Impact; Air/Dust/Fog","Ground/Area","HCFX_Dust_FloorHit_02","Assets/ThirdParty/VFX_Klaus/Prefabs/Hyper Casual FX/HCFX_Dust_FloorHit_02.prefab","813","General hit feedback; recolor or swap material for different damage elements."
"VFX_Klaus","Hyper Casual FX","Prefab","Hit / Impact","Hit/Impact; Air/Dust/Fog","Ground/Area","HCFX_Dust_FloorHit_03","Assets/ThirdParty/VFX_Klaus/Prefabs/Hyper Casual FX/HCFX_Dust_FloorHit_03.prefab","935","General hit feedback; recolor or swap material for different damage elements."
"VFX_Klaus","Hyper Casual FX","Prefab","Elemental / Status FX","Air/Dust/Fog","","HCFX_Dust_Jump_01","Assets/ThirdParty/VFX_Klaus/Prefabs/Hyper Casual FX/HCFX_Dust_Jump_01.prefab","694.6","Reusable resource component for materials, textures, shaders, data, prefabs, or new VFX assemblies."
"VFX_Klaus","Hyper Casual FX","Prefab","Elemental / Status FX","Air/Dust/Fog","","HCFX_Dust_Jump_02","Assets/ThirdParty/VFX_Klaus/Prefabs/Hyper Casual FX/HCFX_Dust_Jump_02.prefab","814.8","Reusable resource component for materials, textures, shaders, data, prefabs, or new VFX assemblies."
"VFX_Klaus","Hyper Casual FX","Prefab","Elemental / Status FX","Air/Dust/Fog","","HCFX_Dust_Jump_03","Assets/ThirdParty/VFX_Klaus/Prefabs/Hyper Casual FX/HCFX_Dust_Jump_03.prefab","699.7","Reusable resource component for materials, textures, shaders, data, prefabs, or new VFX assemblies."
"VFX_Klaus","Hyper Casual FX","Prefab","Elemental / Status FX","Air/Dust/Fog","","HCFX_Dust_Storm_Left_01","Assets/ThirdParty/VFX_Klaus/Prefabs/Hyper Casual FX/HCFX_Dust_Storm_Left_01.prefab","4.7","Reusable resource component for materials, textures, shaders, data, prefabs, or new VFX assemblies."
"VFX_Klaus","Hyper Casual FX","Prefab","Elemental / Status FX","Air/Dust/Fog","Loop/Ambient","HCFX_Dust_Storm_Left_01_Looping","Assets/ThirdParty/VFX_Klaus/Prefabs/Hyper Casual FX/HCFX_Dust_Storm_Left_01_Looping.prefab","4.1","Reusable resource component for materials, textures, shaders, data, prefabs, or new VFX assemblies."
"VFX_Klaus","Hyper Casual FX","Prefab","Elemental / Status FX","Air/Dust/Fog","","HCFX_Dust_Storm_Left_02","Assets/ThirdParty/VFX_Klaus/Prefabs/Hyper Casual FX/HCFX_Dust_Storm_Left_02.prefab","120.9","Reusable resource component for materials, textures, shaders, data, prefabs, or new VFX assemblies."
"VFX_Klaus","Hyper Casual FX","Prefab","Elemental / Status FX","Air/Dust/Fog","Loop/Ambient","HCFX_Dust_Storm_Left_02_Looping","Assets/ThirdParty/VFX_Klaus/Prefabs/Hyper Casual FX/HCFX_Dust_Storm_Left_02_Looping.prefab","4.7","Reusable resource component for materials, textures, shaders, data, prefabs, or new VFX assemblies."
"VFX_Klaus","Hyper Casual FX","Prefab","Elemental / Status FX","Air/Dust/Fog","","HCFX_Dust_Storm_Right_01","Assets/ThirdParty/VFX_Klaus/Prefabs/Hyper Casual FX/HCFX_Dust_Storm_Right_01.prefab","457.9","Reusable resource component for materials, textures, shaders, data, prefabs, or new VFX assemblies."
"VFX_Klaus","Hyper Casual FX","Prefab","Elemental / Status FX","Air/Dust/Fog","Loop/Ambient","HCFX_Dust_Storm_Right_01_Looping","Assets/ThirdParty/VFX_Klaus/Prefabs/Hyper Casual FX/HCFX_Dust_Storm_Right_01_Looping.prefab","13.2","Reusable resource component for materials, textures, shaders, data, prefabs, or new VFX assemblies."
"VFX_Klaus","Hyper Casual FX","Prefab","Elemental / Status FX","Air/Dust/Fog","","HCFX_Dust_Storm_Right_02","Assets/ThirdParty/VFX_Klaus/Prefabs/Hyper Casual FX/HCFX_Dust_Storm_Right_02.prefab","119.7","Reusable resource component for materials, textures, shaders, data, prefabs, or new VFX assemblies."
"VFX_Klaus","Hyper Casual FX","Prefab","Elemental / Status FX","Air/Dust/Fog","Loop/Ambient","HCFX_Dust_Storm_Right_02_Looping","Assets/ThirdParty/VFX_Klaus/Prefabs/Hyper Casual FX/HCFX_Dust_Storm_Right_02_Looping.prefab","4.7","Reusable resource component for materials, textures, shaders, data, prefabs, or new VFX assemblies."
"VFX_Klaus","Hyper Casual FX","Prefab","Magic / Energy","Magic/Energy","","HCFX_ElementOrb_01","Assets/ThirdParty/VFX_Klaus/Prefabs/Hyper Casual FX/HCFX_ElementOrb_01.prefab","344.2","Charging, magic circles, pickup shine, or status loops; loop effects need lifetime control."
"VFX_Klaus","Hyper Casual FX","Prefab","Magic / Energy","Magic/Energy","","HCFX_ElementOrb_02","Assets/ThirdParty/VFX_Klaus/Prefabs/Hyper Casual FX/HCFX_ElementOrb_02.prefab","125.7","Charging, magic circles, pickup shine, or status loops; loop effects need lifetime control."
"VFX_Klaus","Hyper Casual FX","Prefab","Magic / Energy","Magic/Energy","","HCFX_ElementOrb_03","Assets/ThirdParty/VFX_Klaus/Prefabs/Hyper Casual FX/HCFX_ElementOrb_03.prefab","457.7","Charging, magic circles, pickup shine, or status loops; loop effects need lifetime control."
"VFX_Klaus","Hyper Casual FX","Prefab","Magic / Energy","Magic/Energy","","HCFX_ElementOrb_04","Assets/ThirdParty/VFX_Klaus/Prefabs/Hyper Casual FX/HCFX_ElementOrb_04.prefab","460.7","Charging, magic circles, pickup shine, or status loops; loop effects need lifetime control."
"VFX_Klaus","Hyper Casual FX","Prefab","Magic / Energy","Magic/Energy","","HCFX_Energy_01","Assets/ThirdParty/VFX_Klaus/Prefabs/Hyper Casual FX/HCFX_Energy_01.prefab","685","Charging, magic circles, pickup shine, or status loops; loop effects need lifetime control."
"VFX_Klaus","Hyper Casual FX","Prefab","Magic / Energy","Magic/Energy","","HCFX_Energy_02","Assets/ThirdParty/VFX_Klaus/Prefabs/Hyper Casual FX/HCFX_Energy_02.prefab","699.5","Charging, magic circles, pickup shine, or status loops; loop effects need lifetime control."
"VFX_Klaus","Hyper Casual FX","Prefab","Magic / Energy","Magic/Energy","","HCFX_Energy_03","Assets/ThirdParty/VFX_Klaus/Prefabs/Hyper Casual FX/HCFX_Energy_03.prefab","708.6","Charging, magic circles, pickup shine, or status loops; loop effects need lifetime control."
"VFX_Klaus","Hyper Casual FX","Prefab","Magic / Energy","Magic/Energy","","HCFX_Energy_04","Assets/ThirdParty/VFX_Klaus/Prefabs/Hyper Casual FX/HCFX_Energy_04.prefab","684.8","Charging, magic circles, pickup shine, or status loops; loop effects need lifetime control."
"VFX_Klaus","Hyper Casual FX","Prefab","Magic / Energy","Magic/Energy","","HCFX_Energy_05","Assets/ThirdParty/VFX_Klaus/Prefabs/Hyper Casual FX/HCFX_Energy_05.prefab","692.5","Charging, magic circles, pickup shine, or status loops; loop effects need lifetime control."
"VFX_Klaus","Hyper Casual FX","Prefab","Magic / Energy","Magic/Energy","","HCFX_Energy_06","Assets/ThirdParty/VFX_Klaus/Prefabs/Hyper Casual FX/HCFX_Energy_06.prefab","912.4","Charging, magic circles, pickup shine, or status loops; loop effects need lifetime control."
"VFX_Klaus","Hyper Casual FX","Prefab","Magic / Energy","Magic/Energy","","HCFX_Energy_07","Assets/ThirdParty/VFX_Klaus/Prefabs/Hyper Casual FX/HCFX_Energy_07.prefab","814.5","Charging, magic circles, pickup shine, or status loops; loop effects need lifetime control."
"VFX_Klaus","Hyper Casual FX","Prefab","Magic / Energy","Magic/Energy","","HCFX_Energy_08","Assets/ThirdParty/VFX_Klaus/Prefabs/Hyper Casual FX/HCFX_Energy_08.prefab","592.4","Charging, magic circles, pickup shine, or status loops; loop effects need lifetime control."
"VFX_Klaus","Hyper Casual FX","Prefab","Explosion / Burst","Explosion","","HCFX_Explosion_01","Assets/ThirdParty/VFX_Klaus/Prefabs/Hyper Casual FX/HCFX_Explosion_01.prefab","705.7","Explosion or finisher beat; tune scale, camera shake, and audio timing together."
"VFX_Klaus","Hyper Casual FX","Prefab","Explosion / Burst","Explosion","","HCFX_Explosion_02","Assets/ThirdParty/VFX_Klaus/Prefabs/Hyper Casual FX/HCFX_Explosion_02.prefab","1281.9","Explosion or finisher beat; tune scale, camera shake, and audio timing together."
"VFX_Klaus","Hyper Casual FX","Prefab","Explosion / Burst","Explosion","","HCFX_Explosion_02_Air","Assets/ThirdParty/VFX_Klaus/Prefabs/Hyper Casual FX/HCFX_Explosion_02_Air.prefab","11.7","Explosion or finisher beat; tune scale, camera shake, and audio timing together."
"VFX_Klaus","Hyper Casual FX","Prefab","Explosion / Burst","Explosion","","HCFX_Explosion_03","Assets/ThirdParty/VFX_Klaus/Prefabs/Hyper Casual FX/HCFX_Explosion_03.prefab","940.4","Explosion or finisher beat; tune scale, camera shake, and audio timing together."
"VFX_Klaus","Hyper Casual FX","Prefab","Utility/Resource","","","HCFX_Feathers","Assets/ThirdParty/VFX_Klaus/Prefabs/Hyper Casual FX/HCFX_Feathers.prefab","232.5","Reusable resource component for materials, textures, shaders, data, prefabs, or new VFX assemblies."
"VFX_Klaus","Hyper Casual FX","Prefab","Elemental / Status FX","Fire","","HCFX_Fire_01","Assets/ThirdParty/VFX_Klaus/Prefabs/Hyper Casual FX/HCFX_Fire_01.prefab","459","Reusable resource component for materials, textures, shaders, data, prefabs, or new VFX assemblies."
"VFX_Klaus","Hyper Casual FX","Prefab","Elemental / Status FX","Fire","","HCFX_Fire_02","Assets/ThirdParty/VFX_Klaus/Prefabs/Hyper Casual FX/HCFX_Fire_02.prefab","7.9","Reusable resource component for materials, textures, shaders, data, prefabs, or new VFX assemblies."
"VFX_Klaus","Hyper Casual FX","Prefab","Utility/Resource","","","HCFX_Flash_01","Assets/ThirdParty/VFX_Klaus/Prefabs/Hyper Casual FX/HCFX_Flash_01.prefab","229.1","Reusable resource component for materials, textures, shaders, data, prefabs, or new VFX assemblies."
"VFX_Klaus","Hyper Casual FX","Prefab","Utility/Resource","","","HCFX_Flash_02","Assets/ThirdParty/VFX_Klaus/Prefabs/Hyper Casual FX/HCFX_Flash_02.prefab","229.1","Reusable resource component for materials, textures, shaders, data, prefabs, or new VFX assemblies."
"VFX_Klaus","Hyper Casual FX","Prefab","Utility/Resource","","","HCFX_Flash_03","Assets/ThirdParty/VFX_Klaus/Prefabs/Hyper Casual FX/HCFX_Flash_03.prefab","351.2","Reusable resource component for materials, textures, shaders, data, prefabs, or new VFX assemblies."
"VFX_Klaus","Hyper Casual FX","Prefab","Utility/Resource","","","HCFX_Flash_04","Assets/ThirdParty/VFX_Klaus/Prefabs/Hyper Casual FX/HCFX_Flash_04.prefab","345","Reusable resource component for materials, textures, shaders, data, prefabs, or new VFX assemblies."
"VFX_Klaus","Hyper Casual FX","Prefab","Utility/Resource","","","HCFX_Flash_05","Assets/ThirdParty/VFX_Klaus/Prefabs/Hyper Casual FX/HCFX_Flash_05.prefab","804.8","Reusable resource component for materials, textures, shaders, data, prefabs, or new VFX assemblies."
"VFX_Klaus","Hyper Casual FX","Prefab","Utility/Resource","","","HCFX_Heart","Assets/ThirdParty/VFX_Klaus/Prefabs/Hyper Casual FX/HCFX_Heart.prefab","571.7","Reusable resource component for materials, textures, shaders, data, prefabs, or new VFX assemblies."
"VFX_Klaus","Hyper Casual FX","Prefab","Utility/Resource","","","HCFX_Heart_Air","Assets/ThirdParty/VFX_Klaus/Prefabs/Hyper Casual FX/HCFX_Heart_Air.prefab","5.8","Reusable resource component for materials, textures, shaders, data, prefabs, or new VFX assemblies."
"VFX_Klaus","Hyper Casual FX","Prefab","Hit / Impact","Hit/Impact","","HCFX_Hit_01","Assets/ThirdParty/VFX_Klaus/Prefabs/Hyper Casual FX/HCFX_Hit_01.prefab","467.9","General hit feedback; recolor or swap material for different damage elements."
"VFX_Klaus","Hyper Casual FX","Prefab","Hit / Impact","Hit/Impact","","HCFX_Hit_02","Assets/ThirdParty/VFX_Klaus/Prefabs/Hyper Casual FX/HCFX_Hit_02.prefab","1044.2","General hit feedback; recolor or swap material for different damage elements."
"VFX_Klaus","Hyper Casual FX","Prefab","Hit / Impact","Hit/Impact","","HCFX_Hit_03","Assets/ThirdParty/VFX_Klaus/Prefabs/Hyper Casual FX/HCFX_Hit_03.prefab","347.8","General hit feedback; recolor or swap material for different damage elements."
"VFX_Klaus","Hyper Casual FX","Prefab","Hit / Impact","Hit/Impact","","HCFX_Hit_04","Assets/ThirdParty/VFX_Klaus/Prefabs/Hyper Casual FX/HCFX_Hit_04.prefab","579.7","General hit feedback; recolor or swap material for different damage elements."
"VFX_Klaus","Hyper Casual FX","Prefab","Hit / Impact","Hit/Impact","","HCFX_Hit_05","Assets/ThirdParty/VFX_Klaus/Prefabs/Hyper Casual FX/HCFX_Hit_05.prefab","590.2","General hit feedback; recolor or swap material for different damage elements."
"VFX_Klaus","Hyper Casual FX","Prefab","Hit / Impact","Hit/Impact","","HCFX_Hit_06","Assets/ThirdParty/VFX_Klaus/Prefabs/Hyper Casual FX/HCFX_Hit_06.prefab","587.3","General hit feedback; recolor or swap material for different damage elements."
"VFX_Klaus","Hyper Casual FX","Prefab","Hit / Impact","Hit/Impact","","HCFX_Hit_07","Assets/ThirdParty/VFX_Klaus/Prefabs/Hyper Casual FX/HCFX_Hit_07.prefab","354.6","General hit feedback; recolor or swap material for different damage elements."
"VFX_Klaus","Hyper Casual FX","Prefab","Hit / Impact","Hit/Impact","","HCFX_Hit_08","Assets/ThirdParty/VFX_Klaus/Prefabs/Hyper Casual FX/HCFX_Hit_08.prefab","464.7","General hit feedback; recolor or swap material for different damage elements."
"VFX_Klaus","Hyper Casual FX","Prefab","Hit / Impact","Hit/Impact","","HCFX_Hit_09","Assets/ThirdParty/VFX_Klaus/Prefabs/Hyper Casual FX/HCFX_Hit_09.prefab","582.2","General hit feedback; recolor or swap material for different damage elements."
"VFX_Klaus","Hyper Casual FX","Prefab","Hit / Impact","Hit/Impact","","HCFX_Hit_10","Assets/ThirdParty/VFX_Klaus/Prefabs/Hyper Casual FX/HCFX_Hit_10.prefab","235.5","General hit feedback; recolor or swap material for different damage elements."
"VFX_Klaus","Hyper Casual FX","Prefab","Hit / Impact","Hit/Impact","","HCFX_Hit_11","Assets/ThirdParty/VFX_Klaus/Prefabs/Hyper Casual FX/HCFX_Hit_11.prefab","355","General hit feedback; recolor or swap material for different damage elements."
"VFX_Klaus","Hyper Casual FX","Prefab","Elemental / Status FX","Nature","","HCFX_Leaves","Assets/ThirdParty/VFX_Klaus/Prefabs/Hyper Casual FX/HCFX_Leaves.prefab","127.2","Reusable resource component for materials, textures, shaders, data, prefabs, or new VFX assemblies."
"VFX_Klaus","Hyper Casual FX","Prefab","Elemental / Status FX","Nature","","HCFX_Leaves_Air","Assets/ThirdParty/VFX_Klaus/Prefabs/Hyper Casual FX/HCFX_Leaves_Air.prefab","467.8","Reusable resource component for materials, textures, shaders, data, prefabs, or new VFX assemblies."
"VFX_Klaus","Hyper Casual FX","Prefab","Magic / Energy","Magic/Energy","Ground/Area","HCFX_MagicCircle_01","Assets/ThirdParty/VFX_Klaus/Prefabs/Hyper Casual FX/HCFX_MagicCircle_01.prefab","1152.9","Charging, magic circles, pickup shine, or status loops; loop effects need lifetime control."
"VFX_Klaus","Hyper Casual FX","Prefab","Magic / Energy","Magic/Energy","Ground/Area","HCFX_MagicCircle_02","Assets/ThirdParty/VFX_Klaus/Prefabs/Hyper Casual FX/HCFX_MagicCircle_02.prefab","1152.9","Charging, magic circles, pickup shine, or status loops; loop effects need lifetime control."
"VFX_Klaus","Hyper Casual FX","Prefab","Magic / Energy","Magic/Energy","Ground/Area","HCFX_MagicCircle_03","Assets/ThirdParty/VFX_Klaus/Prefabs/Hyper Casual FX/HCFX_MagicCircle_03.prefab","1047.4","Charging, magic circles, pickup shine, or status loops; loop effects need lifetime control."
"VFX_Klaus","Hyper Casual FX","Prefab","Magic / Energy","Magic/Energy","Ground/Area","HCFX_MagicCircle_04","Assets/ThirdParty/VFX_Klaus/Prefabs/Hyper Casual FX/HCFX_MagicCircle_04.prefab","1263.9","Charging, magic circles, pickup shine, or status loops; loop effects need lifetime control."
"VFX_Klaus","Hyper Casual FX","Prefab","Utility/Resource","","","HCFX_Marble_01","Assets/ThirdParty/VFX_Klaus/Prefabs/Hyper Casual FX/HCFX_Marble_01.prefab","348.9","Reusable resource component for materials, textures, shaders, data, prefabs, or new VFX assemblies."
"VFX_Klaus","Hyper Casual FX","Prefab","Utility/Resource","","","HCFX_Marble_01_Get","Assets/ThirdParty/VFX_Klaus/Prefabs/Hyper Casual FX/HCFX_Marble_01_Get.prefab","586.2","Reusable resource component for materials, textures, shaders, data, prefabs, or new VFX assemblies."
"VFX_Klaus","Hyper Casual FX","Prefab","Utility/Resource","","","HCFX_Marble_02","Assets/ThirdParty/VFX_Klaus/Prefabs/Hyper Casual FX/HCFX_Marble_02.prefab","6.7","Reusable resource component for materials, textures, shaders, data, prefabs, or new VFX assemblies."
"VFX_Klaus","Hyper Casual FX","Prefab","Utility/Resource","","","HCFX_Marble_02_Get","Assets/ThirdParty/VFX_Klaus/Prefabs/Hyper Casual FX/HCFX_Marble_02_Get.prefab","10","Reusable resource component for materials, textures, shaders, data, prefabs, or new VFX assemblies."
"VFX_Klaus","Hyper Casual FX","Prefab","Utility/Resource","","","HCFX_Marble_03","Assets/ThirdParty/VFX_Klaus/Prefabs/Hyper Casual FX/HCFX_Marble_03.prefab","5.7","Reusable resource component for materials, textures, shaders, data, prefabs, or new VFX assemblies."
"VFX_Klaus","Hyper Casual FX","Prefab","Utility/Resource","","","HCFX_Marble_03_Get","Assets/ThirdParty/VFX_Klaus/Prefabs/Hyper Casual FX/HCFX_Marble_03_Get.prefab","10","Reusable resource component for materials, textures, shaders, data, prefabs, or new VFX assemblies."
"VFX_Klaus","Hyper Casual FX","Prefab","Utility/Resource","","","HCFX_Marble_04","Assets/ThirdParty/VFX_Klaus/Prefabs/Hyper Casual FX/HCFX_Marble_04.prefab","5.7","Reusable resource component for materials, textures, shaders, data, prefabs, or new VFX assemblies."
"VFX_Klaus","Hyper Casual FX","Prefab","Utility/Resource","","","HCFX_Marble_04_Get","Assets/ThirdParty/VFX_Klaus/Prefabs/Hyper Casual FX/HCFX_Marble_04_Get.prefab","10","Reusable resource component for materials, textures, shaders, data, prefabs, or new VFX assemblies."
"VFX_Klaus","Hyper Casual FX","Prefab","Elemental / Status FX","Poison/Gas","","HCFX_Poison_01","Assets/ThirdParty/VFX_Klaus/Prefabs/Hyper Casual FX/HCFX_Poison_01.prefab","584.2","Reusable resource component for materials, textures, shaders, data, prefabs, or new VFX assemblies."
"VFX_Klaus","Hyper Casual FX","Prefab","Elemental / Status FX","Poison/Gas","","HCFX_Poison_02","Assets/ThirdParty/VFX_Klaus/Prefabs/Hyper Casual FX/HCFX_Poison_02.prefab","371.8","Reusable resource component for materials, textures, shaders, data, prefabs, or new VFX assemblies."
"VFX_Klaus","Hyper Casual FX","Prefab","Magic / Energy","Magic/Energy","","HCFX_Portal_01","Assets/ThirdParty/VFX_Klaus/Prefabs/Hyper Casual FX/HCFX_Portal_01.prefab","571.2","Charging, magic circles, pickup shine, or status loops; loop effects need lifetime control."
"VFX_Klaus","Hyper Casual FX","Prefab","Magic / Energy","Magic/Energy","","HCFX_Portal_02","Assets/ThirdParty/VFX_Klaus/Prefabs/Hyper Casual FX/HCFX_Portal_02.prefab","569","Charging, magic circles, pickup shine, or status loops; loop effects need lifetime control."
"VFX_Klaus","Hyper Casual FX","Prefab","Magic / Energy","Magic/Energy","","HCFX_Shine_01","Assets/ThirdParty/VFX_Klaus/Prefabs/Hyper Casual FX/HCFX_Shine_01.prefab","344","Charging, magic circles, pickup shine, or status loops; loop effects need lifetime control."
"VFX_Klaus","Hyper Casual FX","Prefab","Magic / Energy","Magic/Energy","","HCFX_Shine_02","Assets/ThirdParty/VFX_Klaus/Prefabs/Hyper Casual FX/HCFX_Shine_02.prefab","7.8","Charging, magic circles, pickup shine, or status loops; loop effects need lifetime control."
"VFX_Klaus","Hyper Casual FX","Prefab","Magic / Energy","Magic/Energy","","HCFX_Shine_03","Assets/ThirdParty/VFX_Klaus/Prefabs/Hyper Casual FX/HCFX_Shine_03.prefab","7.2","Charging, magic circles, pickup shine, or status loops; loop effects need lifetime control."
"VFX_Klaus","Hyper Casual FX","Prefab","Magic / Energy","Magic/Energy","","HCFX_Shine_04","Assets/ThirdParty/VFX_Klaus/Prefabs/Hyper Casual FX/HCFX_Shine_04.prefab","6.8","Charging, magic circles, pickup shine, or status loops; loop effects need lifetime control."
"VFX_Klaus","Hyper Casual FX","Prefab","Magic / Energy","Magic/Energy","","HCFX_Shine_05","Assets/ThirdParty/VFX_Klaus/Prefabs/Hyper Casual FX/HCFX_Shine_05.prefab","12.2","Charging, magic circles, pickup shine, or status loops; loop effects need lifetime control."
"VFX_Klaus","Hyper Casual FX","Prefab","Magic / Energy","Magic/Energy","","HCFX_Shine_06","Assets/ThirdParty/VFX_Klaus/Prefabs/Hyper Casual FX/HCFX_Shine_06.prefab","917.9","Charging, magic circles, pickup shine, or status loops; loop effects need lifetime control."
"VFX_Klaus","Hyper Casual FX","Prefab","Magic / Energy","Magic/Energy","","HCFX_Shine_07","Assets/ThirdParty/VFX_Klaus/Prefabs/Hyper Casual FX/HCFX_Shine_07.prefab","577.4","Charging, magic circles, pickup shine, or status loops; loop effects need lifetime control."
"VFX_Klaus","Hyper Casual FX","Prefab","Elemental Splash / Burst","Splash","","HCFX_Splash_01","Assets/ThirdParty/VFX_Klaus/Prefabs/Hyper Casual FX/HCFX_Splash_01.prefab","357.3","Use for spell bursts and ground impacts; air variants attach to targets, floor variants sit on ground."
"VFX_Klaus","Hyper Casual FX","Prefab","Elemental Splash / Burst","Splash","","HCFX_Splash_02","Assets/ThirdParty/VFX_Klaus/Prefabs/Hyper Casual FX/HCFX_Splash_02.prefab","354.1","Use for spell bursts and ground impacts; air variants attach to targets, floor variants sit on ground."
"VFX_Klaus","Hyper Casual FX","Prefab","Elemental Splash / Burst","Splash","","HCFX_Splash_03","Assets/ThirdParty/VFX_Klaus/Prefabs/Hyper Casual FX/HCFX_Splash_03.prefab","5.7","Use for spell bursts and ground impacts; air variants attach to targets, floor variants sit on ground."
"VFX_Klaus","Hyper Casual FX","Prefab","Utility/Resource","","","HCFX_Stun","Assets/ThirdParty/VFX_Klaus/Prefabs/Hyper Casual FX/HCFX_Stun.prefab","231.2","Reusable resource component for materials, textures, shaders, data, prefabs, or new VFX assemblies."
"VFX_Klaus","Hyper Casual FX","Readme/Text","Utility/Resource","","","ReadMe_Hyper Casual FX","Assets/ThirdParty/VFX_Klaus/Prefabs/Hyper Casual FX/ReadMe_Hyper Casual FX.txt","1.9","Reusable resource component for materials, textures, shaders, data, prefabs, or new VFX assemblies."
"VFX_Klaus","Materials","Material","Material","","","Mat_fx_elements_set_01_highlight_inner","Assets/ThirdParty/VFX_Klaus/Materials/Mat_fx_elements_set_01_highlight_inner.mat","3.9","Reusable resource component for materials, textures, shaders, data, prefabs, or new VFX assemblies."
"VFX_Klaus","Materials","Material","Material","","","Mat_fx_elements_set_01_highlight_outer","Assets/ThirdParty/VFX_Klaus/Materials/Mat_fx_elements_set_01_highlight_outer.mat","3.8","Reusable resource component for materials, textures, shaders, data, prefabs, or new VFX assemblies."
"VFX_Klaus","Materials","Material","Material","","","Mat_fx_elements_set_02_highlight_inner","Assets/ThirdParty/VFX_Klaus/Materials/Mat_fx_elements_set_02_highlight_inner.mat","3.9","Reusable resource component for materials, textures, shaders, data, prefabs, or new VFX assemblies."
"VFX_Klaus","Materials","Material","Material","","","Mat_fx_elements_set_03_highlight_inner","Assets/ThirdParty/VFX_Klaus/Materials/Mat_fx_elements_set_03_highlight_inner.mat","3.9","Reusable resource component for materials, textures, shaders, data, prefabs, or new VFX assemblies."
"VFX_Klaus","Materials","Material","Material","","","Mat_fx_HCFX_set_add","Assets/ThirdParty/VFX_Klaus/Materials/Mat_fx_HCFX_set_add.mat","5.4","Reusable resource component for materials, textures, shaders, data, prefabs, or new VFX assemblies."
"VFX_Klaus","Materials","Material","Material","","","Mat_fx_HCFX_set_apb","Assets/ThirdParty/VFX_Klaus/Materials/Mat_fx_HCFX_set_apb.mat","5.4","Reusable resource component for materials, textures, shaders, data, prefabs, or new VFX assemblies."
"VFX_Klaus","Materials","Material","Material","Hit/Impact; Slash/Trail; Comic Text","","Mat_fx_Hit&Slash_add","Assets/ThirdParty/VFX_Klaus/Materials/Mat_fx_Hit&Slash_add.mat","3.4","Reusable resource component for materials, textures, shaders, data, prefabs, or new VFX assemblies."
"VFX_Klaus","Materials","Material","Material","Hit/Impact; Slash/Trail; Comic Text","","Mat_fx_Hit&Slash_apb","Assets/ThirdParty/VFX_Klaus/Materials/Mat_fx_Hit&Slash_apb.mat","3.4","Reusable resource component for materials, textures, shaders, data, prefabs, or new VFX assemblies."
"VFX_Klaus","Materials","Material","Material","Projectile; Hit/Impact","","Mat_fx_Shoot&Hit_set_add","Assets/ThirdParty/VFX_Klaus/Materials/Mat_fx_Shoot&Hit_set_add.mat","3.6","Reusable resource component for materials, textures, shaders, data, prefabs, or new VFX assemblies."
"VFX_Klaus","Materials","Material","Material","Projectile; Hit/Impact","","Mat_fx_Shoot&Hit_set_apb","Assets/ThirdParty/VFX_Klaus/Materials/Mat_fx_Shoot&Hit_set_apb.mat","3.6","Reusable resource component for materials, textures, shaders, data, prefabs, or new VFX assemblies."
"VFX_Klaus","Materials","Material","Material","Projectile; Hit/Impact","","Mat_fx_Shoot&HitVol2_Modeling","Assets/ThirdParty/VFX_Klaus/Materials/Mat_fx_Shoot&HitVol2_Modeling.mat","5","Reusable resource component for materials, textures, shaders, data, prefabs, or new VFX assemblies."
"VFX_Klaus","Materials","Material","Material","Splash","","Mat_fx_splash_set_highlight_inner","Assets/ThirdParty/VFX_Klaus/Materials/Mat_fx_splash_set_highlight_inner.mat","3.9","Reusable resource component for materials, textures, shaders, data, prefabs, or new VFX assemblies."
"VFX_Klaus","Materials","Material","Material","Splash","","Mat_fx_splash_set_highlight_outer","Assets/ThirdParty/VFX_Klaus/Materials/Mat_fx_splash_set_highlight_outer.mat","3.8","Reusable resource component for materials, textures, shaders, data, prefabs, or new VFX assemblies."
"VFX_Klaus","Materials","Material","Material","","","VFX_lab","Assets/ThirdParty/VFX_Klaus/Materials/VFX_lab.mat","2.6","Reusable resource component for materials, textures, shaders, data, prefabs, or new VFX assemblies."
"VFX_Klaus","Materials","Material","Material","","","VFX_lab_HyperCasualFX","Assets/ThirdParty/VFX_Klaus/Materials/VFX_lab_HyperCasualFX.mat","4.9","Reusable resource component for materials, textures, shaders, data, prefabs, or new VFX assemblies."
"VFX_Klaus","Materials","Material","Material","","","VFX_lab_HyperCasualFX_Player","Assets/ThirdParty/VFX_Klaus/Materials/VFX_lab_HyperCasualFX_Player.mat","4.9","Reusable resource component for materials, textures, shaders, data, prefabs, or new VFX assemblies."
"VFX_Klaus","Materials","Material","Material","","","VFX_lab_object","Assets/ThirdParty/VFX_Klaus/Materials/VFX_lab_object.mat","3.1","Reusable resource component for materials, textures, shaders, data, prefabs, or new VFX assemblies."
"VFX_Klaus","Materials","Material","Material","Projectile; Hit/Impact","","VFX_lab_Stylized Shoot & Hit Vol.2","Assets/ThirdParty/VFX_Klaus/Materials/VFX_lab_Stylized Shoot & Hit Vol.2.mat","3","Reusable resource component for materials, textures, shaders, data, prefabs, or new VFX assemblies."
"VFX_Klaus","Materials","Material","Material","Projectile; Hit/Impact","","VFX_lab_Stylized Shoot & Hit Vol.2_object","Assets/ThirdParty/VFX_Klaus/Materials/VFX_lab_Stylized Shoot & Hit Vol.2_object.mat","3","Reusable resource component for materials, textures, shaders, data, prefabs, or new VFX assemblies."
"VFX_Klaus","Shaders","Shader","Shader","Hit/Impact; Slash/Trail; Comic Text","","Fx_Hit&Slash_add","Assets/ThirdParty/VFX_Klaus/Shaders/Fx_Hit&Slash_add.shader","3","Reusable resource component for materials, textures, shaders, data, prefabs, or new VFX assemblies."
"VFX_Klaus","Shaders","Shader","Shader","Hit/Impact; Slash/Trail; Comic Text","","Fx_Hit&Slash_apb","Assets/ThirdParty/VFX_Klaus/Shaders/Fx_Hit&Slash_apb.shader","2.9","Reusable resource component for materials, textures, shaders, data, prefabs, or new VFX assemblies."
"VFX_Klaus","Shaders","Shader","Shader","","","VFX_lab","Assets/ThirdParty/VFX_Klaus/Shaders/VFX_lab.shader","1.1","Reusable resource component for materials, textures, shaders, data, prefabs, or new VFX assemblies."
"VFX_Klaus","Shaders","Shader Graph","Shader Graph","Explosion","","Explosion_lab_SG","Assets/ThirdParty/VFX_Klaus/Shaders/Explosion_lab_SG.shadergraph","43","Reusable resource component for materials, textures, shaders, data, prefabs, or new VFX assemblies."
"VFX_Klaus","Shaders","Shader Graph","Shader Graph","","","Fx_dissolve_particle_apb","Assets/ThirdParty/VFX_Klaus/Shaders/Fx_dissolve_particle_apb.shadergraph","204.8","Reusable resource component for materials, textures, shaders, data, prefabs, or new VFX assemblies."
"VFX_Klaus","Shaders","Shader Graph","Shader Graph","Hit/Impact; Slash/Trail; Comic Text","","Fx_Hit&Slash_add_SG","Assets/ThirdParty/VFX_Klaus/Shaders/Fx_Hit&Slash_add_SG.shadergraph","136.4","Reusable resource component for materials, textures, shaders, data, prefabs, or new VFX assemblies."
"VFX_Klaus","Shaders","Shader Graph","Shader Graph","Hit/Impact; Slash/Trail; Comic Text","","Fx_Hit&Slash_apb_SG","Assets/ThirdParty/VFX_Klaus/Shaders/Fx_Hit&Slash_apb_SG.shadergraph","164.3","Reusable resource component for materials, textures, shaders, data, prefabs, or new VFX assemblies."
"VFX_Klaus","Shaders","Shader Graph","Shader Graph","Projectile; Hit/Impact","","Fx_Shoot&Hit_Particle_add","Assets/ThirdParty/VFX_Klaus/Shaders/Fx_Shoot&Hit_Particle_add.shadergraph","147.9","Reusable resource component for materials, textures, shaders, data, prefabs, or new VFX assemblies."
"VFX_Klaus","Shaders","Shader Graph","Shader Graph","Projectile; Hit/Impact","","Fx_Shoot&Hit_Particle_apb","Assets/ThirdParty/VFX_Klaus/Shaders/Fx_Shoot&Hit_Particle_apb.shadergraph","145.9","Reusable resource component for materials, textures, shaders, data, prefabs, or new VFX assemblies."
"VFX_Klaus","Shaders","Shader Graph","Shader Graph","Projectile; Hit/Impact","","Fx_Shoot&HitVol2_Modeling","Assets/ThirdParty/VFX_Klaus/Shaders/Fx_Shoot&HitVol2_Modeling.shadergraph","86.5","Reusable resource component for materials, textures, shaders, data, prefabs, or new VFX assemblies."
"VFX_Klaus","Shaders","Shader Graph","Shader Graph","","","HCFX_Particle_add","Assets/ThirdParty/VFX_Klaus/Shaders/HCFX_Particle_add.shadergraph","137.4","Reusable resource component for materials, textures, shaders, data, prefabs, or new VFX assemblies."
"VFX_Klaus","Shaders","Shader Graph","Shader Graph","","","HCFX_Particle_apb","Assets/ThirdParty/VFX_Klaus/Shaders/HCFX_Particle_apb.shadergraph","133.3","Reusable resource component for materials, textures, shaders, data, prefabs, or new VFX assemblies."
"VFX_Klaus","Shaders","Shader Graph","Shader Graph","","","VFX_lab_SG","Assets/ThirdParty/VFX_Klaus/Shaders/VFX_lab_SG.shadergraph","37.4","Reusable resource component for materials, textures, shaders, data, prefabs, or new VFX assemblies."
"VFX_Klaus","Stylized Element Splash Vol.1","Prefab","Elemental Splash / Burst","Splash","","FX_splash_demon_air","Assets/ThirdParty/VFX_Klaus/Prefabs/Stylized_Element_Splash_vol.1/FX_splash_demon_air.prefab","696.2","Use for spell bursts and ground impacts; air variants attach to targets, floor variants sit on ground."
"VFX_Klaus","Stylized Element Splash Vol.1","Prefab","Elemental Splash / Burst","Splash","Ground/Area","FX_splash_demon_floor","Assets/ThirdParty/VFX_Klaus/Prefabs/Stylized_Element_Splash_vol.1/FX_splash_demon_floor.prefab","924.8","Use for spell bursts and ground impacts; air variants attach to targets, floor variants sit on ground."
"VFX_Klaus","Stylized Element Splash Vol.1","Prefab","Elemental Splash / Burst","Splash; Air/Dust/Fog","","FX_splash_dust_air","Assets/ThirdParty/VFX_Klaus/Prefabs/Stylized_Element_Splash_vol.1/FX_splash_dust_air.prefab","584.8","Use for spell bursts and ground impacts; air variants attach to targets, floor variants sit on ground."
"VFX_Klaus","Stylized Element Splash Vol.1","Prefab","Elemental Splash / Burst","Splash; Air/Dust/Fog","Ground/Area","FX_splash_dust_floor","Assets/ThirdParty/VFX_Klaus/Prefabs/Stylized_Element_Splash_vol.1/FX_splash_dust_floor.prefab","699","Use for spell bursts and ground impacts; air variants attach to targets, floor variants sit on ground."
"VFX_Klaus","Stylized Element Splash Vol.1","Prefab","Elemental Splash / Burst","Splash; Electric","","FX_splash_electric_air","Assets/ThirdParty/VFX_Klaus/Prefabs/Stylized_Element_Splash_vol.1/FX_splash_electric_air.prefab","969.3","Use for spell bursts and ground impacts; air variants attach to targets, floor variants sit on ground."
"VFX_Klaus","Stylized Element Splash Vol.1","Prefab","Elemental Splash / Burst","Splash; Electric","Ground/Area","FX_splash_electric_floor","Assets/ThirdParty/VFX_Klaus/Prefabs/Stylized_Element_Splash_vol.1/FX_splash_electric_floor.prefab","1210.1","Use for spell bursts and ground impacts; air variants attach to targets, floor variants sit on ground."
"VFX_Klaus","Stylized Element Splash Vol.1","Prefab","Elemental Splash / Burst","Splash; Magic/Energy","","FX_splash_energy_01_air","Assets/ThirdParty/VFX_Klaus/Prefabs/Stylized_Element_Splash_vol.1/FX_splash_energy_01_air.prefab","352","Use for spell bursts and ground impacts; air variants attach to targets, floor variants sit on ground."
"VFX_Klaus","Stylized Element Splash Vol.1","Prefab","Elemental Splash / Burst","Splash; Magic/Energy","Ground/Area","FX_splash_energy_01_floor","Assets/ThirdParty/VFX_Klaus/Prefabs/Stylized_Element_Splash_vol.1/FX_splash_energy_01_floor.prefab","470.8","Use for spell bursts and ground impacts; air variants attach to targets, floor variants sit on ground."
"VFX_Klaus","Stylized Element Splash Vol.1","Prefab","Elemental Splash / Burst","Splash; Magic/Energy","","FX_splash_energy_02_air","Assets/ThirdParty/VFX_Klaus/Prefabs/Stylized_Element_Splash_vol.1/FX_splash_energy_02_air.prefab","574.2","Use for spell bursts and ground impacts; air variants attach to targets, floor variants sit on ground."
"VFX_Klaus","Stylized Element Splash Vol.1","Prefab","Elemental Splash / Burst","Splash; Magic/Energy","Ground/Area","FX_splash_energy_02_floor","Assets/ThirdParty/VFX_Klaus/Prefabs/Stylized_Element_Splash_vol.1/FX_splash_energy_02_floor.prefab","688.4","Use for spell bursts and ground impacts; air variants attach to targets, floor variants sit on ground."
"VFX_Klaus","Stylized Element Splash Vol.1","Prefab","Elemental Splash / Burst","Splash; Explosion","","FX_splash_explosion_01_air","Assets/ThirdParty/VFX_Klaus/Prefabs/Stylized_Element_Splash_vol.1/FX_splash_explosion_01_air.prefab","708.5","Use for spell bursts and ground impacts; air variants attach to targets, floor variants sit on ground."
"VFX_Klaus","Stylized Element Splash Vol.1","Prefab","Elemental Splash / Burst","Splash; Explosion","Ground/Area","FX_splash_explosion_01_floor","Assets/ThirdParty/VFX_Klaus/Prefabs/Stylized_Element_Splash_vol.1/FX_splash_explosion_01_floor.prefab","937.2","Use for spell bursts and ground impacts; air variants attach to targets, floor variants sit on ground."
"VFX_Klaus","Stylized Element Splash Vol.1","Prefab","Elemental Splash / Burst","Splash; Explosion","","FX_splash_explosion_02_air","Assets/ThirdParty/VFX_Klaus/Prefabs/Stylized_Element_Splash_vol.1/FX_splash_explosion_02_air.prefab","699","Use for spell bursts and ground impacts; air variants attach to targets, floor variants sit on ground."
"VFX_Klaus","Stylized Element Splash Vol.1","Prefab","Elemental Splash / Burst","Splash; Explosion","Ground/Area","FX_splash_explosion_02_floor","Assets/ThirdParty/VFX_Klaus/Prefabs/Stylized_Element_Splash_vol.1/FX_splash_explosion_02_floor.prefab","1042.9","Use for spell bursts and ground impacts; air variants attach to targets, floor variants sit on ground."
"VFX_Klaus","Stylized Element Splash Vol.1","Prefab","Elemental Splash / Burst","Splash","Ground/Area","FX_splash_force_01_floor","Assets/ThirdParty/VFX_Klaus/Prefabs/Stylized_Element_Splash_vol.1/FX_splash_force_01_floor.prefab","1396.6","Use for spell bursts and ground impacts; air variants attach to targets, floor variants sit on ground."
"VFX_Klaus","Stylized Element Splash Vol.1","Prefab","Elemental Splash / Burst","Splash","","FX_splash_force_02_air","Assets/ThirdParty/VFX_Klaus/Prefabs/Stylized_Element_Splash_vol.1/FX_splash_force_02_air.prefab","1279.6","Use for spell bursts and ground impacts; air variants attach to targets, floor variants sit on ground."
"VFX_Klaus","Stylized Element Splash Vol.1","Prefab","Elemental Splash / Burst","Splash","Ground/Area","FX_splash_force_02_floor","Assets/ThirdParty/VFX_Klaus/Prefabs/Stylized_Element_Splash_vol.1/FX_splash_force_02_floor.prefab","1396.9","Use for spell bursts and ground impacts; air variants attach to targets, floor variants sit on ground."
"VFX_Klaus","Stylized Element Splash Vol.1","Prefab","Elemental Splash / Burst","Splash; Ice/Crystal","","FX_splash_ice_air","Assets/ThirdParty/VFX_Klaus/Prefabs/Stylized_Element_Splash_vol.1/FX_splash_ice_air.prefab","939.5","Use for spell bursts and ground impacts; air variants attach to targets, floor variants sit on ground."
"VFX_Klaus","Stylized Element Splash Vol.1","Prefab","Elemental Splash / Burst","Splash; Ice/Crystal","Ground/Area","FX_splash_ice_floor","Assets/ThirdParty/VFX_Klaus/Prefabs/Stylized_Element_Splash_vol.1/FX_splash_ice_floor.prefab","1172.3","Use for spell bursts and ground impacts; air variants attach to targets, floor variants sit on ground."
"VFX_Klaus","Stylized Element Splash Vol.1","Prefab","Elemental Splash / Burst","Splash; Fire","","FX_splash_lava_air","Assets/ThirdParty/VFX_Klaus/Prefabs/Stylized_Element_Splash_vol.1/FX_splash_lava_air.prefab","809.2","Use for spell bursts and ground impacts; air variants attach to targets, floor variants sit on ground."
"VFX_Klaus","Stylized Element Splash Vol.1","Prefab","Elemental Splash / Burst","Splash; Fire","Ground/Area","FX_splash_lava_floor","Assets/ThirdParty/VFX_Klaus/Prefabs/Stylized_Element_Splash_vol.1/FX_splash_lava_floor.prefab","925.2","Use for spell bursts and ground impacts; air variants attach to targets, floor variants sit on ground."
"VFX_Klaus","Stylized Element Splash Vol.1","Prefab","Elemental Splash / Burst","Splash","","FX_splash_light_air","Assets/ThirdParty/VFX_Klaus/Prefabs/Stylized_Element_Splash_vol.1/FX_splash_light_air.prefab","813.8","Use for spell bursts and ground impacts; air variants attach to targets, floor variants sit on ground."
"VFX_Klaus","Stylized Element Splash Vol.1","Prefab","Elemental Splash / Burst","Splash","Ground/Area","FX_splash_light_floor","Assets/ThirdParty/VFX_Klaus/Prefabs/Stylized_Element_Splash_vol.1/FX_splash_light_floor.prefab","931.1","Use for spell bursts and ground impacts; air variants attach to targets, floor variants sit on ground."
"VFX_Klaus","Stylized Element Splash Vol.1","Prefab","Elemental Splash / Burst","Splash; Poison/Gas","","FX_splash_poison_air","Assets/ThirdParty/VFX_Klaus/Prefabs/Stylized_Element_Splash_vol.1/FX_splash_poison_air.prefab","701.1","Use for spell bursts and ground impacts; air variants attach to targets, floor variants sit on ground."
"VFX_Klaus","Stylized Element Splash Vol.1","Prefab","Elemental Splash / Burst","Splash; Poison/Gas","Ground/Area","FX_splash_poison_floor","Assets/ThirdParty/VFX_Klaus/Prefabs/Stylized_Element_Splash_vol.1/FX_splash_poison_floor.prefab","1050.8","Use for spell bursts and ground impacts; air variants attach to targets, floor variants sit on ground."
"VFX_Klaus","Stylized Element Splash Vol.1","Prefab","Elemental Splash / Burst","Splash; Magic/Energy","Ground/Area","FX_splash_portal_floor","Assets/ThirdParty/VFX_Klaus/Prefabs/Stylized_Element_Splash_vol.1/FX_splash_portal_floor.prefab","1156.1","Use for spell bursts and ground impacts; air variants attach to targets, floor variants sit on ground."
"VFX_Klaus","Stylized Element Splash Vol.1","Prefab","Elemental Splash / Burst","Splash; Liquid/Blood","","FX_splash_water_air","Assets/ThirdParty/VFX_Klaus/Prefabs/Stylized_Element_Splash_vol.1/FX_splash_water_air.prefab","462.5","Use for spell bursts and ground impacts; air variants attach to targets, floor variants sit on ground."
"VFX_Klaus","Stylized Element Splash Vol.1","Prefab","Elemental Splash / Burst","Splash; Liquid/Blood","Ground/Area","FX_splash_water_floor","Assets/ThirdParty/VFX_Klaus/Prefabs/Stylized_Element_Splash_vol.1/FX_splash_water_floor.prefab","690.4","Use for spell bursts and ground impacts; air variants attach to targets, floor variants sit on ground."
"VFX_Klaus","Stylized Element Splash Vol.1","Prefab","Elemental Splash / Burst","Splash; Air/Dust/Fog","","FX_splash_wind_air","Assets/ThirdParty/VFX_Klaus/Prefabs/Stylized_Element_Splash_vol.1/FX_splash_wind_air.prefab","806.4","Use for spell bursts and ground impacts; air variants attach to targets, floor variants sit on ground."
"VFX_Klaus","Stylized Element Splash Vol.1","Prefab","Elemental Splash / Burst","Splash; Air/Dust/Fog","Ground/Area","FX_splash_wind_floor","Assets/ThirdParty/VFX_Klaus/Prefabs/Stylized_Element_Splash_vol.1/FX_splash_wind_floor.prefab","805","Use for spell bursts and ground impacts; air variants attach to targets, floor variants sit on ground."
"VFX_Klaus","Stylized Element Splash Vol.2","Prefab","Elemental Splash / Burst","Splash; Ice/Crystal","","FX_splash_crystal_air","Assets/ThirdParty/VFX_Klaus/Prefabs/Stylized_Element_Splash_vol.2/FX_splash_crystal_air.prefab","1055.6","Use for spell bursts and ground impacts; air variants attach to targets, floor variants sit on ground."
"VFX_Klaus","Stylized Element Splash Vol.2","Prefab","Elemental Splash / Burst","Splash; Ice/Crystal","Ground/Area","FX_splash_crystal_floor","Assets/ThirdParty/VFX_Klaus/Prefabs/Stylized_Element_Splash_vol.2/FX_splash_crystal_floor.prefab","1168.4","Use for spell bursts and ground impacts; air variants attach to targets, floor variants sit on ground."
"VFX_Klaus","Stylized Element Splash Vol.2","Prefab","Elemental Splash / Burst","Splash; Magic/Energy","Ground/Area","FX_splash_energy_floor","Assets/ThirdParty/VFX_Klaus/Prefabs/Stylized_Element_Splash_vol.2/FX_splash_energy_floor.prefab","693.5","Use for spell bursts and ground impacts; air variants attach to targets, floor variants sit on ground."
"VFX_Klaus","Stylized Element Splash Vol.2","Prefab","Elemental Splash / Burst","Splash; Explosion","","FX_splash_explosion_air","Assets/ThirdParty/VFX_Klaus/Prefabs/Stylized_Element_Splash_vol.2/FX_splash_explosion_air.prefab","689.2","Use for spell bursts and ground impacts; air variants attach to targets, floor variants sit on ground."
"VFX_Klaus","Stylized Element Splash Vol.2","Prefab","Elemental Splash / Burst","Splash; Explosion","Ground/Area","FX_splash_explosion_floor","Assets/ThirdParty/VFX_Klaus/Prefabs/Stylized_Element_Splash_vol.2/FX_splash_explosion_floor.prefab","1259.7","Use for spell bursts and ground impacts; air variants attach to targets, floor variants sit on ground."
"VFX_Klaus","Stylized Element Splash Vol.2","Prefab","Elemental Splash / Burst","Splash","","FX_splash_eye_air","Assets/ThirdParty/VFX_Klaus/Prefabs/Stylized_Element_Splash_vol.2/FX_splash_eye_air.prefab","713.9","Use for spell bursts and ground impacts; air variants attach to targets, floor variants sit on ground."
"VFX_Klaus","Stylized Element Splash Vol.2","Prefab","Elemental Splash / Burst","Splash","Ground/Area","FX_splash_eye_floor","Assets/ThirdParty/VFX_Klaus/Prefabs/Stylized_Element_Splash_vol.2/FX_splash_eye_floor.prefab","941.7","Use for spell bursts and ground impacts; air variants attach to targets, floor variants sit on ground."
"VFX_Klaus","Stylized Element Splash Vol.2","Prefab","Elemental Splash / Burst","Splash","","FX_splash_glass_air","Assets/ThirdParty/VFX_Klaus/Prefabs/Stylized_Element_Splash_vol.2/FX_splash_glass_air.prefab","696.2","Use for spell bursts and ground impacts; air variants attach to targets, floor variants sit on ground."
"VFX_Klaus","Stylized Element Splash Vol.2","Prefab","Elemental Splash / Burst","Splash","Ground/Area","FX_splash_glass_floor","Assets/ThirdParty/VFX_Klaus/Prefabs/Stylized_Element_Splash_vol.2/FX_splash_glass_floor.prefab","927.5","Use for spell bursts and ground impacts; air variants attach to targets, floor variants sit on ground."
"VFX_Klaus","Stylized Element Splash Vol.2","Prefab","Elemental Splash / Burst","Hit/Impact; Splash","","FX_splash_hit_01_air","Assets/ThirdParty/VFX_Klaus/Prefabs/Stylized_Element_Splash_vol.2/FX_splash_hit_01_air.prefab","461.5","Use for spell bursts and ground impacts; air variants attach to targets, floor variants sit on ground."
"VFX_Klaus","Stylized Element Splash Vol.2","Prefab","Elemental Splash / Burst","Hit/Impact; Splash","Ground/Area","FX_splash_hit_01_floor","Assets/ThirdParty/VFX_Klaus/Prefabs/Stylized_Element_Splash_vol.2/FX_splash_hit_01_floor.prefab","930.3","Use for spell bursts and ground impacts; air variants attach to targets, floor variants sit on ground."
"VFX_Klaus","Stylized Element Splash Vol.2","Prefab","Elemental Splash / Burst","Hit/Impact; Splash","","FX_splash_hit_02_air","Assets/ThirdParty/VFX_Klaus/Prefabs/Stylized_Element_Splash_vol.2/FX_splash_hit_02_air.prefab","347.6","Use for spell bursts and ground impacts; air variants attach to targets, floor variants sit on ground."
"VFX_Klaus","Stylized Element Splash Vol.2","Prefab","Elemental Splash / Burst","Hit/Impact; Splash","Ground/Area","FX_splash_hit_02_floor","Assets/ThirdParty/VFX_Klaus/Prefabs/Stylized_Element_Splash_vol.2/FX_splash_hit_02_floor.prefab","932.6","Use for spell bursts and ground impacts; air variants attach to targets, floor variants sit on ground."
"VFX_Klaus","Stylized Element Splash Vol.2","Prefab","Elemental Splash / Burst","Splash","","FX_splash_light_air","Assets/ThirdParty/VFX_Klaus/Prefabs/Stylized_Element_Splash_vol.2/FX_splash_light_air.prefab","686.9","Use for spell bursts and ground impacts; air variants attach to targets, floor variants sit on ground."
"VFX_Klaus","Stylized Element Splash Vol.2","Prefab","Elemental Splash / Burst","Splash","Ground/Area","FX_splash_light_floor","Assets/ThirdParty/VFX_Klaus/Prefabs/Stylized_Element_Splash_vol.2/FX_splash_light_floor.prefab","687.2","Use for spell bursts and ground impacts; air variants attach to targets, floor variants sit on ground."
"VFX_Klaus","Stylized Element Splash Vol.2","Prefab","Elemental Splash / Burst","Splash; Magic/Energy","","FX_splash_magic_01_air","Assets/ThirdParty/VFX_Klaus/Prefabs/Stylized_Element_Splash_vol.2/FX_splash_magic_01_air.prefab","814.5","Use for spell bursts and ground impacts; air variants attach to targets, floor variants sit on ground."
"VFX_Klaus","Stylized Element Splash Vol.2","Prefab","Elemental Splash / Burst","Splash; Magic/Energy","Ground/Area","FX_splash_magic_01_floor","Assets/ThirdParty/VFX_Klaus/Prefabs/Stylized_Element_Splash_vol.2/FX_splash_magic_01_floor.prefab","1047.7","Use for spell bursts and ground impacts; air variants attach to targets, floor variants sit on ground."
"VFX_Klaus","Stylized Element Splash Vol.2","Prefab","Elemental Splash / Burst","Splash; Magic/Energy","Ground/Area","FX_splash_magic_02_floor","Assets/ThirdParty/VFX_Klaus/Prefabs/Stylized_Element_Splash_vol.2/FX_splash_magic_02_floor.prefab","1491.6","Use for spell bursts and ground impacts; air variants attach to targets, floor variants sit on ground."
"VFX_Klaus","Stylized Element Splash Vol.2","Prefab","Elemental Splash / Burst","Splash; Magic/Energy","","FX_splash_magic_03_air","Assets/ThirdParty/VFX_Klaus/Prefabs/Stylized_Element_Splash_vol.2/FX_splash_magic_03_air.prefab","1043.4","Use for spell bursts and ground impacts; air variants attach to targets, floor variants sit on ground."
"VFX_Klaus","Stylized Element Splash Vol.2","Prefab","Elemental Splash / Burst","Splash; Magic/Energy","Ground/Area","FX_splash_magic_03_floor","Assets/ThirdParty/VFX_Klaus/Prefabs/Stylized_Element_Splash_vol.2/FX_splash_magic_03_floor.prefab","1389.5","Use for spell bursts and ground impacts; air variants attach to targets, floor variants sit on ground."
"VFX_Klaus","Stylized Element Splash Vol.2","Prefab","Elemental Splash / Burst","Splash; Magic/Energy","Ground/Area","FX_splash_magic_04_floor","Assets/ThirdParty/VFX_Klaus/Prefabs/Stylized_Element_Splash_vol.2/FX_splash_magic_04_floor.prefab","824.6","Use for spell bursts and ground impacts; air variants attach to targets, floor variants sit on ground."
"VFX_Klaus","Stylized Element Splash Vol.2","Prefab","Elemental Splash / Burst","Splash; Magic/Energy","Ground/Area","FX_splash_portal_floor","Assets/ThirdParty/VFX_Klaus/Prefabs/Stylized_Element_Splash_vol.2/FX_splash_portal_floor.prefab","584.5","Use for spell bursts and ground impacts; air variants attach to targets, floor variants sit on ground."
"VFX_Klaus","Stylized Element Splash Vol.2","Prefab","Elemental Splash / Burst","Hit/Impact; Splash","Ground/Area","FX_splash_power_floor","Assets/ThirdParty/VFX_Klaus/Prefabs/Stylized_Element_Splash_vol.2/FX_splash_power_floor.prefab","925.5","Use for spell bursts and ground impacts; air variants attach to targets, floor variants sit on ground."
"VFX_Klaus","Stylized Element Splash Vol.2","Prefab","Elemental Splash / Burst","Splash","Ground/Area","FX_splash_scar_floor","Assets/ThirdParty/VFX_Klaus/Prefabs/Stylized_Element_Splash_vol.2/FX_splash_scar_floor.prefab","1277.6","Use for spell bursts and ground impacts; air variants attach to targets, floor variants sit on ground."
"VFX_Klaus","Stylized Element Splash Vol.2","Prefab","Elemental Splash / Burst","Splash","","FX_splash_shadow_air","Assets/ThirdParty/VFX_Klaus/Prefabs/Stylized_Element_Splash_vol.2/FX_splash_shadow_air.prefab","584.6","Use for spell bursts and ground impacts; air variants attach to targets, floor variants sit on ground."
"VFX_Klaus","Stylized Element Splash Vol.2","Prefab","Elemental Splash / Burst","Splash","Ground/Area","FX_splash_shadow_floor","Assets/ThirdParty/VFX_Klaus/Prefabs/Stylized_Element_Splash_vol.2/FX_splash_shadow_floor.prefab","584.5","Use for spell bursts and ground impacts; air variants attach to targets, floor variants sit on ground."
"VFX_Klaus","Stylized Element Splash Vol.2","Prefab","Elemental Splash / Burst","Splash; Electric","","FX_splash_spark_air","Assets/ThirdParty/VFX_Klaus/Prefabs/Stylized_Element_Splash_vol.2/FX_splash_spark_air.prefab","582.9","Use for spell bursts and ground impacts; air variants attach to targets, floor variants sit on ground."
"VFX_Klaus","Stylized Element Splash Vol.2","Prefab","Elemental Splash / Burst","Splash; Electric","Ground/Area","FX_splash_spark_floor","Assets/ThirdParty/VFX_Klaus/Prefabs/Stylized_Element_Splash_vol.2/FX_splash_spark_floor.prefab","582.9","Use for spell bursts and ground impacts; air variants attach to targets, floor variants sit on ground."
"VFX_Klaus","Stylized Element Splash Vol.2","Prefab","Elemental Splash / Burst","Splash","Ground/Area","FX_splash_spear_floor","Assets/ThirdParty/VFX_Klaus/Prefabs/Stylized_Element_Splash_vol.2/FX_splash_spear_floor.prefab","1269.5","Use for spell bursts and ground impacts; air variants attach to targets, floor variants sit on ground."
"VFX_Klaus","Stylized Element Splash Vol.2","Prefab","Elemental Splash / Burst","Splash; Electric","Ground/Area","FX_splash_thunder_floor","Assets/ThirdParty/VFX_Klaus/Prefabs/Stylized_Element_Splash_vol.2/FX_splash_thunder_floor.prefab","1414.8","Use for spell bursts and ground impacts; air variants attach to targets, floor variants sit on ground."
"VFX_Klaus","Stylized Element Splash Vol.3","Prefab","Projectile / Shoot Chain","Projectile; Splash","Ground/Area","FX_splash_arrow_floor","Assets/ThirdParty/VFX_Klaus/Prefabs/Stylized_Element_Splash_vol.3/FX_splash_arrow_floor.prefab","1266.9","Complete shoot chain or reusable part; split into muzzle/projectile/hit stages."
"VFX_Klaus","Stylized Element Splash Vol.3","Prefab","Elemental Splash / Burst","Splash; Liquid/Blood","","FX_splash_blood_air","Assets/ThirdParty/VFX_Klaus/Prefabs/Stylized_Element_Splash_vol.3/FX_splash_blood_air.prefab","356.7","Use for spell bursts and ground impacts; air variants attach to targets, floor variants sit on ground."
"VFX_Klaus","Stylized Element Splash Vol.3","Prefab","Elemental Splash / Burst","Splash; Liquid/Blood","Ground/Area","FX_splash_blood_floor","Assets/ThirdParty/VFX_Klaus/Prefabs/Stylized_Element_Splash_vol.3/FX_splash_blood_floor.prefab","591.7","Use for spell bursts and ground impacts; air variants attach to targets, floor variants sit on ground."
"VFX_Klaus","Stylized Element Splash Vol.3","Prefab","Elemental Splash / Burst","Splash","","FX_splash_bug_air","Assets/ThirdParty/VFX_Klaus/Prefabs/Stylized_Element_Splash_vol.3/FX_splash_bug_air.prefab","590.4","Use for spell bursts and ground impacts; air variants attach to targets, floor variants sit on ground."
"VFX_Klaus","Stylized Element Splash Vol.3","Prefab","Elemental Splash / Burst","Splash","Ground/Area","FX_splash_bug_floor","Assets/ThirdParty/VFX_Klaus/Prefabs/Stylized_Element_Splash_vol.3/FX_splash_bug_floor.prefab","942.2","Use for spell bursts and ground impacts; air variants attach to targets, floor variants sit on ground."
"VFX_Klaus","Stylized Element Splash Vol.3","Prefab","Elemental Splash / Burst","Splash; Magic/Energy","Ground/Area","FX_splash_charge_floor","Assets/ThirdParty/VFX_Klaus/Prefabs/Stylized_Element_Splash_vol.3/FX_splash_charge_floor.prefab","1163.3","Use for spell bursts and ground impacts; air variants attach to targets, floor variants sit on ground."
"VFX_Klaus","Stylized Element Splash Vol.3","Prefab","Elemental Splash / Burst","Splash","","FX_splash_coin_air","Assets/ThirdParty/VFX_Klaus/Prefabs/Stylized_Element_Splash_vol.3/FX_splash_coin_air.prefab","806.2","Use for spell bursts and ground impacts; air variants attach to targets, floor variants sit on ground."
"VFX_Klaus","Stylized Element Splash Vol.3","Prefab","Elemental Splash / Burst","Splash","Ground/Area","FX_splash_coin_floor","Assets/ThirdParty/VFX_Klaus/Prefabs/Stylized_Element_Splash_vol.3/FX_splash_coin_floor.prefab","920.2","Use for spell bursts and ground impacts; air variants attach to targets, floor variants sit on ground."
"VFX_Klaus","Stylized Element Splash Vol.3","Prefab","Elemental Splash / Burst","Splash; Air/Dust/Fog","Ground/Area","FX_splash_dust_floor","Assets/ThirdParty/VFX_Klaus/Prefabs/Stylized_Element_Splash_vol.3/FX_splash_dust_floor.prefab","582","Use for spell bursts and ground impacts; air variants attach to targets, floor variants sit on ground."
"VFX_Klaus","Stylized Element Splash Vol.3","Prefab","Elemental Splash / Burst","Splash; Magic/Energy","Ground/Area","FX_splash_energy_01_floor","Assets/ThirdParty/VFX_Klaus/Prefabs/Stylized_Element_Splash_vol.3/FX_splash_energy_01_floor.prefab","1155.8","Use for spell bursts and ground impacts; air variants attach to targets, floor variants sit on ground."
"VFX_Klaus","Stylized Element Splash Vol.3","Prefab","Elemental Splash / Burst","Splash; Magic/Energy","Ground/Area","FX_splash_energy_02_floor","Assets/ThirdParty/VFX_Klaus/Prefabs/Stylized_Element_Splash_vol.3/FX_splash_energy_02_floor.prefab","1162.7","Use for spell bursts and ground impacts; air variants attach to targets, floor variants sit on ground."
"VFX_Klaus","Stylized Element Splash Vol.3","Prefab","Elemental Splash / Burst","Splash; Explosion","","FX_splash_explosion_air","Assets/ThirdParty/VFX_Klaus/Prefabs/Stylized_Element_Splash_vol.3/FX_splash_explosion_air.prefab","701.1","Use for spell bursts and ground impacts; air variants attach to targets, floor variants sit on ground."
"VFX_Klaus","Stylized Element Splash Vol.3","Prefab","Elemental Splash / Burst","Splash; Explosion","Ground/Area","FX_splash_explosion_floor","Assets/ThirdParty/VFX_Klaus/Prefabs/Stylized_Element_Splash_vol.3/FX_splash_explosion_floor.prefab","931.6","Use for spell bursts and ground impacts; air variants attach to targets, floor variants sit on ground."
"VFX_Klaus","Stylized Element Splash Vol.3","Prefab","Elemental Splash / Burst","Splash; Fire","","FX_splash_fire_air","Assets/ThirdParty/VFX_Klaus/Prefabs/Stylized_Element_Splash_vol.3/FX_splash_fire_air.prefab","693.2","Use for spell bursts and ground impacts; air variants attach to targets, floor variants sit on ground."
"VFX_Klaus","Stylized Element Splash Vol.3","Prefab","Elemental Splash / Burst","Splash; Fire","Ground/Area","FX_splash_fire_floor","Assets/ThirdParty/VFX_Klaus/Prefabs/Stylized_Element_Splash_vol.3/FX_splash_fire_floor.prefab","807.2","Use for spell bursts and ground impacts; air variants attach to targets, floor variants sit on ground."
"VFX_Klaus","Stylized Element Splash Vol.3","Prefab","Elemental Splash / Burst","Splash","","FX_splash_flash_air","Assets/ThirdParty/VFX_Klaus/Prefabs/Stylized_Element_Splash_vol.3/FX_splash_flash_air.prefab","961","Use for spell bursts and ground impacts; air variants attach to targets, floor variants sit on ground."
"VFX_Klaus","Stylized Element Splash Vol.3","Prefab","Elemental Splash / Burst","Splash","Ground/Area","FX_splash_flash_floor","Assets/ThirdParty/VFX_Klaus/Prefabs/Stylized_Element_Splash_vol.3/FX_splash_flash_floor.prefab","1429.9","Use for spell bursts and ground impacts; air variants attach to targets, floor variants sit on ground."
"VFX_Klaus","Stylized Element Splash Vol.3","Prefab","Elemental Splash / Burst","Splash; Poison/Gas","","FX_splash_gas_air","Assets/ThirdParty/VFX_Klaus/Prefabs/Stylized_Element_Splash_vol.3/FX_splash_gas_air.prefab","940.7","Use for spell bursts and ground impacts; air variants attach to targets, floor variants sit on ground."
"VFX_Klaus","Stylized Element Splash Vol.3","Prefab","Elemental Splash / Burst","Splash; Poison/Gas","Ground/Area","FX_splash_gas_floor","Assets/ThirdParty/VFX_Klaus/Prefabs/Stylized_Element_Splash_vol.3/FX_splash_gas_floor.prefab","1055.4","Use for spell bursts and ground impacts; air variants attach to targets, floor variants sit on ground."
"VFX_Klaus","Stylized Element Splash Vol.3","Prefab","Elemental Splash / Burst","Splash","Ground/Area","FX_splash_hand_floor","Assets/ThirdParty/VFX_Klaus/Prefabs/Stylized_Element_Splash_vol.3/FX_splash_hand_floor.prefab","1170.6","Use for spell bursts and ground impacts; air variants attach to targets, floor variants sit on ground."
"VFX_Klaus","Stylized Element Splash Vol.3","Prefab","Elemental Splash / Burst","Splash","Ground/Area","FX_splash_meteor_floor","Assets/ThirdParty/VFX_Klaus/Prefabs/Stylized_Element_Splash_vol.3/FX_splash_meteor_floor.prefab","1059.2","Use for spell bursts and ground impacts; air variants attach to targets, floor variants sit on ground."
"VFX_Klaus","Stylized Element Splash Vol.3","Prefab","Elemental Splash / Burst","Splash","Ground/Area","FX_splash_reaper_floor","Assets/ThirdParty/VFX_Klaus/Prefabs/Stylized_Element_Splash_vol.3/FX_splash_reaper_floor.prefab","1040.9","Use for spell bursts and ground impacts; air variants attach to targets, floor variants sit on ground."
"VFX_Klaus","Stylized Element Splash Vol.3","Prefab","Melee Slash / Weapon Trail","Slash/Trail; Splash; Comic Text","","FX_splash_slash_air","Assets/ThirdParty/VFX_Klaus/Prefabs/Stylized_Element_Splash_vol.3/FX_splash_slash_air.prefab","684.5","Use for melee swings, sword arcs, and weapon trails; layer with hit sparks and speed lines."
"VFX_Klaus","Stylized Element Splash Vol.3","Prefab","Melee Slash / Weapon Trail","Slash/Trail; Splash; Comic Text","Ground/Area","FX_splash_slash_floor","Assets/ThirdParty/VFX_Klaus/Prefabs/Stylized_Element_Splash_vol.3/FX_splash_slash_floor.prefab","684.5","Use for melee swings, sword arcs, and weapon trails; layer with hit sparks and speed lines."
"VFX_Klaus","Stylized Element Splash Vol.3","Prefab","Elemental Splash / Burst","Splash","","FX_splash_stone_air","Assets/ThirdParty/VFX_Klaus/Prefabs/Stylized_Element_Splash_vol.3/FX_splash_stone_air.prefab","1518.4","Use for spell bursts and ground impacts; air variants attach to targets, floor variants sit on ground."
"VFX_Klaus","Stylized Element Splash Vol.3","Prefab","Elemental Splash / Burst","Splash","Ground/Area","FX_splash_stone_floor","Assets/ThirdParty/VFX_Klaus/Prefabs/Stylized_Element_Splash_vol.3/FX_splash_stone_floor.prefab","1409.3","Use for spell bursts and ground impacts; air variants attach to targets, floor variants sit on ground."
"VFX_Klaus","Stylized Element Splash Vol.3","Prefab","Melee Slash / Weapon Trail","Slash/Trail; Splash","Ground/Area","FX_splash_sword_floor","Assets/ThirdParty/VFX_Klaus/Prefabs/Stylized_Element_Splash_vol.3/FX_splash_sword_floor.prefab","2346.1","Use for melee swings, sword arcs, and weapon trails; layer with hit sparks and speed lines."
"VFX_Klaus","Stylized Element Splash Vol.3","Prefab","Elemental Splash / Burst","Splash","Ground/Area","FX_splash_tar_floor","Assets/ThirdParty/VFX_Klaus/Prefabs/Stylized_Element_Splash_vol.3/FX_splash_tar_floor.prefab","1035.9","Use for spell bursts and ground impacts; air variants attach to targets, floor variants sit on ground."
"VFX_Klaus","Stylized Element Splash Vol.3","Prefab","Elemental Splash / Burst","Splash; Nature","Ground/Area","FX_splash_thorn_01_floor","Assets/ThirdParty/VFX_Klaus/Prefabs/Stylized_Element_Splash_vol.3/FX_splash_thorn_01_floor.prefab","1744.5","Use for spell bursts and ground impacts; air variants attach to targets, floor variants sit on ground."
"VFX_Klaus","Stylized Element Splash Vol.3","Prefab","Elemental Splash / Burst","Splash; Nature","Ground/Area","FX_splash_thorn_02_floor","Assets/ThirdParty/VFX_Klaus/Prefabs/Stylized_Element_Splash_vol.3/FX_splash_thorn_02_floor.prefab","1150.3","Use for spell bursts and ground impacts; air variants attach to targets, floor variants sit on ground."
"VFX_Klaus","Stylized Hit & Slash","Prefab","Melee Slash / Weapon Trail","Hit/Impact; Slash/Trail","","FX_hit_01","Assets/ThirdParty/VFX_Klaus/Prefabs/Stylized Hit & Slash/FX_hit_01.prefab","347","Use for melee swings, sword arcs, and weapon trails; layer with hit sparks and speed lines."
"VFX_Klaus","Stylized Hit & Slash","Prefab","Melee Slash / Weapon Trail","Hit/Impact; Slash/Trail","","FX_hit_02","Assets/ThirdParty/VFX_Klaus/Prefabs/Stylized Hit & Slash/FX_hit_02.prefab","582.5","Use for melee swings, sword arcs, and weapon trails; layer with hit sparks and speed lines."
"VFX_Klaus","Stylized Hit & Slash","Prefab","Melee Slash / Weapon Trail","Hit/Impact; Slash/Trail","","FX_hit_03","Assets/ThirdParty/VFX_Klaus/Prefabs/Stylized Hit & Slash/FX_hit_03.prefab","817.4","Use for melee swings, sword arcs, and weapon trails; layer with hit sparks and speed lines."
"VFX_Klaus","Stylized Hit & Slash","Prefab","Melee Slash / Weapon Trail","Hit/Impact; Slash/Trail","","FX_hit_04","Assets/ThirdParty/VFX_Klaus/Prefabs/Stylized Hit & Slash/FX_hit_04.prefab","576.5","Use for melee swings, sword arcs, and weapon trails; layer with hit sparks and speed lines."
"VFX_Klaus","Stylized Hit & Slash","Prefab","Melee Slash / Weapon Trail","Hit/Impact; Slash/Trail","","FX_hit_05","Assets/ThirdParty/VFX_Klaus/Prefabs/Stylized Hit & Slash/FX_hit_05.prefab","580.9","Use for melee swings, sword arcs, and weapon trails; layer with hit sparks and speed lines."
"VFX_Klaus","Stylized Hit & Slash","Prefab","Melee Slash / Weapon Trail","Hit/Impact; Slash/Trail","","FX_hit_06","Assets/ThirdParty/VFX_Klaus/Prefabs/Stylized Hit & Slash/FX_hit_06.prefab","464.2","Use for melee swings, sword arcs, and weapon trails; layer with hit sparks and speed lines."
"VFX_Klaus","Stylized Hit & Slash","Prefab","Melee Slash / Weapon Trail","Hit/Impact; Slash/Trail","","FX_hit_07","Assets/ThirdParty/VFX_Klaus/Prefabs/Stylized Hit & Slash/FX_hit_07.prefab","694.4","Use for melee swings, sword arcs, and weapon trails; layer with hit sparks and speed lines."
"VFX_Klaus","Stylized Hit & Slash","Prefab","Melee Slash / Weapon Trail","Hit/Impact; Slash/Trail","","FX_hit_08","Assets/ThirdParty/VFX_Klaus/Prefabs/Stylized Hit & Slash/FX_hit_08.prefab","586.6","Use for melee swings, sword arcs, and weapon trails; layer with hit sparks and speed lines."
"VFX_Klaus","Stylized Hit & Slash","Prefab","Melee Slash / Weapon Trail","Hit/Impact; Slash/Trail","","FX_hit_09","Assets/ThirdParty/VFX_Klaus/Prefabs/Stylized Hit & Slash/FX_hit_09.prefab","696.2","Use for melee swings, sword arcs, and weapon trails; layer with hit sparks and speed lines."
"VFX_Klaus","Stylized Hit & Slash","Prefab","Melee Slash / Weapon Trail","Hit/Impact; Slash/Trail","","FX_hit_10","Assets/ThirdParty/VFX_Klaus/Prefabs/Stylized Hit & Slash/FX_hit_10.prefab","460.3","Use for melee swings, sword arcs, and weapon trails; layer with hit sparks and speed lines."
"VFX_Klaus","Stylized Hit & Slash","Prefab","Melee Slash / Weapon Trail","Hit/Impact; Slash/Trail","","FX_hit_11","Assets/ThirdParty/VFX_Klaus/Prefabs/Stylized Hit & Slash/FX_hit_11.prefab","689.2","Use for melee swings, sword arcs, and weapon trails; layer with hit sparks and speed lines."
"VFX_Klaus","Stylized Hit & Slash","Prefab","Melee Slash / Weapon Trail","Hit/Impact; Slash/Trail","","FX_hit_12","Assets/ThirdParty/VFX_Klaus/Prefabs/Stylized Hit & Slash/FX_hit_12.prefab","1262.7","Use for melee swings, sword arcs, and weapon trails; layer with hit sparks and speed lines."
"VFX_Klaus","Stylized Hit & Slash","Prefab","Melee Slash / Weapon Trail","Hit/Impact; Slash/Trail","","FX_hit_13","Assets/ThirdParty/VFX_Klaus/Prefabs/Stylized Hit & Slash/FX_hit_13.prefab","469.9","Use for melee swings, sword arcs, and weapon trails; layer with hit sparks and speed lines."
"VFX_Klaus","Stylized Hit & Slash","Prefab","Melee Slash / Weapon Trail","Hit/Impact; Slash/Trail","","FX_hit_14","Assets/ThirdParty/VFX_Klaus/Prefabs/Stylized Hit & Slash/FX_hit_14.prefab","458.4","Use for melee swings, sword arcs, and weapon trails; layer with hit sparks and speed lines."
"VFX_Klaus","Stylized Hit & Slash","Prefab","Melee Slash / Weapon Trail","Hit/Impact; Slash/Trail","","FX_hit_15","Assets/ThirdParty/VFX_Klaus/Prefabs/Stylized Hit & Slash/FX_hit_15.prefab","571","Use for melee swings, sword arcs, and weapon trails; layer with hit sparks and speed lines."
"VFX_Klaus","Stylized Hit & Slash","Prefab","Melee Slash / Weapon Trail","Hit/Impact; Slash/Trail; Liquid/Blood","","FX_hit_blood","Assets/ThirdParty/VFX_Klaus/Prefabs/Stylized Hit & Slash/FX_hit_blood.prefab","229.3","Use for melee swings, sword arcs, and weapon trails; layer with hit sparks and speed lines."
"VFX_Klaus","Stylized Hit & Slash","Prefab","Melee Slash / Weapon Trail","Hit/Impact; Slash/Trail; Electric","","FX_hit_electric","Assets/ThirdParty/VFX_Klaus/Prefabs/Stylized Hit & Slash/FX_hit_electric.prefab","245.4","Use for melee swings, sword arcs, and weapon trails; layer with hit sparks and speed lines."
"VFX_Klaus","Stylized Hit & Slash","Prefab","Melee Slash / Weapon Trail","Hit/Impact; Slash/Trail; Electric","","FX_hit_spark","Assets/ThirdParty/VFX_Klaus/Prefabs/Stylized Hit & Slash/FX_hit_spark.prefab","230.8","Use for melee swings, sword arcs, and weapon trails; layer with hit sparks and speed lines."
"VFX_Klaus","Stylized Hit & Slash","Prefab","Melee Slash / Weapon Trail","Hit/Impact; Slash/Trail; Comic Text","","FX_slash_01","Assets/ThirdParty/VFX_Klaus/Prefabs/Stylized Hit & Slash/FX_slash_01.prefab","337.4","Use for melee swings, sword arcs, and weapon trails; layer with hit sparks and speed lines."
"VFX_Klaus","Stylized Hit & Slash","Prefab","Melee Slash / Weapon Trail","Hit/Impact; Slash/Trail; Comic Text","","FX_slash_02","Assets/ThirdParty/VFX_Klaus/Prefabs/Stylized Hit & Slash/FX_slash_02.prefab","910.9","Use for melee swings, sword arcs, and weapon trails; layer with hit sparks and speed lines."
"VFX_Klaus","Stylized Hit & Slash","Prefab","Melee Slash / Weapon Trail","Hit/Impact; Slash/Trail; Comic Text","","FX_slash_03","Assets/ThirdParty/VFX_Klaus/Prefabs/Stylized Hit & Slash/FX_slash_03.prefab","788","Use for melee swings, sword arcs, and weapon trails; layer with hit sparks and speed lines."
"VFX_Klaus","Stylized Hit & Slash","Prefab","Melee Slash / Weapon Trail","Hit/Impact; Slash/Trail; Comic Text","","FX_slash_04","Assets/ThirdParty/VFX_Klaus/Prefabs/Stylized Hit & Slash/FX_slash_04.prefab","337.4","Use for melee swings, sword arcs, and weapon trails; layer with hit sparks and speed lines."
"VFX_Klaus","Stylized Hit & Slash","Prefab","Melee Slash / Weapon Trail","Hit/Impact; Slash/Trail; Comic Text","","FX_slash_05","Assets/ThirdParty/VFX_Klaus/Prefabs/Stylized Hit & Slash/FX_slash_05.prefab","337.4","Use for melee swings, sword arcs, and weapon trails; layer with hit sparks and speed lines."
"VFX_Klaus","Stylized Hit & Slash","Prefab","Melee Slash / Weapon Trail","Hit/Impact; Slash/Trail; Comic Text","","FX_slash_06","Assets/ThirdParty/VFX_Klaus/Prefabs/Stylized Hit & Slash/FX_slash_06.prefab","563.1","Use for melee swings, sword arcs, and weapon trails; layer with hit sparks and speed lines."
"VFX_Klaus","Stylized Hit & Slash","Prefab","Melee Slash / Weapon Trail","Hit/Impact; Slash/Trail; Comic Text","","FX_slash_07","Assets/ThirdParty/VFX_Klaus/Prefabs/Stylized Hit & Slash/FX_slash_07.prefab","563.5","Use for melee swings, sword arcs, and weapon trails; layer with hit sparks and speed lines."
"VFX_Klaus","Stylized Hit & Slash","Prefab","Melee Slash / Weapon Trail","Hit/Impact; Slash/Trail; Comic Text","","FX_slash_08","Assets/ThirdParty/VFX_Klaus/Prefabs/Stylized Hit & Slash/FX_slash_08.prefab","677.4","Use for melee swings, sword arcs, and weapon trails; layer with hit sparks and speed lines."
"VFX_Klaus","Stylized Hit & Slash","Prefab","Melee Slash / Weapon Trail","Hit/Impact; Slash/Trail; Comic Text","","FX_slash_09","Assets/ThirdParty/VFX_Klaus/Prefabs/Stylized Hit & Slash/FX_slash_09.prefab","563","Use for melee swings, sword arcs, and weapon trails; layer with hit sparks and speed lines."
"VFX_Klaus","Stylized Hit & Slash","Prefab","Melee Slash / Weapon Trail","Hit/Impact; Slash/Trail; Comic Text","","FX_slash_10","Assets/ThirdParty/VFX_Klaus/Prefabs/Stylized Hit & Slash/FX_slash_10.prefab","337.4","Use for melee swings, sword arcs, and weapon trails; layer with hit sparks and speed lines."
"VFX_Klaus","Stylized Hit & Slash","Prefab","Melee Slash / Weapon Trail","Hit/Impact; Slash/Trail; Comic Text","","FX_slash_11","Assets/ThirdParty/VFX_Klaus/Prefabs/Stylized Hit & Slash/FX_slash_11.prefab","337.4","Use for melee swings, sword arcs, and weapon trails; layer with hit sparks and speed lines."
"VFX_Klaus","Stylized Hit & Slash","Prefab","Melee Slash / Weapon Trail","Hit/Impact; Slash/Trail; Comic Text","","FX_slash_12","Assets/ThirdParty/VFX_Klaus/Prefabs/Stylized Hit & Slash/FX_slash_12.prefab","337.4","Use for melee swings, sword arcs, and weapon trails; layer with hit sparks and speed lines."
"VFX_Klaus","Stylized Hit & Slash","Prefab","Melee Slash / Weapon Trail","Hit/Impact; Slash/Trail; Comic Text","","FX_slash_13","Assets/ThirdParty/VFX_Klaus/Prefabs/Stylized Hit & Slash/FX_slash_13.prefab","565.1","Use for melee swings, sword arcs, and weapon trails; layer with hit sparks and speed lines."
"VFX_Klaus","Stylized Hit & Slash","Prefab","Melee Slash / Weapon Trail","Hit/Impact; Slash/Trail; Comic Text","","FX_slash_14","Assets/ThirdParty/VFX_Klaus/Prefabs/Stylized Hit & Slash/FX_slash_14.prefab","224.9","Use for melee swings, sword arcs, and weapon trails; layer with hit sparks and speed lines."
"VFX_Klaus","Stylized Hit & Slash","Prefab","Melee Slash / Weapon Trail","Hit/Impact; Slash/Trail; Comic Text","","FX_slash_15","Assets/ThirdParty/VFX_Klaus/Prefabs/Stylized Hit & Slash/FX_slash_15.prefab","449.8","Use for melee swings, sword arcs, and weapon trails; layer with hit sparks and speed lines."
"VFX_Klaus","Stylized Shoot & Hit","Prefab","Projectile / Shoot Chain","Projectile; Hit/Impact","","FX_Shoot_01","Assets/ThirdParty/VFX_Klaus/Prefabs/Stylized Shoot & Hit/Prefab/FX_Shoot_01.prefab","5.1","Impact moment; pair with same-name muzzle/projectile prefabs when possible."
"VFX_Klaus","Stylized Shoot & Hit","Prefab","Projectile / Shoot Chain","Projectile; Hit/Impact","","FX_Shoot_01_hit","Assets/ThirdParty/VFX_Klaus/Prefabs/Stylized Shoot & Hit/FX_Shoot_01_hit.prefab","344.7","Impact moment; pair with same-name muzzle/projectile prefabs when possible."
"VFX_Klaus","Stylized Shoot & Hit","Prefab","Projectile / Shoot Chain","Muzzle; Projectile; Hit/Impact","","FX_Shoot_01_muzzle","Assets/ThirdParty/VFX_Klaus/Prefabs/Stylized Shoot & Hit/FX_Shoot_01_muzzle.prefab","344.7","Spawn at caster, muzzle, or weapon tip; pair with same-name projectile and hit prefabs."
"VFX_Klaus","Stylized Shoot & Hit","Prefab","Projectile / Shoot Chain","Projectile; Hit/Impact","","FX_Shoot_01_projectile","Assets/ThirdParty/VFX_Klaus/Prefabs/Stylized Shoot & Hit/FX_Shoot_01_projectile.prefab","115.5","Flying segment; usually needs gameplay code for direction, speed, collision, and hit spawning."
"VFX_Klaus","Stylized Shoot & Hit","Prefab","Projectile / Shoot Chain","Projectile; Hit/Impact","","FX_Shoot_02","Assets/ThirdParty/VFX_Klaus/Prefabs/Stylized Shoot & Hit/Prefab/FX_Shoot_02.prefab","5.1","Impact moment; pair with same-name muzzle/projectile prefabs when possible."
"VFX_Klaus","Stylized Shoot & Hit","Prefab","Projectile / Shoot Chain","Projectile; Hit/Impact","","FX_Shoot_02_hit","Assets/ThirdParty/VFX_Klaus/Prefabs/Stylized Shoot & Hit/FX_Shoot_02_hit.prefab","343.4","Impact moment; pair with same-name muzzle/projectile prefabs when possible."
"VFX_Klaus","Stylized Shoot & Hit","Prefab","Projectile / Shoot Chain","Muzzle; Projectile; Hit/Impact","","FX_Shoot_02_muzzle","Assets/ThirdParty/VFX_Klaus/Prefabs/Stylized Shoot & Hit/FX_Shoot_02_muzzle.prefab","457.9","Spawn at caster, muzzle, or weapon tip; pair with same-name projectile and hit prefabs."
"VFX_Klaus","Stylized Shoot & Hit","Prefab","Projectile / Shoot Chain","Projectile; Hit/Impact","","FX_Shoot_02_projectile","Assets/ThirdParty/VFX_Klaus/Prefabs/Stylized Shoot & Hit/FX_Shoot_02_projectile.prefab","346.3","Flying segment; usually needs gameplay code for direction, speed, collision, and hit spawning."
"VFX_Klaus","Stylized Shoot & Hit","Prefab","Projectile / Shoot Chain","Projectile; Hit/Impact","","FX_Shoot_03","Assets/ThirdParty/VFX_Klaus/Prefabs/Stylized Shoot & Hit/Prefab/FX_Shoot_03.prefab","5.1","Impact moment; pair with same-name muzzle/projectile prefabs when possible."
"VFX_Klaus","Stylized Shoot & Hit","Prefab","Projectile / Shoot Chain","Projectile; Hit/Impact","","FX_Shoot_03_hit","Assets/ThirdParty/VFX_Klaus/Prefabs/Stylized Shoot & Hit/FX_Shoot_03_hit.prefab","344.8","Impact moment; pair with same-name muzzle/projectile prefabs when possible."
"VFX_Klaus","Stylized Shoot & Hit","Prefab","Projectile / Shoot Chain","Muzzle; Projectile; Hit/Impact","","FX_Shoot_03_muzzle","Assets/ThirdParty/VFX_Klaus/Prefabs/Stylized Shoot & Hit/FX_Shoot_03_muzzle.prefab","344.6","Spawn at caster, muzzle, or weapon tip; pair with same-name projectile and hit prefabs."
"VFX_Klaus","Stylized Shoot & Hit","Prefab","Projectile / Shoot Chain","Projectile; Hit/Impact","","FX_Shoot_03_projectile","Assets/ThirdParty/VFX_Klaus/Prefabs/Stylized Shoot & Hit/FX_Shoot_03_projectile.prefab","229.3","Flying segment; usually needs gameplay code for direction, speed, collision, and hit spawning."
"VFX_Klaus","Stylized Shoot & Hit","Prefab","Projectile / Shoot Chain","Projectile; Hit/Impact","","FX_Shoot_04","Assets/ThirdParty/VFX_Klaus/Prefabs/Stylized Shoot & Hit/Prefab/FX_Shoot_04.prefab","5.1","Impact moment; pair with same-name muzzle/projectile prefabs when possible."
"VFX_Klaus","Stylized Shoot & Hit","Prefab","Projectile / Shoot Chain","Projectile; Hit/Impact","","FX_Shoot_04_hit","Assets/ThirdParty/VFX_Klaus/Prefabs/Stylized Shoot & Hit/FX_Shoot_04_hit.prefab","459.4","Impact moment; pair with same-name muzzle/projectile prefabs when possible."
"VFX_Klaus","Stylized Shoot & Hit","Prefab","Projectile / Shoot Chain","Muzzle; Projectile; Hit/Impact","","FX_Shoot_04_muzzle","Assets/ThirdParty/VFX_Klaus/Prefabs/Stylized Shoot & Hit/FX_Shoot_04_muzzle.prefab","458.7","Spawn at caster, muzzle, or weapon tip; pair with same-name projectile and hit prefabs."
"VFX_Klaus","Stylized Shoot & Hit","Prefab","Projectile / Shoot Chain","Projectile; Hit/Impact","","FX_Shoot_04_projectile","Assets/ThirdParty/VFX_Klaus/Prefabs/Stylized Shoot & Hit/FX_Shoot_04_projectile.prefab","342.4","Flying segment; usually needs gameplay code for direction, speed, collision, and hit spawning."
"VFX_Klaus","Stylized Shoot & Hit","Prefab","Projectile / Shoot Chain","Projectile; Hit/Impact","","FX_Shoot_05","Assets/ThirdParty/VFX_Klaus/Prefabs/Stylized Shoot & Hit/Prefab/FX_Shoot_05.prefab","5.1","Impact moment; pair with same-name muzzle/projectile prefabs when possible."
"VFX_Klaus","Stylized Shoot & Hit","Prefab","Projectile / Shoot Chain","Projectile; Hit/Impact","","FX_Shoot_05_hit","Assets/ThirdParty/VFX_Klaus/Prefabs/Stylized Shoot & Hit/FX_Shoot_05_hit.prefab","459.9","Impact moment; pair with same-name muzzle/projectile prefabs when possible."
"VFX_Klaus","Stylized Shoot & Hit","Prefab","Projectile / Shoot Chain","Muzzle; Projectile; Hit/Impact","","FX_Shoot_05_muzzle","Assets/ThirdParty/VFX_Klaus/Prefabs/Stylized Shoot & Hit/FX_Shoot_05_muzzle.prefab","571.9","Spawn at caster, muzzle, or weapon tip; pair with same-name projectile and hit prefabs."
"VFX_Klaus","Stylized Shoot & Hit","Prefab","Projectile / Shoot Chain","Projectile; Hit/Impact","","FX_Shoot_05_projectile","Assets/ThirdParty/VFX_Klaus/Prefabs/Stylized Shoot & Hit/FX_Shoot_05_projectile.prefab","456.1","Flying segment; usually needs gameplay code for direction, speed, collision, and hit spawning."
"VFX_Klaus","Stylized Shoot & Hit","Prefab","Projectile / Shoot Chain","Projectile; Hit/Impact","","FX_Shoot_06","Assets/ThirdParty/VFX_Klaus/Prefabs/Stylized Shoot & Hit/Prefab/FX_Shoot_06.prefab","5.1","Impact moment; pair with same-name muzzle/projectile prefabs when possible."
"VFX_Klaus","Stylized Shoot & Hit","Prefab","Projectile / Shoot Chain","Projectile; Hit/Impact","","FX_Shoot_06_hit","Assets/ThirdParty/VFX_Klaus/Prefabs/Stylized Shoot & Hit/FX_Shoot_06_hit.prefab","573.8","Impact moment; pair with same-name muzzle/projectile prefabs when possible."
"VFX_Klaus","Stylized Shoot & Hit","Prefab","Projectile / Shoot Chain","Muzzle; Projectile; Hit/Impact","","FX_Shoot_06_muzzle","Assets/ThirdParty/VFX_Klaus/Prefabs/Stylized Shoot & Hit/FX_Shoot_06_muzzle.prefab","685.6","Spawn at caster, muzzle, or weapon tip; pair with same-name projectile and hit prefabs."
"VFX_Klaus","Stylized Shoot & Hit","Prefab","Projectile / Shoot Chain","Projectile; Hit/Impact","","FX_Shoot_06_projectile","Assets/ThirdParty/VFX_Klaus/Prefabs/Stylized Shoot & Hit/FX_Shoot_06_projectile.prefab","570.1","Flying segment; usually needs gameplay code for direction, speed, collision, and hit spawning."
"VFX_Klaus","Stylized Shoot & Hit","Prefab","Projectile / Shoot Chain","Projectile; Hit/Impact","","FX_Shoot_07","Assets/ThirdParty/VFX_Klaus/Prefabs/Stylized Shoot & Hit/Prefab/FX_Shoot_07.prefab","5.1","Impact moment; pair with same-name muzzle/projectile prefabs when possible."
"VFX_Klaus","Stylized Shoot & Hit","Prefab","Projectile / Shoot Chain","Projectile; Hit/Impact","","FX_Shoot_07_hit","Assets/ThirdParty/VFX_Klaus/Prefabs/Stylized Shoot & Hit/FX_Shoot_07_hit.prefab","344.9","Impact moment; pair with same-name muzzle/projectile prefabs when possible."
"VFX_Klaus","Stylized Shoot & Hit","Prefab","Projectile / Shoot Chain","Muzzle; Projectile; Hit/Impact","","FX_Shoot_07_muzzle","Assets/ThirdParty/VFX_Klaus/Prefabs/Stylized Shoot & Hit/FX_Shoot_07_muzzle.prefab","343.2","Spawn at caster, muzzle, or weapon tip; pair with same-name projectile and hit prefabs."
"VFX_Klaus","Stylized Shoot & Hit","Prefab","Projectile / Shoot Chain","Projectile; Hit/Impact","","FX_Shoot_07_projectile","Assets/ThirdParty/VFX_Klaus/Prefabs/Stylized Shoot & Hit/FX_Shoot_07_projectile.prefab","343.4","Flying segment; usually needs gameplay code for direction, speed, collision, and hit spawning."
"VFX_Klaus","Stylized Shoot & Hit","Prefab","Projectile / Shoot Chain","Projectile; Hit/Impact","","FX_Shoot_08","Assets/ThirdParty/VFX_Klaus/Prefabs/Stylized Shoot & Hit/Prefab/FX_Shoot_08.prefab","5.5","Impact moment; pair with same-name muzzle/projectile prefabs when possible."
"VFX_Klaus","Stylized Shoot & Hit","Prefab","Projectile / Shoot Chain","Projectile; Hit/Impact","","FX_Shoot_08_hit","Assets/ThirdParty/VFX_Klaus/Prefabs/Stylized Shoot & Hit/FX_Shoot_08_hit.prefab","463.7","Impact moment; pair with same-name muzzle/projectile prefabs when possible."
"VFX_Klaus","Stylized Shoot & Hit","Prefab","Projectile / Shoot Chain","Muzzle; Projectile; Hit/Impact","","FX_Shoot_08_muzzle","Assets/ThirdParty/VFX_Klaus/Prefabs/Stylized Shoot & Hit/FX_Shoot_08_muzzle.prefab","459.5","Spawn at caster, muzzle, or weapon tip; pair with same-name projectile and hit prefabs."
"VFX_Klaus","Stylized Shoot & Hit","Prefab","Projectile / Shoot Chain","Projectile; Hit/Impact","","FX_Shoot_08_projectile","Assets/ThirdParty/VFX_Klaus/Prefabs/Stylized Shoot & Hit/FX_Shoot_08_projectile.prefab","344.2","Flying segment; usually needs gameplay code for direction, speed, collision, and hit spawning."
"VFX_Klaus","Stylized Shoot & Hit","Prefab","Projectile / Shoot Chain","Projectile; Hit/Impact","","FX_Shoot_09","Assets/ThirdParty/VFX_Klaus/Prefabs/Stylized Shoot & Hit/Prefab/FX_Shoot_09.prefab","5.1","Impact moment; pair with same-name muzzle/projectile prefabs when possible."
"VFX_Klaus","Stylized Shoot & Hit","Prefab","Projectile / Shoot Chain","Projectile; Hit/Impact","","FX_Shoot_09_hit","Assets/ThirdParty/VFX_Klaus/Prefabs/Stylized Shoot & Hit/FX_Shoot_09_hit.prefab","573.8","Impact moment; pair with same-name muzzle/projectile prefabs when possible."
"VFX_Klaus","Stylized Shoot & Hit","Prefab","Projectile / Shoot Chain","Muzzle; Projectile; Hit/Impact","","FX_Shoot_09_muzzle","Assets/ThirdParty/VFX_Klaus/Prefabs/Stylized Shoot & Hit/FX_Shoot_09_muzzle.prefab","459.8","Spawn at caster, muzzle, or weapon tip; pair with same-name projectile and hit prefabs."
"VFX_Klaus","Stylized Shoot & Hit","Prefab","Projectile / Shoot Chain","Projectile; Hit/Impact","","FX_Shoot_09_projectile","Assets/ThirdParty/VFX_Klaus/Prefabs/Stylized Shoot & Hit/FX_Shoot_09_projectile.prefab","343.7","Flying segment; usually needs gameplay code for direction, speed, collision, and hit spawning."
"VFX_Klaus","Stylized Shoot & Hit","Prefab","Projectile / Shoot Chain","Projectile; Hit/Impact","","FX_Shoot_10","Assets/ThirdParty/VFX_Klaus/Prefabs/Stylized Shoot & Hit/Prefab/FX_Shoot_10.prefab","5.1","Impact moment; pair with same-name muzzle/projectile prefabs when possible."
"VFX_Klaus","Stylized Shoot & Hit","Prefab","Projectile / Shoot Chain","Projectile; Hit/Impact","","FX_Shoot_10_hit","Assets/ThirdParty/VFX_Klaus/Prefabs/Stylized Shoot & Hit/FX_Shoot_10_hit.prefab","345.4","Impact moment; pair with same-name muzzle/projectile prefabs when possible."
"VFX_Klaus","Stylized Shoot & Hit","Prefab","Projectile / Shoot Chain","Muzzle; Projectile; Hit/Impact","","FX_Shoot_10_muzzle","Assets/ThirdParty/VFX_Klaus/Prefabs/Stylized Shoot & Hit/FX_Shoot_10_muzzle.prefab","348.2","Spawn at caster, muzzle, or weapon tip; pair with same-name projectile and hit prefabs."
"VFX_Klaus","Stylized Shoot & Hit","Prefab","Projectile / Shoot Chain","Projectile; Hit/Impact","","FX_Shoot_10_projectile","Assets/ThirdParty/VFX_Klaus/Prefabs/Stylized Shoot & Hit/FX_Shoot_10_projectile.prefab","342.3","Flying segment; usually needs gameplay code for direction, speed, collision, and hit spawning."
"VFX_Klaus","Stylized Shoot & Hit","Prefab","Projectile / Shoot Chain","Projectile; Hit/Impact","","FX_Shoot_11","Assets/ThirdParty/VFX_Klaus/Prefabs/Stylized Shoot & Hit/Prefab/FX_Shoot_11.prefab","5.1","Impact moment; pair with same-name muzzle/projectile prefabs when possible."
"VFX_Klaus","Stylized Shoot & Hit","Prefab","Projectile / Shoot Chain","Projectile; Hit/Impact","","FX_Shoot_11_hit","Assets/ThirdParty/VFX_Klaus/Prefabs/Stylized Shoot & Hit/FX_Shoot_11_hit.prefab","687.6","Impact moment; pair with same-name muzzle/projectile prefabs when possible."
"VFX_Klaus","Stylized Shoot & Hit","Prefab","Projectile / Shoot Chain","Muzzle; Projectile; Hit/Impact","","FX_Shoot_11_muzzle","Assets/ThirdParty/VFX_Klaus/Prefabs/Stylized Shoot & Hit/FX_Shoot_11_muzzle.prefab","346.8","Spawn at caster, muzzle, or weapon tip; pair with same-name projectile and hit prefabs."
"VFX_Klaus","Stylized Shoot & Hit","Prefab","Projectile / Shoot Chain","Projectile; Hit/Impact","","FX_Shoot_11_projectile","Assets/ThirdParty/VFX_Klaus/Prefabs/Stylized Shoot & Hit/FX_Shoot_11_projectile.prefab","457","Flying segment; usually needs gameplay code for direction, speed, collision, and hit spawning."
"VFX_Klaus","Stylized Shoot & Hit","Prefab","Projectile / Shoot Chain","Projectile; Hit/Impact","","FX_Shoot_12","Assets/ThirdParty/VFX_Klaus/Prefabs/Stylized Shoot & Hit/Prefab/FX_Shoot_12.prefab","5.1","Impact moment; pair with same-name muzzle/projectile prefabs when possible."
"VFX_Klaus","Stylized Shoot & Hit","Prefab","Projectile / Shoot Chain","Projectile; Hit/Impact","","FX_Shoot_12_hit","Assets/ThirdParty/VFX_Klaus/Prefabs/Stylized Shoot & Hit/FX_Shoot_12_hit.prefab","345.3","Impact moment; pair with same-name muzzle/projectile prefabs when possible."
"VFX_Klaus","Stylized Shoot & Hit","Prefab","Projectile / Shoot Chain","Muzzle; Projectile; Hit/Impact","","FX_Shoot_12_muzzle","Assets/ThirdParty/VFX_Klaus/Prefabs/Stylized Shoot & Hit/FX_Shoot_12_muzzle.prefab","232.7","Spawn at caster, muzzle, or weapon tip; pair with same-name projectile and hit prefabs."
"VFX_Klaus","Stylized Shoot & Hit","Prefab","Projectile / Shoot Chain","Projectile; Hit/Impact","","FX_Shoot_12_projectile","Assets/ThirdParty/VFX_Klaus/Prefabs/Stylized Shoot & Hit/FX_Shoot_12_projectile.prefab","228.2","Flying segment; usually needs gameplay code for direction, speed, collision, and hit spawning."
"VFX_Klaus","Stylized Shoot & Hit","Prefab","Projectile / Shoot Chain","Projectile; Hit/Impact","","FX_Shoot_13","Assets/ThirdParty/VFX_Klaus/Prefabs/Stylized Shoot & Hit/Prefab/FX_Shoot_13.prefab","5.1","Impact moment; pair with same-name muzzle/projectile prefabs when possible."
"VFX_Klaus","Stylized Shoot & Hit","Prefab","Projectile / Shoot Chain","Projectile; Hit/Impact","","FX_Shoot_13_hit","Assets/ThirdParty/VFX_Klaus/Prefabs/Stylized Shoot & Hit/FX_Shoot_13_hit.prefab","462.7","Impact moment; pair with same-name muzzle/projectile prefabs when possible."
"VFX_Klaus","Stylized Shoot & Hit","Prefab","Projectile / Shoot Chain","Muzzle; Projectile; Hit/Impact","","FX_Shoot_13_muzzle","Assets/ThirdParty/VFX_Klaus/Prefabs/Stylized Shoot & Hit/FX_Shoot_13_muzzle.prefab","459","Spawn at caster, muzzle, or weapon tip; pair with same-name projectile and hit prefabs."
"VFX_Klaus","Stylized Shoot & Hit","Prefab","Projectile / Shoot Chain","Projectile; Hit/Impact","","FX_Shoot_13_projectile","Assets/ThirdParty/VFX_Klaus/Prefabs/Stylized Shoot & Hit/FX_Shoot_13_projectile.prefab","459.8","Flying segment; usually needs gameplay code for direction, speed, collision, and hit spawning."
"VFX_Klaus","Stylized Shoot & Hit","Prefab","Projectile / Shoot Chain","Projectile; Hit/Impact","","FX_Shoot_14","Assets/ThirdParty/VFX_Klaus/Prefabs/Stylized Shoot & Hit/Prefab/FX_Shoot_14.prefab","5.1","Impact moment; pair with same-name muzzle/projectile prefabs when possible."
"VFX_Klaus","Stylized Shoot & Hit","Prefab","Projectile / Shoot Chain","Projectile; Hit/Impact","","FX_Shoot_14_hit","Assets/ThirdParty/VFX_Klaus/Prefabs/Stylized Shoot & Hit/FX_Shoot_14_hit.prefab","459.7","Impact moment; pair with same-name muzzle/projectile prefabs when possible."
"VFX_Klaus","Stylized Shoot & Hit","Prefab","Projectile / Shoot Chain","Muzzle; Projectile; Hit/Impact","","FX_Shoot_14_muzzle","Assets/ThirdParty/VFX_Klaus/Prefabs/Stylized Shoot & Hit/FX_Shoot_14_muzzle.prefab","344","Spawn at caster, muzzle, or weapon tip; pair with same-name projectile and hit prefabs."
"VFX_Klaus","Stylized Shoot & Hit","Prefab","Projectile / Shoot Chain","Projectile; Hit/Impact","","FX_Shoot_14_projectile","Assets/ThirdParty/VFX_Klaus/Prefabs/Stylized Shoot & Hit/FX_Shoot_14_projectile.prefab","342.6","Flying segment; usually needs gameplay code for direction, speed, collision, and hit spawning."
"VFX_Klaus","Stylized Shoot & Hit","Prefab","Projectile / Shoot Chain","Projectile; Hit/Impact","","FX_Shoot_15","Assets/ThirdParty/VFX_Klaus/Prefabs/Stylized Shoot & Hit/Prefab/FX_Shoot_15.prefab","5.1","Impact moment; pair with same-name muzzle/projectile prefabs when possible."
"VFX_Klaus","Stylized Shoot & Hit","Prefab","Projectile / Shoot Chain","Projectile; Hit/Impact","","FX_Shoot_15_hit","Assets/ThirdParty/VFX_Klaus/Prefabs/Stylized Shoot & Hit/FX_Shoot_15_hit.prefab","351.8","Impact moment; pair with same-name muzzle/projectile prefabs when possible."
"VFX_Klaus","Stylized Shoot & Hit","Prefab","Projectile / Shoot Chain","Muzzle; Projectile; Hit/Impact","","FX_Shoot_15_muzzle","Assets/ThirdParty/VFX_Klaus/Prefabs/Stylized Shoot & Hit/FX_Shoot_15_muzzle.prefab","349.4","Spawn at caster, muzzle, or weapon tip; pair with same-name projectile and hit prefabs."
"VFX_Klaus","Stylized Shoot & Hit","Prefab","Projectile / Shoot Chain","Projectile; Hit/Impact","","FX_Shoot_15_projectile","Assets/ThirdParty/VFX_Klaus/Prefabs/Stylized Shoot & Hit/FX_Shoot_15_projectile.prefab","343.7","Flying segment; usually needs gameplay code for direction, speed, collision, and hit spawning."
"VFX_Klaus","Stylized Shoot & Hit","Prefab","Projectile / Shoot Chain","Projectile; Hit/Impact","","FX_Shoot_16","Assets/ThirdParty/VFX_Klaus/Prefabs/Stylized Shoot & Hit/Prefab/FX_Shoot_16.prefab","5.1","Impact moment; pair with same-name muzzle/projectile prefabs when possible."
"VFX_Klaus","Stylized Shoot & Hit","Prefab","Projectile / Shoot Chain","Projectile; Hit/Impact","","FX_Shoot_16_hit","Assets/ThirdParty/VFX_Klaus/Prefabs/Stylized Shoot & Hit/FX_Shoot_16_hit.prefab","345","Impact moment; pair with same-name muzzle/projectile prefabs when possible."
"VFX_Klaus","Stylized Shoot & Hit","Prefab","Projectile / Shoot Chain","Muzzle; Projectile; Hit/Impact","","FX_Shoot_16_muzzle","Assets/ThirdParty/VFX_Klaus/Prefabs/Stylized Shoot & Hit/FX_Shoot_16_muzzle.prefab","345.1","Spawn at caster, muzzle, or weapon tip; pair with same-name projectile and hit prefabs."
"VFX_Klaus","Stylized Shoot & Hit","Prefab","Projectile / Shoot Chain","Projectile; Hit/Impact","","FX_Shoot_16_projectile","Assets/ThirdParty/VFX_Klaus/Prefabs/Stylized Shoot & Hit/FX_Shoot_16_projectile.prefab","345.2","Flying segment; usually needs gameplay code for direction, speed, collision, and hit spawning."
"VFX_Klaus","Stylized Shoot & Hit","Readme/Text","Projectile / Shoot Chain","Projectile; Hit/Impact","","ReadMe_Stylized Shoot & Hit","Assets/ThirdParty/VFX_Klaus/Prefabs/Stylized Shoot & Hit/ReadMe_Stylized Shoot & Hit.txt","2.2","Impact moment; pair with same-name muzzle/projectile prefabs when possible."
"VFX_Klaus","Stylized Shoot & Hit Vol.2","Prefab","Projectile / Shoot Chain","Projectile; Hit/Impact","","FX_Shoot_Arrow","Assets/ThirdParty/VFX_Klaus/Prefabs/Stylized Shoot & Hit Vol.2/Prefab/FX_Shoot_Arrow.prefab","5.1","Impact moment; pair with same-name muzzle/projectile prefabs when possible."
"VFX_Klaus","Stylized Shoot & Hit Vol.2","Prefab","Projectile / Shoot Chain","Projectile; Hit/Impact","","FX_Shoot_Arrow_hit","Assets/ThirdParty/VFX_Klaus/Prefabs/Stylized Shoot & Hit Vol.2/FX_Shoot_Arrow_hit.prefab","481","Impact moment; pair with same-name muzzle/projectile prefabs when possible."
"VFX_Klaus","Stylized Shoot & Hit Vol.2","Prefab","Projectile / Shoot Chain","Muzzle; Projectile; Hit/Impact","","FX_Shoot_Arrow_muzzle","Assets/ThirdParty/VFX_Klaus/Prefabs/Stylized Shoot & Hit Vol.2/FX_Shoot_Arrow_muzzle.prefab","461.1","Spawn at caster, muzzle, or weapon tip; pair with same-name projectile and hit prefabs."
"VFX_Klaus","Stylized Shoot & Hit Vol.2","Prefab","Projectile / Shoot Chain","Projectile; Hit/Impact","","FX_Shoot_Arrow_projectile","Assets/ThirdParty/VFX_Klaus/Prefabs/Stylized Shoot & Hit Vol.2/FX_Shoot_Arrow_projectile.prefab","349","Flying segment; usually needs gameplay code for direction, speed, collision, and hit spawning."
"VFX_Klaus","Stylized Shoot & Hit Vol.2","Prefab","Projectile / Shoot Chain","Projectile; Hit/Impact","","FX_Shoot_Axe","Assets/ThirdParty/VFX_Klaus/Prefabs/Stylized Shoot & Hit Vol.2/Prefab/FX_Shoot_Axe.prefab","5.1","Impact moment; pair with same-name muzzle/projectile prefabs when possible."
"VFX_Klaus","Stylized Shoot & Hit Vol.2","Prefab","Projectile / Shoot Chain","Projectile; Hit/Impact","","FX_Shoot_Axe_hit","Assets/ThirdParty/VFX_Klaus/Prefabs/Stylized Shoot & Hit Vol.2/FX_Shoot_Axe_hit.prefab","481","Impact moment; pair with same-name muzzle/projectile prefabs when possible."
"VFX_Klaus","Stylized Shoot & Hit Vol.2","Prefab","Projectile / Shoot Chain","Muzzle; Projectile; Hit/Impact","","FX_Shoot_Axe_muzzle","Assets/ThirdParty/VFX_Klaus/Prefabs/Stylized Shoot & Hit Vol.2/FX_Shoot_Axe_muzzle.prefab","232.7","Spawn at caster, muzzle, or weapon tip; pair with same-name projectile and hit prefabs."
"VFX_Klaus","Stylized Shoot & Hit Vol.2","Prefab","Projectile / Shoot Chain","Projectile; Hit/Impact","","FX_Shoot_Axe_projectile","Assets/ThirdParty/VFX_Klaus/Prefabs/Stylized Shoot & Hit Vol.2/FX_Shoot_Axe_projectile.prefab","464.4","Flying segment; usually needs gameplay code for direction, speed, collision, and hit spawning."
"VFX_Klaus","Stylized Shoot & Hit Vol.2","Prefab","Projectile / Shoot Chain","Projectile; Hit/Impact","","FX_Shoot_Bomb_01","Assets/ThirdParty/VFX_Klaus/Prefabs/Stylized Shoot & Hit Vol.2/Prefab/FX_Shoot_Bomb_01.prefab","5.1","Impact moment; pair with same-name muzzle/projectile prefabs when possible."
"VFX_Klaus","Stylized Shoot & Hit Vol.2","Prefab","Projectile / Shoot Chain","Projectile; Hit/Impact","","FX_Shoot_Bomb_01_hit","Assets/ThirdParty/VFX_Klaus/Prefabs/Stylized Shoot & Hit Vol.2/FX_Shoot_Bomb_01_hit.prefab","928.1","Impact moment; pair with same-name muzzle/projectile prefabs when possible."
"VFX_Klaus","Stylized Shoot & Hit Vol.2","Prefab","Projectile / Shoot Chain","Projectile; Hit/Impact","","FX_Shoot_Bomb_01_projectile","Assets/ThirdParty/VFX_Klaus/Prefabs/Stylized Shoot & Hit Vol.2/FX_Shoot_Bomb_01_projectile.prefab","465.1","Flying segment; usually needs gameplay code for direction, speed, collision, and hit spawning."
"VFX_Klaus","Stylized Shoot & Hit Vol.2","Prefab","Projectile / Shoot Chain","Projectile; Hit/Impact","","FX_Shoot_Bomb_02","Assets/ThirdParty/VFX_Klaus/Prefabs/Stylized Shoot & Hit Vol.2/Prefab/FX_Shoot_Bomb_02.prefab","5.1","Impact moment; pair with same-name muzzle/projectile prefabs when possible."
"VFX_Klaus","Stylized Shoot & Hit Vol.2","Prefab","Projectile / Shoot Chain","Projectile; Hit/Impact","","FX_Shoot_Bomb_02_hit","Assets/ThirdParty/VFX_Klaus/Prefabs/Stylized Shoot & Hit Vol.2/FX_Shoot_Bomb_02_hit.prefab","488.2","Impact moment; pair with same-name muzzle/projectile prefabs when possible."
"VFX_Klaus","Stylized Shoot & Hit Vol.2","Prefab","Projectile / Shoot Chain","Projectile; Hit/Impact","","FX_Shoot_Bomb_02_projectile","Assets/ThirdParty/VFX_Klaus/Prefabs/Stylized Shoot & Hit Vol.2/FX_Shoot_Bomb_02_projectile.prefab","465.1","Flying segment; usually needs gameplay code for direction, speed, collision, and hit spawning."
"VFX_Klaus","Stylized Shoot & Hit Vol.2","Prefab","Projectile / Shoot Chain","Muzzle; Projectile; Hit/Impact","","FX_Shoot_Bomb_muzzle","Assets/ThirdParty/VFX_Klaus/Prefabs/Stylized Shoot & Hit Vol.2/FX_Shoot_Bomb_muzzle.prefab","457.8","Spawn at caster, muzzle, or weapon tip; pair with same-name projectile and hit prefabs."
"VFX_Klaus","Stylized Shoot & Hit Vol.2","Prefab","Projectile / Shoot Chain","Projectile; Hit/Impact","","FX_Shoot_Card","Assets/ThirdParty/VFX_Klaus/Prefabs/Stylized Shoot & Hit Vol.2/Prefab/FX_Shoot_Card.prefab","5.1","Impact moment; pair with same-name muzzle/projectile prefabs when possible."
"VFX_Klaus","Stylized Shoot & Hit Vol.2","Prefab","Projectile / Shoot Chain","Projectile; Hit/Impact","","FX_Shoot_Card_hit","Assets/ThirdParty/VFX_Klaus/Prefabs/Stylized Shoot & Hit Vol.2/FX_Shoot_Card_hit.prefab","593.3","Impact moment; pair with same-name muzzle/projectile prefabs when possible."
"VFX_Klaus","Stylized Shoot & Hit Vol.2","Prefab","Projectile / Shoot Chain","Muzzle; Projectile; Hit/Impact","","FX_Shoot_Card_muzzle","Assets/ThirdParty/VFX_Klaus/Prefabs/Stylized Shoot & Hit Vol.2/FX_Shoot_Card_muzzle.prefab","464.5","Spawn at caster, muzzle, or weapon tip; pair with same-name projectile and hit prefabs."
"VFX_Klaus","Stylized Shoot & Hit Vol.2","Prefab","Projectile / Shoot Chain","Projectile; Hit/Impact","","FX_Shoot_Card_projectile","Assets/ThirdParty/VFX_Klaus/Prefabs/Stylized Shoot & Hit Vol.2/FX_Shoot_Card_projectile.prefab","467.1","Flying segment; usually needs gameplay code for direction, speed, collision, and hit spawning."
"VFX_Klaus","Stylized Shoot & Hit Vol.2","Prefab","Projectile / Shoot Chain","Projectile; Hit/Impact","","FX_Shoot_Dagger","Assets/ThirdParty/VFX_Klaus/Prefabs/Stylized Shoot & Hit Vol.2/Prefab/FX_Shoot_Dagger.prefab","5.1","Impact moment; pair with same-name muzzle/projectile prefabs when possible."
"VFX_Klaus","Stylized Shoot & Hit Vol.2","Prefab","Projectile / Shoot Chain","Projectile; Hit/Impact","","FX_Shoot_Dagger_hit","Assets/ThirdParty/VFX_Klaus/Prefabs/Stylized Shoot & Hit Vol.2/FX_Shoot_Dagger_hit.prefab","481","Impact moment; pair with same-name muzzle/projectile prefabs when possible."
"VFX_Klaus","Stylized Shoot & Hit Vol.2","Prefab","Projectile / Shoot Chain","Muzzle; Projectile; Hit/Impact","","FX_Shoot_Dagger_muzzle","Assets/ThirdParty/VFX_Klaus/Prefabs/Stylized Shoot & Hit Vol.2/FX_Shoot_Dagger_muzzle.prefab","4.8","Spawn at caster, muzzle, or weapon tip; pair with same-name projectile and hit prefabs."
"VFX_Klaus","Stylized Shoot & Hit Vol.2","Prefab","Projectile / Shoot Chain","Projectile; Hit/Impact","","FX_Shoot_Dagger_projectile","Assets/ThirdParty/VFX_Klaus/Prefabs/Stylized Shoot & Hit Vol.2/FX_Shoot_Dagger_projectile.prefab","348.4","Flying segment; usually needs gameplay code for direction, speed, collision, and hit spawning."
"VFX_Klaus","Stylized Shoot & Hit Vol.2","Prefab","Projectile / Shoot Chain","Projectile; Hit/Impact; Magic/Energy","","FX_Shoot_EnergyBall","Assets/ThirdParty/VFX_Klaus/Prefabs/Stylized Shoot & Hit Vol.2/Prefab/FX_Shoot_EnergyBall.prefab","5.1","Impact moment; pair with same-name muzzle/projectile prefabs when possible."
"VFX_Klaus","Stylized Shoot & Hit Vol.2","Prefab","Projectile / Shoot Chain","Projectile; Hit/Impact; Magic/Energy","","FX_Shoot_EnergyBall_hit","Assets/ThirdParty/VFX_Klaus/Prefabs/Stylized Shoot & Hit Vol.2/FX_Shoot_EnergyBall_hit.prefab","820","Impact moment; pair with same-name muzzle/projectile prefabs when possible."
"VFX_Klaus","Stylized Shoot & Hit Vol.2","Prefab","Projectile / Shoot Chain","Muzzle; Projectile; Hit/Impact; Magic/Energy","","FX_Shoot_EnergyBall_muzzle","Assets/ThirdParty/VFX_Klaus/Prefabs/Stylized Shoot & Hit Vol.2/FX_Shoot_EnergyBall_muzzle.prefab","467.4","Spawn at caster, muzzle, or weapon tip; pair with same-name projectile and hit prefabs."
"VFX_Klaus","Stylized Shoot & Hit Vol.2","Prefab","Projectile / Shoot Chain","Projectile; Hit/Impact; Magic/Energy","","FX_Shoot_EnergyBall_projectile","Assets/ThirdParty/VFX_Klaus/Prefabs/Stylized Shoot & Hit Vol.2/FX_Shoot_EnergyBall_projectile.prefab","573.9","Flying segment; usually needs gameplay code for direction, speed, collision, and hit spawning."
"VFX_Klaus","Stylized Shoot & Hit Vol.2","Prefab","Projectile / Shoot Chain","Projectile; Hit/Impact; Poison/Gas","","FX_Shoot_Gas","Assets/ThirdParty/VFX_Klaus/Prefabs/Stylized Shoot & Hit Vol.2/Prefab/FX_Shoot_Gas.prefab","5.1","Impact moment; pair with same-name muzzle/projectile prefabs when possible."
"VFX_Klaus","Stylized Shoot & Hit Vol.2","Prefab","Projectile / Shoot Chain","Projectile; Hit/Impact; Poison/Gas","","FX_Shoot_Gas_hit","Assets/ThirdParty/VFX_Klaus/Prefabs/Stylized Shoot & Hit Vol.2/FX_Shoot_Gas_hit.prefab","345.5","Impact moment; pair with same-name muzzle/projectile prefabs when possible."
"VFX_Klaus","Stylized Shoot & Hit Vol.2","Prefab","Projectile / Shoot Chain","Muzzle; Projectile; Hit/Impact; Poison/Gas","","FX_Shoot_Gas_muzzle","Assets/ThirdParty/VFX_Klaus/Prefabs/Stylized Shoot & Hit Vol.2/FX_Shoot_Gas_muzzle.prefab","463.8","Spawn at caster, muzzle, or weapon tip; pair with same-name projectile and hit prefabs."
"VFX_Klaus","Stylized Shoot & Hit Vol.2","Prefab","Projectile / Shoot Chain","Projectile; Hit/Impact; Poison/Gas","","FX_Shoot_Gas_projectile","Assets/ThirdParty/VFX_Klaus/Prefabs/Stylized Shoot & Hit Vol.2/FX_Shoot_Gas_projectile.prefab","452.4","Flying segment; usually needs gameplay code for direction, speed, collision, and hit spawning."
"VFX_Klaus","Stylized Shoot & Hit Vol.2","Prefab","Projectile / Shoot Chain","Projectile; Hit/Impact","","FX_Shoot_Hammer","Assets/ThirdParty/VFX_Klaus/Prefabs/Stylized Shoot & Hit Vol.2/Prefab/FX_Shoot_Hammer.prefab","5.1","Impact moment; pair with same-name muzzle/projectile prefabs when possible."
"VFX_Klaus","Stylized Shoot & Hit Vol.2","Prefab","Projectile / Shoot Chain","Projectile; Hit/Impact","","FX_Shoot_Hammer_hit","Assets/ThirdParty/VFX_Klaus/Prefabs/Stylized Shoot & Hit Vol.2/FX_Shoot_Hammer_hit.prefab","585.3","Impact moment; pair with same-name muzzle/projectile prefabs when possible."
"VFX_Klaus","Stylized Shoot & Hit Vol.2","Prefab","Projectile / Shoot Chain","Muzzle; Projectile; Hit/Impact","","FX_Shoot_Hammer_muzzle","Assets/ThirdParty/VFX_Klaus/Prefabs/Stylized Shoot & Hit Vol.2/FX_Shoot_Hammer_muzzle.prefab","3.6","Spawn at caster, muzzle, or weapon tip; pair with same-name projectile and hit prefabs."
"VFX_Klaus","Stylized Shoot & Hit Vol.2","Prefab","Projectile / Shoot Chain","Projectile; Hit/Impact","","FX_Shoot_Hammer_projectile","Assets/ThirdParty/VFX_Klaus/Prefabs/Stylized Shoot & Hit Vol.2/FX_Shoot_Hammer_projectile.prefab","464.4","Flying segment; usually needs gameplay code for direction, speed, collision, and hit spawning."
"VFX_Klaus","Stylized Shoot & Hit Vol.2","Prefab","Projectile / Shoot Chain","Projectile; Hit/Impact; Ice/Crystal","","FX_Shoot_Ice","Assets/ThirdParty/VFX_Klaus/Prefabs/Stylized Shoot & Hit Vol.2/Prefab/FX_Shoot_Ice.prefab","5.1","Impact moment; pair with same-name muzzle/projectile prefabs when possible."
"VFX_Klaus","Stylized Shoot & Hit Vol.2","Prefab","Projectile / Shoot Chain","Projectile; Hit/Impact; Ice/Crystal","","FX_Shoot_Ice_hit","Assets/ThirdParty/VFX_Klaus/Prefabs/Stylized Shoot & Hit Vol.2/FX_Shoot_Ice_hit.prefab","705.6","Impact moment; pair with same-name muzzle/projectile prefabs when possible."
"VFX_Klaus","Stylized Shoot & Hit Vol.2","Prefab","Projectile / Shoot Chain","Muzzle; Projectile; Hit/Impact; Ice/Crystal","","FX_Shoot_Ice_muzzle","Assets/ThirdParty/VFX_Klaus/Prefabs/Stylized Shoot & Hit Vol.2/FX_Shoot_Ice_muzzle.prefab","592.2","Spawn at caster, muzzle, or weapon tip; pair with same-name projectile and hit prefabs."
"VFX_Klaus","Stylized Shoot & Hit Vol.2","Prefab","Projectile / Shoot Chain","Projectile; Hit/Impact; Ice/Crystal","","FX_Shoot_Ice_projectile","Assets/ThirdParty/VFX_Klaus/Prefabs/Stylized Shoot & Hit Vol.2/FX_Shoot_Ice_projectile.prefab","466.7","Flying segment; usually needs gameplay code for direction, speed, collision, and hit spawning."
"VFX_Klaus","Stylized Shoot & Hit Vol.2","Prefab","Projectile / Shoot Chain","Projectile; Hit/Impact","","FX_Shoot_Kunai","Assets/ThirdParty/VFX_Klaus/Prefabs/Stylized Shoot & Hit Vol.2/Prefab/FX_Shoot_Kunai.prefab","5.1","Impact moment; pair with same-name muzzle/projectile prefabs when possible."
"VFX_Klaus","Stylized Shoot & Hit Vol.2","Prefab","Projectile / Shoot Chain","Projectile; Hit/Impact","","FX_Shoot_Kunai_hit","Assets/ThirdParty/VFX_Klaus/Prefabs/Stylized Shoot & Hit Vol.2/FX_Shoot_Kunai_hit.prefab","601.8","Impact moment; pair with same-name muzzle/projectile prefabs when possible."
"VFX_Klaus","Stylized Shoot & Hit Vol.2","Prefab","Projectile / Shoot Chain","Muzzle; Projectile; Hit/Impact","","FX_Shoot_Kunai_muzzle","Assets/ThirdParty/VFX_Klaus/Prefabs/Stylized Shoot & Hit Vol.2/FX_Shoot_Kunai_muzzle.prefab","4.7","Spawn at caster, muzzle, or weapon tip; pair with same-name projectile and hit prefabs."
"VFX_Klaus","Stylized Shoot & Hit Vol.2","Prefab","Projectile / Shoot Chain","Projectile; Hit/Impact","","FX_Shoot_Kunai_projectile","Assets/ThirdParty/VFX_Klaus/Prefabs/Stylized Shoot & Hit Vol.2/FX_Shoot_Kunai_projectile.prefab","349","Flying segment; usually needs gameplay code for direction, speed, collision, and hit spawning."
"VFX_Klaus","Stylized Shoot & Hit Vol.2","Prefab","Projectile / Shoot Chain","Projectile; Hit/Impact","","FX_Shoot_Laser_01","Assets/ThirdParty/VFX_Klaus/Prefabs/Stylized Shoot & Hit Vol.2/Prefab/FX_Shoot_Laser_01.prefab","5.1","Impact moment; pair with same-name muzzle/projectile prefabs when possible."
"VFX_Klaus","Stylized Shoot & Hit Vol.2","Prefab","Projectile / Shoot Chain","Projectile; Hit/Impact","","FX_Shoot_Laser_01_hit","Assets/ThirdParty/VFX_Klaus/Prefabs/Stylized Shoot & Hit Vol.2/FX_Shoot_Laser_01_hit.prefab","700.4","Impact moment; pair with same-name muzzle/projectile prefabs when possible."
"VFX_Klaus","Stylized Shoot & Hit Vol.2","Prefab","Projectile / Shoot Chain","Muzzle; Projectile; Hit/Impact","","FX_Shoot_Laser_01_muzzle","Assets/ThirdParty/VFX_Klaus/Prefabs/Stylized Shoot & Hit Vol.2/FX_Shoot_Laser_01_muzzle.prefab","579.1","Spawn at caster, muzzle, or weapon tip; pair with same-name projectile and hit prefabs."
"VFX_Klaus","Stylized Shoot & Hit Vol.2","Prefab","Projectile / Shoot Chain","Projectile; Hit/Impact","","FX_Shoot_Laser_01_projectile","Assets/ThirdParty/VFX_Klaus/Prefabs/Stylized Shoot & Hit Vol.2/FX_Shoot_Laser_01_projectile.prefab","339.3","Flying segment; usually needs gameplay code for direction, speed, collision, and hit spawning."
"VFX_Klaus","Stylized Shoot & Hit Vol.2","Prefab","Projectile / Shoot Chain","Projectile; Hit/Impact","","FX_Shoot_Laser_02","Assets/ThirdParty/VFX_Klaus/Prefabs/Stylized Shoot & Hit Vol.2/Prefab/FX_Shoot_Laser_02.prefab","5.1","Impact moment; pair with same-name muzzle/projectile prefabs when possible."
"VFX_Klaus","Stylized Shoot & Hit Vol.2","Prefab","Projectile / Shoot Chain","Projectile; Hit/Impact","","FX_Shoot_Laser_02_hit","Assets/ThirdParty/VFX_Klaus/Prefabs/Stylized Shoot & Hit Vol.2/FX_Shoot_Laser_02_hit.prefab","692.9","Impact moment; pair with same-name muzzle/projectile prefabs when possible."
"VFX_Klaus","Stylized Shoot & Hit Vol.2","Prefab","Projectile / Shoot Chain","Muzzle; Projectile; Hit/Impact","","FX_Shoot_Laser_02_muzzle","Assets/ThirdParty/VFX_Klaus/Prefabs/Stylized Shoot & Hit Vol.2/FX_Shoot_Laser_02_muzzle.prefab","345.6","Spawn at caster, muzzle, or weapon tip; pair with same-name projectile and hit prefabs."
"VFX_Klaus","Stylized Shoot & Hit Vol.2","Prefab","Projectile / Shoot Chain","Projectile; Hit/Impact","","FX_Shoot_Laser_02_projectile","Assets/ThirdParty/VFX_Klaus/Prefabs/Stylized Shoot & Hit Vol.2/FX_Shoot_Laser_02_projectile.prefab","453.2","Flying segment; usually needs gameplay code for direction, speed, collision, and hit spawning."
"VFX_Klaus","Stylized Shoot & Hit Vol.2","Prefab","Projectile / Shoot Chain","Projectile; Hit/Impact","","FX_Shoot_Obsidian","Assets/ThirdParty/VFX_Klaus/Prefabs/Stylized Shoot & Hit Vol.2/Prefab/FX_Shoot_Obsidian.prefab","5.1","Impact moment; pair with same-name muzzle/projectile prefabs when possible."
"VFX_Klaus","Stylized Shoot & Hit Vol.2","Prefab","Projectile / Shoot Chain","Projectile; Hit/Impact","","FX_Shoot_Obsidian_hit","Assets/ThirdParty/VFX_Klaus/Prefabs/Stylized Shoot & Hit Vol.2/FX_Shoot_Obsidian_hit.prefab","708.6","Impact moment; pair with same-name muzzle/projectile prefabs when possible."
"VFX_Klaus","Stylized Shoot & Hit Vol.2","Prefab","Projectile / Shoot Chain","Muzzle; Projectile; Hit/Impact","","FX_Shoot_Obsidian_muzzle","Assets/ThirdParty/VFX_Klaus/Prefabs/Stylized Shoot & Hit Vol.2/FX_Shoot_Obsidian_muzzle.prefab","349.5","Spawn at caster, muzzle, or weapon tip; pair with same-name projectile and hit prefabs."
"VFX_Klaus","Stylized Shoot & Hit Vol.2","Prefab","Projectile / Shoot Chain","Projectile; Hit/Impact","","FX_Shoot_Obsidian_projectile","Assets/ThirdParty/VFX_Klaus/Prefabs/Stylized Shoot & Hit Vol.2/FX_Shoot_Obsidian_projectile.prefab","582.6","Flying segment; usually needs gameplay code for direction, speed, collision, and hit spawning."
"VFX_Klaus","Stylized Shoot & Hit Vol.2","Prefab","Projectile / Shoot Chain","Projectile; Hit/Impact; Poison/Gas","","FX_Shoot_Poison","Assets/ThirdParty/VFX_Klaus/Prefabs/Stylized Shoot & Hit Vol.2/Prefab/FX_Shoot_Poison.prefab","5.1","Impact moment; pair with same-name muzzle/projectile prefabs when possible."
"VFX_Klaus","Stylized Shoot & Hit Vol.2","Prefab","Projectile / Shoot Chain","Projectile; Hit/Impact; Poison/Gas","","FX_Shoot_Poison_hit","Assets/ThirdParty/VFX_Klaus/Prefabs/Stylized Shoot & Hit Vol.2/FX_Shoot_Poison_hit.prefab","586.8","Impact moment; pair with same-name muzzle/projectile prefabs when possible."
"VFX_Klaus","Stylized Shoot & Hit Vol.2","Prefab","Projectile / Shoot Chain","Muzzle; Projectile; Hit/Impact; Poison/Gas","","FX_Shoot_Poison_muzzle","Assets/ThirdParty/VFX_Klaus/Prefabs/Stylized Shoot & Hit Vol.2/FX_Shoot_Poison_muzzle.prefab","471","Spawn at caster, muzzle, or weapon tip; pair with same-name projectile and hit prefabs."
"VFX_Klaus","Stylized Shoot & Hit Vol.2","Prefab","Projectile / Shoot Chain","Projectile; Hit/Impact; Poison/Gas","","FX_Shoot_Poison_projectile","Assets/ThirdParty/VFX_Klaus/Prefabs/Stylized Shoot & Hit Vol.2/FX_Shoot_Poison_projectile.prefab","458.5","Flying segment; usually needs gameplay code for direction, speed, collision, and hit spawning."
"VFX_Klaus","Stylized Shoot & Hit Vol.2","Prefab","Projectile / Shoot Chain","Projectile; Hit/Impact","","FX_Shoot_Shuriken","Assets/ThirdParty/VFX_Klaus/Prefabs/Stylized Shoot & Hit Vol.2/Prefab/FX_Shoot_Shuriken.prefab","5.1","Impact moment; pair with same-name muzzle/projectile prefabs when possible."
"VFX_Klaus","Stylized Shoot & Hit Vol.2","Prefab","Projectile / Shoot Chain","Projectile; Hit/Impact","","FX_Shoot_Shuriken_hit","Assets/ThirdParty/VFX_Klaus/Prefabs/Stylized Shoot & Hit Vol.2/FX_Shoot_Shuriken_hit.prefab","597.2","Impact moment; pair with same-name muzzle/projectile prefabs when possible."
"VFX_Klaus","Stylized Shoot & Hit Vol.2","Prefab","Projectile / Shoot Chain","Muzzle; Projectile; Hit/Impact","","FX_Shoot_Shuriken_muzzle","Assets/ThirdParty/VFX_Klaus/Prefabs/Stylized Shoot & Hit Vol.2/FX_Shoot_Shuriken_muzzle.prefab","5","Spawn at caster, muzzle, or weapon tip; pair with same-name projectile and hit prefabs."
"VFX_Klaus","Stylized Shoot & Hit Vol.2","Prefab","Projectile / Shoot Chain","Projectile; Hit/Impact","","FX_Shoot_Shuriken_projectile","Assets/ThirdParty/VFX_Klaus/Prefabs/Stylized Shoot & Hit Vol.2/FX_Shoot_Shuriken_projectile.prefab","351.1","Flying segment; usually needs gameplay code for direction, speed, collision, and hit spawning."
"VFX_Klaus","Stylized Shoot & Hit Vol.2","Readme/Text","Projectile / Shoot Chain","Projectile; Hit/Impact","","ReadMe_Stylized Shoot & Hit Vol.2","Assets/ThirdParty/VFX_Klaus/Prefabs/Stylized Shoot & Hit Vol.2/ReadMe_Stylized Shoot & Hit Vol.2.txt","2.3","Impact moment; pair with same-name muzzle/projectile prefabs when possible."
"VFX_Klaus","Textures","Texture","Texture","Comic Text","","Tex_fx_elements_set_01","Assets/ThirdParty/VFX_Klaus/Textures/Tex_fx_elements_set_01.tga","4096","Reusable resource component for materials, textures, shaders, data, prefabs, or new VFX assemblies."
"VFX_Klaus","Textures","Texture","Texture","Comic Text","","Tex_fx_elements_set_02","Assets/ThirdParty/VFX_Klaus/Textures/Tex_fx_elements_set_02.tga","4096","Reusable resource component for materials, textures, shaders, data, prefabs, or new VFX assemblies."
"VFX_Klaus","Textures","Texture","Texture","Comic Text","","Tex_fx_elements_set_03","Assets/ThirdParty/VFX_Klaus/Textures/Tex_fx_elements_set_03.tga","4096","Reusable resource component for materials, textures, shaders, data, prefabs, or new VFX assemblies."
"VFX_Klaus","Textures","Texture","Texture","Comic Text","","Tex_fx_HCFX_set_01","Assets/ThirdParty/VFX_Klaus/Textures/Tex_fx_HCFX_set_01.tga","16384","Reusable resource component for materials, textures, shaders, data, prefabs, or new VFX assemblies."
"VFX_Klaus","Textures","Texture","Texture","Projectile; Hit/Impact; Comic Text","","Tex_fx_Shoot&Hit_set","Assets/ThirdParty/VFX_Klaus/Textures/Tex_fx_Shoot&Hit_set.tga","16384","Reusable resource component for materials, textures, shaders, data, prefabs, or new VFX assemblies."
"VFX_Klaus","Textures","Texture","Texture","Projectile; Hit/Impact; Comic Text","","Tex_fx_Shoot&HitVol.2_Modeling_MainTex","Assets/ThirdParty/VFX_Klaus/Textures/Tex_fx_Shoot&HitVol.2_Modeling_MainTex.png","321","Reusable resource component for materials, textures, shaders, data, prefabs, or new VFX assemblies."
"VFX_Klaus","Textures","Texture","Texture","Projectile; Hit/Impact; Comic Text","","Tex_fx_Shoot&HitVol.2_Modeling_MSEA","Assets/ThirdParty/VFX_Klaus/Textures/Tex_fx_Shoot&HitVol.2_Modeling_MSEA.png","25.5","Reusable resource component for materials, textures, shaders, data, prefabs, or new VFX assemblies."
"VFX_Klaus","Textures","Texture","Texture","Slash/Trail; Comic Text","","Tex_fx_slash_set","Assets/ThirdParty/VFX_Klaus/Textures/Tex_fx_slash_set.png","2358.8","Reusable resource component for materials, textures, shaders, data, prefabs, or new VFX assemblies."
"VFX_Klaus","Textures","Texture","Texture","Splash; Comic Text","","Tex_fx_splash_set","Assets/ThirdParty/VFX_Klaus/Textures/Tex_fx_splash_set.tga","16384","Reusable resource component for materials, textures, shaders, data, prefabs, or new VFX assemblies."
"VFX_Klaus","Timeline demo prefabs","Prefab","Utility/Resource","","","Hyper Casual FX","Assets/ThirdParty/VFX_Klaus/Timeline/Hyper Casual FX.prefab","718.8","Reusable resource component for materials, textures, shaders, data, prefabs, or new VFX assemblies."
"VFX_Klaus","Timeline demo prefabs","Prefab","Melee Slash / Weapon Trail","Hit/Impact; Slash/Trail","","Stylized Hit & Slash","Assets/ThirdParty/VFX_Klaus/Timeline/Stylized Hit & Slash.prefab","506.8","Use for melee swings, sword arcs, and weapon trails; layer with hit sparks and speed lines."
"VFX_Klaus","Timeline demo prefabs","Prefab","Elemental Splash / Burst","Splash","","Stylized_Element_Splash_vol.1","Assets/ThirdParty/VFX_Klaus/Timeline/Stylized_Element_Splash_vol.1.prefab","236.2","Use for spell bursts and ground impacts; air variants attach to targets, floor variants sit on ground."
"VFX_Klaus","Timeline demo prefabs","Prefab","Elemental Splash / Burst","Splash","","Stylized_Element_Splash_vol.2","Assets/ThirdParty/VFX_Klaus/Timeline/Stylized_Element_Splash_vol.2.prefab","169","Use for spell bursts and ground impacts; air variants attach to targets, floor variants sit on ground."
"VFX_Klaus","Timeline demo prefabs","Prefab","Elemental Splash / Burst","Splash","","Stylized_Element_Splash_vol.3","Assets/ThirdParty/VFX_Klaus/Timeline/Stylized_Element_Splash_vol.3.prefab","277.6","Use for spell bursts and ground impacts; air variants attach to targets, floor variants sit on ground."
"VFX_Klaus","Timeline demo prefabs","Timeline/Playable","Melee Slash / Weapon Trail","Hit/Impact; Slash/Trail","","Hit & Slash","Assets/ThirdParty/VFX_Klaus/Timeline/Hit & Slash.playable","744.9","Use for melee swings, sword arcs, and weapon trails; layer with hit sparks and speed lines."
"VFX_Klaus","Timeline demo prefabs","Timeline/Playable","Utility/Resource","","","Hyper Casual FX","Assets/ThirdParty/VFX_Klaus/Timeline/Hyper Casual FX.playable","1352.6","Reusable resource component for materials, textures, shaders, data, prefabs, or new VFX assemblies."
"VFX_Klaus","Timeline demo prefabs","Timeline/Playable","Elemental Splash / Burst","Splash","","Stylized_Element_Splash_vol.1","Assets/ThirdParty/VFX_Klaus/Timeline/Stylized_Element_Splash_vol.1.playable","186","Use for spell bursts and ground impacts; air variants attach to targets, floor variants sit on ground."
"VFX_Klaus","Timeline demo prefabs","Timeline/Playable","Elemental Splash / Burst","Splash","","Stylized_Element_Splash_vol.2","Assets/ThirdParty/VFX_Klaus/Timeline/Stylized_Element_Splash_vol.2.playable","193.3","Use for spell bursts and ground impacts; air variants attach to targets, floor variants sit on ground."
"VFX_Klaus","Timeline demo prefabs","Timeline/Playable","Elemental Splash / Burst","Splash","","Stylized_Element_Splash_vol.3","Assets/ThirdParty/VFX_Klaus/Timeline/Stylized_Element_Splash_vol.3.playable","211.6","Use for spell bursts and ground impacts; air variants attach to targets, floor variants sit on ground."
"VFX_Klaus","VFX Lab scenes","Demo Scene","Demo Scene","","","VFX_Lab_HyperCasualFX","Assets/ThirdParty/VFX_Klaus/VFX_Lab/VFX_Lab_HyperCasualFX.unity","154.6","Open to inspect vendor timing, lighting, camera, and timeline organization."
"VFX_Klaus","VFX Lab scenes","Demo Scene","Demo Scene","Hit/Impact; Slash/Trail","","VFX_Lab_Stylized Hit & Slash","Assets/ThirdParty/VFX_Klaus/VFX_Lab/VFX_Lab_Stylized Hit & Slash.unity","18.8","Open to inspect vendor timing, lighting, camera, and timeline organization."
"VFX_Klaus","VFX Lab scenes","Demo Scene","Demo Scene","Projectile; Hit/Impact","","VFX_Lab_Stylized Shoot & Hit","Assets/ThirdParty/VFX_Klaus/VFX_Lab/VFX_Lab_Stylized Shoot & Hit.unity","33.9","Open to inspect vendor timing, lighting, camera, and timeline organization."
"VFX_Klaus","VFX Lab scenes","Demo Scene","Demo Scene","Projectile; Hit/Impact","","VFX_Lab_Stylized Shoot & Hit Vol.2","Assets/ThirdParty/VFX_Klaus/VFX_Lab/VFX_Lab_Stylized Shoot & Hit Vol.2.unity","36.7","Open to inspect vendor timing, lighting, camera, and timeline organization."
"VFX_Klaus","VFX Lab scenes","Demo Scene","Demo Scene","Splash","","VFX_Lab_Stylized_Element_Splash_vol.1","Assets/ThirdParty/VFX_Klaus/VFX_Lab/VFX_Lab_Stylized_Element_Splash_vol.1.unity","18.4","Open to inspect vendor timing, lighting, camera, and timeline organization."
"VFX_Klaus","VFX Lab scenes","Demo Scene","Demo Scene","Splash","","VFX_Lab_Stylized_Element_Splash_vol.2","Assets/ThirdParty/VFX_Klaus/VFX_Lab/VFX_Lab_Stylized_Element_Splash_vol.2.unity","18.3","Open to inspect vendor timing, lighting, camera, and timeline organization."
"VFX_Klaus","VFX Lab scenes","Demo Scene","Demo Scene","Splash","","VFX_Lab_Stylized_Element_Splash_vol.3","Assets/ThirdParty/VFX_Klaus/VFX_Lab/VFX_Lab_Stylized_Element_Splash_vol.3.unity","29.5","Open to inspect vendor timing, lighting, camera, and timeline organization."
"VFX_Klaus","VFX Lab scenes","Unity Asset","Utility/Resource","","","PostProcess Profile","Assets/ThirdParty/VFX_Klaus/VFX_Lab/PostProcess Profile.asset","1.4","Reusable resource component for materials, textures, shaders, data, prefabs, or new VFX assemblies."
"VFX_Klaus","VFX_Klaus","Readme/Text","Melee Slash / Weapon Trail","Hit/Impact; Slash/Trail","","ReadMe_Stylized Hit & Slash","Assets/ThirdParty/VFX_Klaus/ReadMe_Stylized Hit & Slash.txt","2.5","Use for melee swings, sword arcs, and weapon trails; layer with hit sparks and speed lines."
"VFX_Klaus","VFX_Klaus","Readme/Text","Elemental Splash / Burst","Splash","","ReadMe_Stylized_Element_Splash_vol.1","Assets/ThirdParty/VFX_Klaus/ReadMe_Stylized_Element_Splash_vol.1.txt","2.5","Use for spell bursts and ground impacts; air variants attach to targets, floor variants sit on ground."
"VFX_Klaus","VFX_Klaus","Readme/Text","Elemental Splash / Burst","Splash","","ReadMe_Stylized_Element_Splash_vol.2","Assets/ThirdParty/VFX_Klaus/ReadMe_Stylized_Element_Splash_vol.2.txt","2.3","Use for spell bursts and ground impacts; air variants attach to targets, floor variants sit on ground."
"Volumetric Fog & Mist 2","Demo / DemoAncientLands","Demo Scene","Demo Scene","Air/Dust/Fog; Volumetric System","","DemoAncientLands","Assets/ThirdParty/VolumetricFog2/Demo/DemoAncientLands/DemoAncientLands.unity","10902.8","Open to inspect vendor timing, lighting, camera, and timeline organization."
"Volumetric Fog & Mist 2","Demo / DemoAncientLands","Material","Material","Air/Dust/Fog; Volumetric System","","Coloumn","Assets/ThirdParty/VolumetricFog2/Demo/DemoAncientLands/Environment/Materials/Coloumn.mat","5.2","Reusable resource component for materials, textures, shaders, data, prefabs, or new VFX assemblies."
"Volumetric Fog & Mist 2","Demo / DemoAncientLands","Material","Material","Air/Dust/Fog; Volumetric System","","ColoumnHead","Assets/ThirdParty/VolumetricFog2/Demo/DemoAncientLands/Environment/Materials/ColoumnHead.mat","5.2","Reusable resource component for materials, textures, shaders, data, prefabs, or new VFX assemblies."
"Volumetric Fog & Mist 2","Demo / DemoAncientLands","Material","Material","Air/Dust/Fog; Volumetric System","Ground/Area","Ground","Assets/ThirdParty/VolumetricFog2/Demo/DemoAncientLands/Environment/Materials/Ground.mat","4.2","Reusable resource component for materials, textures, shaders, data, prefabs, or new VFX assemblies."
"Volumetric Fog & Mist 2","Demo / DemoAncientLands","Material","Material","Air/Dust/Fog; Nature; Volumetric System","","Plant","Assets/ThirdParty/VolumetricFog2/Demo/DemoAncientLands/Environment/Materials/Plant.mat","3.9","Reusable resource component for materials, textures, shaders, data, prefabs, or new VFX assemblies."
"Volumetric Fog & Mist 2","Demo / DemoAncientLands","Material","Material","Air/Dust/Fog; Nature; Volumetric System","","Plant2","Assets/ThirdParty/VolumetricFog2/Demo/DemoAncientLands/Environment/Materials/Plant2.mat","3.9","Reusable resource component for materials, textures, shaders, data, prefabs, or new VFX assemblies."
"Volumetric Fog & Mist 2","Demo / DemoAncientLands","Material","Material","Air/Dust/Fog; Volumetric System","","Rock_1","Assets/ThirdParty/VolumetricFog2/Demo/DemoAncientLands/Environment/Materials/Rock_1.mat","4","Reusable resource component for materials, textures, shaders, data, prefabs, or new VFX assemblies."
"Volumetric Fog & Mist 2","Demo / DemoAncientLands","Material","Material","Air/Dust/Fog; Volumetric System","","Rock_2","Assets/ThirdParty/VolumetricFog2/Demo/DemoAncientLands/Environment/Materials/Rock_2.mat","4","Reusable resource component for materials, textures, shaders, data, prefabs, or new VFX assemblies."
"Volumetric Fog & Mist 2","Demo / DemoAncientLands","Material","Material","Air/Dust/Fog; Volumetric System","","Rock_3","Assets/ThirdParty/VolumetricFog2/Demo/DemoAncientLands/Environment/Materials/Rock_3.mat","4","Reusable resource component for materials, textures, shaders, data, prefabs, or new VFX assemblies."
"Volumetric Fog & Mist 2","Demo / DemoAncientLands","Material","Material","Air/Dust/Fog; Volumetric System","","Rock_Big","Assets/ThirdParty/VolumetricFog2/Demo/DemoAncientLands/Environment/Materials/Rock_Big.mat","4","Reusable resource component for materials, textures, shaders, data, prefabs, or new VFX assemblies."
"Volumetric Fog & Mist 2","Demo / DemoAncientLands","Material","Material","Air/Dust/Fog; Volumetric System","","Skybox","Assets/ThirdParty/VolumetricFog2/Demo/DemoAncientLands/Environment/Materials/Skybox.mat","3.5","Reusable resource component for materials, textures, shaders, data, prefabs, or new VFX assemblies."
"Volumetric Fog & Mist 2","Demo / DemoAncientLands","Prefab","Environment / Volumetric","Air/Dust/Fog; Volumetric System","","CliffLow","Assets/ThirdParty/VolumetricFog2/Demo/DemoAncientLands/Environment/Prefabs/CliffLow.prefab","11.6","Scene atmosphere system; needs URP RendererFeature/Volume settings."
"Volumetric Fog & Mist 2","Demo / DemoAncientLands","Prefab","Environment / Volumetric","Air/Dust/Fog; Volumetric System","","Coloumn","Assets/ThirdParty/VolumetricFog2/Demo/DemoAncientLands/Environment/Prefabs/Coloumn.prefab","5.6","Scene atmosphere system; needs URP RendererFeature/Volume settings."
"Volumetric Fog & Mist 2","Demo / DemoAncientLands","Prefab","Environment / Volumetric","Air/Dust/Fog; Volumetric System","","Level","Assets/ThirdParty/VolumetricFog2/Demo/DemoAncientLands/Level.prefab","1658.8","Scene atmosphere system; needs URP RendererFeature/Volume settings."
"Volumetric Fog & Mist 2","Demo / DemoAncientLands","Prefab","Environment / Volumetric","Air/Dust/Fog; Nature; Volumetric System","","Plant","Assets/ThirdParty/VolumetricFog2/Demo/DemoAncientLands/Environment/Prefabs/Plant.prefab","9","Scene atmosphere system; needs URP RendererFeature/Volume settings."
"Volumetric Fog & Mist 2","Demo / DemoAncientLands","Prefab","Environment / Volumetric","Air/Dust/Fog; Volumetric System","","Rock","Assets/ThirdParty/VolumetricFog2/Demo/DemoAncientLands/Environment/Prefabs/Rock.prefab","11.6","Scene atmosphere system; needs URP RendererFeature/Volume settings."
"Volumetric Fog & Mist 2","Demo / DemoAncientLands","Prefab","Environment / Volumetric","Air/Dust/Fog; Volumetric System","","Rock2","Assets/ThirdParty/VolumetricFog2/Demo/DemoAncientLands/Environment/Prefabs/Rock2.prefab","9.1","Scene atmosphere system; needs URP RendererFeature/Volume settings."
"Volumetric Fog & Mist 2","Demo / DemoAncientLands","Prefab","Environment / Volumetric","Air/Dust/Fog; Volumetric System","","Rock3","Assets/ThirdParty/VolumetricFog2/Demo/DemoAncientLands/Environment/Prefabs/Rock3.prefab","11.6","Scene atmosphere system; needs URP RendererFeature/Volume settings."
"Volumetric Fog & Mist 2","Demo / DemoAncientLands","Prefab","Environment / Volumetric","Air/Dust/Fog; Volumetric System","","Rock4","Assets/ThirdParty/VolumetricFog2/Demo/DemoAncientLands/Environment/Prefabs/Rock4.prefab","11.6","Scene atmosphere system; needs URP RendererFeature/Volume settings."
"Volumetric Fog & Mist 2","Demo / DemoAncientLands","Texture","Texture","Air/Dust/Fog; Comic Text; Volumetric System","","Coloumn_Dirty_A_AlbedoTransparency","Assets/ThirdParty/VolumetricFog2/Demo/DemoAncientLands/Environment/Textures/Coloumn_Dirty_A_AlbedoTransparency.png","5060.7","Reusable resource component for materials, textures, shaders, data, prefabs, or new VFX assemblies."
"Volumetric Fog & Mist 2","Demo / DemoAncientLands","Texture","Texture","Air/Dust/Fog; Comic Text; Volumetric System","","Coloumn_Dirty_A_AO","Assets/ThirdParty/VolumetricFog2/Demo/DemoAncientLands/Environment/Textures/Coloumn_Dirty_A_AO.png","1242.1","Reusable resource component for materials, textures, shaders, data, prefabs, or new VFX assemblies."
"Volumetric Fog & Mist 2","Demo / DemoAncientLands","Texture","Texture","Air/Dust/Fog; Comic Text; Volumetric System","","Coloumn_Dirty_A_Normal","Assets/ThirdParty/VolumetricFog2/Demo/DemoAncientLands/Environment/Textures/Coloumn_Dirty_A_Normal.png","4845.3","Reusable resource component for materials, textures, shaders, data, prefabs, or new VFX assemblies."
"Volumetric Fog & Mist 2","Demo / DemoAncientLands","Texture","Texture","Air/Dust/Fog; Comic Text; Volumetric System","","Coloumn_Dirty_A_SpecularSmoothness","Assets/ThirdParty/VolumetricFog2/Demo/DemoAncientLands/Environment/Textures/Coloumn_Dirty_A_SpecularSmoothness.png","1425.4","Reusable resource component for materials, textures, shaders, data, prefabs, or new VFX assemblies."
"Volumetric Fog & Mist 2","Demo / DemoAncientLands","Texture","Texture","Air/Dust/Fog; Comic Text; Volumetric System","","ColoumnHead_Dirty_A_AlbedoTransparency","Assets/ThirdParty/VolumetricFog2/Demo/DemoAncientLands/Environment/Textures/ColoumnHead_Dirty_A_AlbedoTransparency.png","5258.6","Reusable resource component for materials, textures, shaders, data, prefabs, or new VFX assemblies."
"Volumetric Fog & Mist 2","Demo / DemoAncientLands","Texture","Texture","Air/Dust/Fog; Comic Text; Volumetric System","","ColoumnHead_Dirty_A_AO","Assets/ThirdParty/VolumetricFog2/Demo/DemoAncientLands/Environment/Textures/ColoumnHead_Dirty_A_AO.png","34.3","Reusable resource component for materials, textures, shaders, data, prefabs, or new VFX assemblies."
"Volumetric Fog & Mist 2","Demo / DemoAncientLands","Texture","Texture","Air/Dust/Fog; Comic Text; Volumetric System","","ColoumnHead_Dirty_A_Normal","Assets/ThirdParty/VolumetricFog2/Demo/DemoAncientLands/Environment/Textures/ColoumnHead_Dirty_A_Normal.png","4401.2","Reusable resource component for materials, textures, shaders, data, prefabs, or new VFX assemblies."
"Volumetric Fog & Mist 2","Demo / DemoAncientLands","Texture","Texture","Air/Dust/Fog; Comic Text; Volumetric System","","ColoumnHead_Dirty_A_SpecularSmoothness","Assets/ThirdParty/VolumetricFog2/Demo/DemoAncientLands/Environment/Textures/ColoumnHead_Dirty_A_SpecularSmoothness.png","1309.2","Reusable resource component for materials, textures, shaders, data, prefabs, or new VFX assemblies."
"Volumetric Fog & Mist 2","Demo / DemoAncientLands","Texture","Texture","Air/Dust/Fog; Comic Text; Volumetric System","","Detail_SandySoil_Albedo","Assets/ThirdParty/VolumetricFog2/Demo/DemoAncientLands/Environment/Textures/Detail_SandySoil_Albedo.tif","1826.5","Reusable resource component for materials, textures, shaders, data, prefabs, or new VFX assemblies."
"Volumetric Fog & Mist 2","Demo / DemoAncientLands","Texture","Texture","Air/Dust/Fog; Comic Text; Volumetric System","","Detail_SandySoil_Normal","Assets/ThirdParty/VolumetricFog2/Demo/DemoAncientLands/Environment/Textures/Detail_SandySoil_Normal.tif","6177.8","Reusable resource component for materials, textures, shaders, data, prefabs, or new VFX assemblies."
"Volumetric Fog & Mist 2","Demo / DemoAncientLands","Texture","Texture","Air/Dust/Fog; Comic Text; Volumetric System","Ground/Area","Ground_AO","Assets/ThirdParty/VolumetricFog2/Demo/DemoAncientLands/Environment/Textures/Ground_AO.png","3752.7","Reusable resource component for materials, textures, shaders, data, prefabs, or new VFX assemblies."
"Volumetric Fog & Mist 2","Demo / DemoAncientLands","Texture","Texture","Air/Dust/Fog; Comic Text; Volumetric System","Ground/Area","Ground_Normal","Assets/ThirdParty/VolumetricFog2/Demo/DemoAncientLands/Environment/Textures/Ground_Normal.png","26222.6","Reusable resource component for materials, textures, shaders, data, prefabs, or new VFX assemblies."
"Volumetric Fog & Mist 2","Demo / DemoAncientLands","Texture","Texture","Air/Dust/Fog; Comic Text; Volumetric System","Ground/Area","Ground_SpecularSmoothness","Assets/ThirdParty/VolumetricFog2/Demo/DemoAncientLands/Environment/Textures/Ground_SpecularSmoothness.png","25245.9","Reusable resource component for materials, textures, shaders, data, prefabs, or new VFX assemblies."
"Volumetric Fog & Mist 2","Demo / DemoAncientLands","Texture","Texture","Air/Dust/Fog; Nature; Comic Text; Volumetric System","","Plant_Color","Assets/ThirdParty/VolumetricFog2/Demo/DemoAncientLands/Environment/Textures/Plant_Color.png","676","Reusable resource component for materials, textures, shaders, data, prefabs, or new VFX assemblies."
"Volumetric Fog & Mist 2","Demo / DemoAncientLands","Texture","Texture","Air/Dust/Fog; Nature; Comic Text; Volumetric System","","Plant_Normal","Assets/ThirdParty/VolumetricFog2/Demo/DemoAncientLands/Environment/Textures/Plant_Normal.png","672.5","Reusable resource component for materials, textures, shaders, data, prefabs, or new VFX assemblies."
"Volumetric Fog & Mist 2","Demo / DemoAncientLands","Texture","Texture","Air/Dust/Fog; Nature; Comic Text; Volumetric System","","Plant2_Color","Assets/ThirdParty/VolumetricFog2/Demo/DemoAncientLands/Environment/Textures/Plant2_Color.png","684.2","Reusable resource component for materials, textures, shaders, data, prefabs, or new VFX assemblies."
"Volumetric Fog & Mist 2","Demo / DemoAncientLands","Texture","Texture","Air/Dust/Fog; Nature; Comic Text; Volumetric System","","Plant2_Normal","Assets/ThirdParty/VolumetricFog2/Demo/DemoAncientLands/Environment/Textures/Plant2_Normal.png","676.8","Reusable resource component for materials, textures, shaders, data, prefabs, or new VFX assemblies."
"Volumetric Fog & Mist 2","Demo / DemoAncientLands","Texture","Texture","Air/Dust/Fog; Comic Text; Volumetric System","","Rock_1_AlbedoTransparency","Assets/ThirdParty/VolumetricFog2/Demo/DemoAncientLands/Environment/Textures/Rock_1_AlbedoTransparency.png","4310.9","Reusable resource component for materials, textures, shaders, data, prefabs, or new VFX assemblies."
"Volumetric Fog & Mist 2","Demo / DemoAncientLands","Texture","Texture","Air/Dust/Fog; Comic Text; Volumetric System","","Rock_1_AO","Assets/ThirdParty/VolumetricFog2/Demo/DemoAncientLands/Environment/Textures/Rock_1_AO.png","151.2","Reusable resource component for materials, textures, shaders, data, prefabs, or new VFX assemblies."
"Volumetric Fog & Mist 2","Demo / DemoAncientLands","Texture","Texture","Air/Dust/Fog; Comic Text; Volumetric System","","Rock_1_Normal","Assets/ThirdParty/VolumetricFog2/Demo/DemoAncientLands/Environment/Textures/Rock_1_Normal.png","1574.7","Reusable resource component for materials, textures, shaders, data, prefabs, or new VFX assemblies."
"Volumetric Fog & Mist 2","Demo / DemoAncientLands","Texture","Texture","Air/Dust/Fog; Comic Text; Volumetric System","","Rock_1_SpecularSmoothness","Assets/ThirdParty/VolumetricFog2/Demo/DemoAncientLands/Environment/Textures/Rock_1_SpecularSmoothness.png","319.6","Reusable resource component for materials, textures, shaders, data, prefabs, or new VFX assemblies."
"Volumetric Fog & Mist 2","Demo / DemoAncientLands","Texture","Texture","Air/Dust/Fog; Comic Text; Volumetric System","","Rock_2_AlbedoTransparency","Assets/ThirdParty/VolumetricFog2/Demo/DemoAncientLands/Environment/Textures/Rock_2_AlbedoTransparency.png","1736.6","Reusable resource component for materials, textures, shaders, data, prefabs, or new VFX assemblies."
"Volumetric Fog & Mist 2","Demo / DemoAncientLands","Texture","Texture","Air/Dust/Fog; Comic Text; Volumetric System","","Rock_2_AO","Assets/ThirdParty/VolumetricFog2/Demo/DemoAncientLands/Environment/Textures/Rock_2_AO.png","170.2","Reusable resource component for materials, textures, shaders, data, prefabs, or new VFX assemblies."
"Volumetric Fog & Mist 2","Demo / DemoAncientLands","Texture","Texture","Air/Dust/Fog; Comic Text; Volumetric System","","Rock_2_Normal","Assets/ThirdParty/VolumetricFog2/Demo/DemoAncientLands/Environment/Textures/Rock_2_Normal.png","2260.4","Reusable resource component for materials, textures, shaders, data, prefabs, or new VFX assemblies."
"Volumetric Fog & Mist 2","Demo / DemoAncientLands","Texture","Texture","Air/Dust/Fog; Comic Text; Volumetric System","","Rock_2_SpecularSmoothness","Assets/ThirdParty/VolumetricFog2/Demo/DemoAncientLands/Environment/Textures/Rock_2_SpecularSmoothness.png","430.9","Reusable resource component for materials, textures, shaders, data, prefabs, or new VFX assemblies."
"Volumetric Fog & Mist 2","Demo / DemoAncientLands","Texture","Texture","Air/Dust/Fog; Comic Text; Volumetric System","","Rock_3_AlbedoTransparency","Assets/ThirdParty/VolumetricFog2/Demo/DemoAncientLands/Environment/Textures/Rock_3_AlbedoTransparency.png","1491.2","Reusable resource component for materials, textures, shaders, data, prefabs, or new VFX assemblies."
"Volumetric Fog & Mist 2","Demo / DemoAncientLands","Texture","Texture","Air/Dust/Fog; Comic Text; Volumetric System","","Rock_3_AO","Assets/ThirdParty/VolumetricFog2/Demo/DemoAncientLands/Environment/Textures/Rock_3_AO.png","162.4","Reusable resource component for materials, textures, shaders, data, prefabs, or new VFX assemblies."
"Volumetric Fog & Mist 2","Demo / DemoAncientLands","Texture","Texture","Air/Dust/Fog; Comic Text; Volumetric System","","Rock_3_Normal","Assets/ThirdParty/VolumetricFog2/Demo/DemoAncientLands/Environment/Textures/Rock_3_Normal.png","5967.5","Reusable resource component for materials, textures, shaders, data, prefabs, or new VFX assemblies."
"Volumetric Fog & Mist 2","Demo / DemoAncientLands","Texture","Texture","Air/Dust/Fog; Comic Text; Volumetric System","","Rock_3_SpecularSmoothness","Assets/ThirdParty/VolumetricFog2/Demo/DemoAncientLands/Environment/Textures/Rock_3_SpecularSmoothness.png","331.3","Reusable resource component for materials, textures, shaders, data, prefabs, or new VFX assemblies."
"Volumetric Fog & Mist 2","Demo / DemoAncientLands","Texture","Texture","Air/Dust/Fog; Comic Text; Volumetric System","","Rock_Big_AlbedoTransparency","Assets/ThirdParty/VolumetricFog2/Demo/DemoAncientLands/Environment/Textures/Rock_Big_AlbedoTransparency.png","5131.5","Reusable resource component for materials, textures, shaders, data, prefabs, or new VFX assemblies."
"Volumetric Fog & Mist 2","Demo / DemoAncientLands","Texture","Texture","Air/Dust/Fog; Comic Text; Volumetric System","","Rock_Big_AO","Assets/ThirdParty/VolumetricFog2/Demo/DemoAncientLands/Environment/Textures/Rock_Big_AO.png","904.3","Reusable resource component for materials, textures, shaders, data, prefabs, or new VFX assemblies."
"Volumetric Fog & Mist 2","Demo / DemoAncientLands","Texture","Texture","Air/Dust/Fog; Comic Text; Volumetric System","","Rock_Big_Normal","Assets/ThirdParty/VolumetricFog2/Demo/DemoAncientLands/Environment/Textures/Rock_Big_Normal.png","4739.8","Reusable resource component for materials, textures, shaders, data, prefabs, or new VFX assemblies."
"Volumetric Fog & Mist 2","Demo / DemoAncientLands","Texture","Texture","Air/Dust/Fog; Comic Text; Volumetric System","","Rock_Big_SpecularSmoothness","Assets/ThirdParty/VolumetricFog2/Demo/DemoAncientLands/Environment/Textures/Rock_Big_SpecularSmoothness.png","931.8","Reusable resource component for materials, textures, shaders, data, prefabs, or new VFX assemblies."
"Volumetric Fog & Mist 2","Demo / DemoAncientLands","Unity Asset","Environment / Volumetric","Air/Dust/Fog; Weather; Volumetric System","","DemoTerrain","Assets/ThirdParty/VolumetricFog2/Demo/DemoAncientLands/Environment/Terrain/DemoTerrain.asset","1913.1","Scene atmosphere system; needs URP RendererFeature/Volume settings."
"Volumetric Fog & Mist 2","Demo / DemoAncientLands","Unity Asset","Environment / Volumetric","Air/Dust/Fog; Volumetric System","","LightingData","Assets/ThirdParty/VolumetricFog2/Demo/DemoAncientLands/LightingData.asset","17.8","Scene atmosphere system; needs URP RendererFeature/Volume settings."
"Volumetric Fog & Mist 2","Demo / DemoBasic","Demo Scene","Demo Scene","Air/Dust/Fog; Volumetric System","","DemoBasic","Assets/ThirdParty/VolumetricFog2/Demo/DemoBasic/DemoBasic.unity","34.2","Open to inspect vendor timing, lighting, camera, and timeline organization."
"Volumetric Fog & Mist 2","Demo / DemoBasic","Material","Material","Air/Dust/Fog; Volumetric System","Ground/Area","groundMat","Assets/ThirdParty/VolumetricFog2/Demo/DemoBasic/Materials/groundMat.mat","3.6","Reusable resource component for materials, textures, shaders, data, prefabs, or new VFX assemblies."
"Volumetric Fog & Mist 2","Demo / DemoBasic","Material","Material","Air/Dust/Fog; Volumetric System","","occluderMat","Assets/ThirdParty/VolumetricFog2/Demo/DemoBasic/Materials/occluderMat.mat","3.8","Reusable resource component for materials, textures, shaders, data, prefabs, or new VFX assemblies."
"Volumetric Fog & Mist 2","Demo / DemoBasic","Texture","Texture","Air/Dust/Fog; Volumetric System","","building","Assets/ThirdParty/VolumetricFog2/Demo/DemoBasic/Materials/building.png","175.3","Reusable resource component for materials, textures, shaders, data, prefabs, or new VFX assemblies."
"Volumetric Fog & Mist 2","Demo / DemoBasic","Texture","Texture","Air/Dust/Fog; Volumetric System","","grass_C","Assets/ThirdParty/VolumetricFog2/Demo/DemoBasic/Materials/grass_C.png","6204","Reusable resource component for materials, textures, shaders, data, prefabs, or new VFX assemblies."
"Volumetric Fog & Mist 2","Demo / DemoBasic","Texture","Texture","Air/Dust/Fog; Volumetric System","","grass_N","Assets/ThirdParty/VolumetricFog2/Demo/DemoBasic/Materials/grass_N.png","6617.7","Reusable resource component for materials, textures, shaders, data, prefabs, or new VFX assemblies."
"Volumetric Fog & Mist 2","Demo / DemoBasic","Unity Asset","Environment / Volumetric","Air/Dust/Fog; Volumetric System","","LightingData","Assets/ThirdParty/VolumetricFog2/Demo/DemoBasic/DemoBasic/LightingData.asset","17.3","Scene atmosphere system; needs URP RendererFeature/Volume settings."
"Volumetric Fog & Mist 2","Demo / DemoFans","Animation Clip","Animation Clip","Air/Dust/Fog; Volumetric System","","DemoFans_CameraAnimation","Assets/ThirdParty/VolumetricFog2/Demo/DemoFans/DemoFans_CameraAnimation.anim","9.4","Reusable resource component for materials, textures, shaders, data, prefabs, or new VFX assemblies."
"Volumetric Fog & Mist 2","Demo / DemoFans","Animator Controller","Animator Controller","Air/Dust/Fog; Volumetric System","","Main Camera","Assets/ThirdParty/VolumetricFog2/Demo/DemoFans/Main Camera.controller","2","Reusable resource component for materials, textures, shaders, data, prefabs, or new VFX assemblies."
"Volumetric Fog & Mist 2","Demo / DemoFans","Demo Scene","Demo Scene","Air/Dust/Fog; Volumetric System","","DemoFans","Assets/ThirdParty/VolumetricFog2/Demo/DemoFans/DemoFans.unity","707.1","Open to inspect vendor timing, lighting, camera, and timeline organization."
"Volumetric Fog & Mist 2","Demo / DemoFans","Material","Material","Air/Dust/Fog; Volumetric System","","DarkGrey","Assets/ThirdParty/VolumetricFog2/Demo/DemoFans/Models/DarkGrey.mat","5","Reusable resource component for materials, textures, shaders, data, prefabs, or new VFX assemblies."
"Volumetric Fog & Mist 2","Demo / DemoFans","Material","Material","Air/Dust/Fog; Volumetric System","","DarkWalls","Assets/ThirdParty/VolumetricFog2/Demo/DemoFans/Models/DarkWalls.mat","3.5","Reusable resource component for materials, textures, shaders, data, prefabs, or new VFX assemblies."
"Volumetric Fog & Mist 2","Demo / DemoFans","Unity Asset","Environment / Volumetric","Air/Dust/Fog; Volumetric System","","InteriorDemoProfile","Assets/ThirdParty/VolumetricFog2/Demo/DemoFans/InteriorDemoProfile.asset","3.4","Scene atmosphere system; needs URP RendererFeature/Volume settings."
"Volumetric Fog & Mist 2","Demo / DemoFogOfWar","Demo Scene","Demo Scene","Air/Dust/Fog; Volumetric System","","DemoFogOfWar","Assets/ThirdParty/VolumetricFog2/Demo/DemoFogOfWar/DemoFogOfWar.unity","43.3","Open to inspect vendor timing, lighting, camera, and timeline organization."
"Volumetric Fog & Mist 2","Demo / DemoShaderGraph","Demo Scene","Demo Scene","Air/Dust/Fog; Volumetric System","","DemoShaderGraph","Assets/ThirdParty/VolumetricFog2/Demo/DemoShaderGraph/DemoShaderGraph.unity","662.7","Open to inspect vendor timing, lighting, camera, and timeline organization."
"Volumetric Fog & Mist 2","Demo / DemoShaderGraph","Material","Material","Fire; Air/Dust/Fog; Volumetric System","","ParticlesUnlitWithFog","Assets/ThirdParty/VolumetricFog2/Demo/DemoShaderGraph/ParticlesUnlitWithFog.mat","4.5","Reusable resource component for materials, textures, shaders, data, prefabs, or new VFX assemblies."
"Volumetric Fog & Mist 2","Demo / DemoShaderGraph","Material","Material","Air/Dust/Fog; Volumetric System","","SoftParticleWithFog","Assets/ThirdParty/VolumetricFog2/Demo/DemoShaderGraph/SoftParticleWithFog.mat","4.5","Reusable resource component for materials, textures, shaders, data, prefabs, or new VFX assemblies."
"Volumetric Fog & Mist 2","Demo / DemoShaderGraph","Texture","Texture","Air/Dust/Fog; Volumetric System","","Particle","Assets/ThirdParty/VolumetricFog2/Demo/DemoShaderGraph/Particle.png","23.4","Reusable resource component for materials, textures, shaders, data, prefabs, or new VFX assemblies."
"Volumetric Fog & Mist 2","Demo / DemoShaderGraph","Unity Asset","Environment / Volumetric","Air/Dust/Fog; Volumetric System","","Fog Profile","Assets/ThirdParty/VolumetricFog2/Demo/DemoShaderGraph/Fog Profile.asset","3.7","Scene atmosphere system; needs URP RendererFeature/Volume settings."
"Volumetric Fog & Mist 2","Demo / Noise Textures","Texture","Texture","Air/Dust/Fog; Comic Text; Volumetric System","","Noise1","Assets/ThirdParty/VolumetricFog2/Demo/Noise Textures/Noise1.png","35.9","Reusable resource component for materials, textures, shaders, data, prefabs, or new VFX assemblies."
"Volumetric Fog & Mist 2","Demo / Noise Textures","Texture","Texture","Air/Dust/Fog; Comic Text; Volumetric System","","Noise2","Assets/ThirdParty/VolumetricFog2/Demo/Noise Textures/Noise2.png","45.9","Reusable resource component for materials, textures, shaders, data, prefabs, or new VFX assemblies."
"Volumetric Fog & Mist 2","Demo / Noise Textures","Texture","Texture","Air/Dust/Fog; Comic Text; Volumetric System","","Noise3","Assets/ThirdParty/VolumetricFog2/Demo/Noise Textures/Noise3.png","43.4","Reusable resource component for materials, textures, shaders, data, prefabs, or new VFX assemblies."
"Volumetric Fog & Mist 2","Demo / Noise Textures","Texture","Texture","Air/Dust/Fog; Comic Text; Volumetric System","","Noise4","Assets/ThirdParty/VolumetricFog2/Demo/Noise Textures/Noise4.png","24.9","Reusable resource component for materials, textures, shaders, data, prefabs, or new VFX assemblies."
"Volumetric Fog & Mist 2","Demo / Presets","Unity Asset","Environment / Volumetric","Air/Dust/Fog; Volumetric System","","DistanceFog","Assets/ThirdParty/VolumetricFog2/Demo/Presets/DistanceFog.asset","4","Scene atmosphere system; needs URP RendererFeature/Volume settings."
"Volumetric Fog & Mist 2","Demo / Presets","Unity Asset","Environment / Volumetric","Air/Dust/Fog; Volumetric System","","Distant Fog Only 1","Assets/ThirdParty/VolumetricFog2/Demo/Presets/Distant Fog Only 1.asset","3.4","Scene atmosphere system; needs URP RendererFeature/Volume settings."
"Volumetric Fog & Mist 2","Demo / Presets","Unity Asset","Environment / Volumetric","Air/Dust/Fog; Volumetric System","","Distant Fog Only 2","Assets/ThirdParty/VolumetricFog2/Demo/Presets/Distant Fog Only 2.asset","3.4","Scene atmosphere system; needs URP RendererFeature/Volume settings."
"Volumetric Fog & Mist 2","Demo / Presets","Unity Asset","Environment / Volumetric","Air/Dust/Fog; Volumetric System","","Fog","Assets/ThirdParty/VolumetricFog2/Demo/Presets/Fog.asset","3.5","Scene atmosphere system; needs URP RendererFeature/Volume settings."
"Volumetric Fog & Mist 2","Demo / Presets","Unity Asset","Environment / Volumetric","Air/Dust/Fog; Volumetric System","","Foggy Lake","Assets/ThirdParty/VolumetricFog2/Demo/Presets/Foggy Lake.asset","3.4","Scene atmosphere system; needs URP RendererFeature/Volume settings."
"Volumetric Fog & Mist 2","Demo / Presets","Unity Asset","Environment / Volumetric","Air/Dust/Fog; Volumetric System","","FogOfWarScenePresets","Assets/ThirdParty/VolumetricFog2/Demo/Presets/FogOfWarScenePresets.asset","2.8","Scene atmosphere system; needs URP RendererFeature/Volume settings."
"Volumetric Fog & Mist 2","Demo / Presets","Unity Asset","Environment / Volumetric","Air/Dust/Fog; Volumetric System","Ground/Area","Frosted Ground","Assets/ThirdParty/VolumetricFog2/Demo/Presets/Frosted Ground.asset","3.4","Scene atmosphere system; needs URP RendererFeature/Volume settings."
"Volumetric Fog & Mist 2","Demo / Presets","Unity Asset","Environment / Volumetric","Air/Dust/Fog; Volumetric System","","Heavy Clouds","Assets/ThirdParty/VolumetricFog2/Demo/Presets/Heavy Clouds.asset","3.5","Scene atmosphere system; needs URP RendererFeature/Volume settings."
"Volumetric Fog & Mist 2","Demo / Presets","Unity Asset","Environment / Volumetric","Air/Dust/Fog; Volumetric System","","Heavy Fog","Assets/ThirdParty/VolumetricFog2/Demo/Presets/Heavy Fog.asset","3.4","Scene atmosphere system; needs URP RendererFeature/Volume settings."
"Volumetric Fog & Mist 2","Demo / Presets","Unity Asset","Environment / Volumetric","Air/Dust/Fog; Volumetric System","","Heavy Fog 2","Assets/ThirdParty/VolumetricFog2/Demo/Presets/Heavy Fog 2.asset","3.5","Scene atmosphere system; needs URP RendererFeature/Volume settings."
"Volumetric Fog & Mist 2","Demo / Presets","Unity Asset","Environment / Volumetric","Air/Dust/Fog; Volumetric System","","Low Clouds","Assets/ThirdParty/VolumetricFog2/Demo/Presets/Low Clouds.asset","3.4","Scene atmosphere system; needs URP RendererFeature/Volume settings."
"Volumetric Fog & Mist 2","Demo / Presets","Unity Asset","Environment / Volumetric","Air/Dust/Fog; Volumetric System","","Mist","Assets/ThirdParty/VolumetricFog2/Demo/Presets/Mist.asset","3.4","Scene atmosphere system; needs URP RendererFeature/Volume settings."
"Volumetric Fog & Mist 2","Demo / Presets","Unity Asset","Environment / Volumetric","Air/Dust/Fog; Volumetric System","","Sand Storm 1","Assets/ThirdParty/VolumetricFog2/Demo/Presets/Sand Storm 1.asset","3.4","Scene atmosphere system; needs URP RendererFeature/Volume settings."
"Volumetric Fog & Mist 2","Demo / Presets","Unity Asset","Environment / Volumetric","Air/Dust/Fog; Volumetric System","","Sand Storm 2","Assets/ThirdParty/VolumetricFog2/Demo/Presets/Sand Storm 2.asset","3.4","Scene atmosphere system; needs URP RendererFeature/Volume settings."
"Volumetric Fog & Mist 2","Demo / Presets","Unity Asset","Environment / Volumetric","Air/Dust/Fog; Volumetric System","","Sea Clouds","Assets/ThirdParty/VolumetricFog2/Demo/Presets/Sea Clouds.asset","3.4","Scene atmosphere system; needs URP RendererFeature/Volume settings."
"Volumetric Fog & Mist 2","Demo / Presets","Unity Asset","Environment / Volumetric","Air/Dust/Fog; Volumetric System","","Smoke","Assets/ThirdParty/VolumetricFog2/Demo/Presets/Smoke.asset","3.4","Scene atmosphere system; needs URP RendererFeature/Volume settings."
"Volumetric Fog & Mist 2","Demo / Presets","Unity Asset","Environment / Volumetric","Poison/Gas; Air/Dust/Fog; Volumetric System","","Toxic Swamp","Assets/ThirdParty/VolumetricFog2/Demo/Presets/Toxic Swamp.asset","3.4","Scene atmosphere system; needs URP RendererFeature/Volume settings."
"Volumetric Fog & Mist 2","Demo / Presets","Unity Asset","Environment / Volumetric","Air/Dust/Fog; Volumetric System","","Windy Mist","Assets/ThirdParty/VolumetricFog2/Demo/Presets/Windy Mist.asset","3.4","Scene atmosphere system; needs URP RendererFeature/Volume settings."
"Volumetric Fog & Mist 2","Demo / URP Pipeline Settings","Unity Asset","Environment / Volumetric","Air/Dust/Fog; Volumetric System","","UniversalRenderPipelineAsset","Assets/ThirdParty/VolumetricFog2/Demo/URP Pipeline Settings/UniversalRenderPipelineAsset.asset","4.5","Scene atmosphere system; needs URP RendererFeature/Volume settings."
"Volumetric Fog & Mist 2","Demo / URP Pipeline Settings","Unity Asset","Environment / Volumetric","Air/Dust/Fog; Volumetric System","","UniversalRenderPipelineAsset_Renderer","Assets/ThirdParty/VolumetricFog2/Demo/URP Pipeline Settings/UniversalRenderPipelineAsset_Renderer.asset","3.1","Scene atmosphere system; needs URP RendererFeature/Volume settings."
"Volumetric Fog & Mist 2","Demo / URP Pipeline Settings","Unity Asset","Environment / Volumetric","Air/Dust/Fog; Volumetric System","","UniversalRenderPipelineGlobalSettings","Assets/ThirdParty/VolumetricFog2/Demo/URP Pipeline Settings/UniversalRenderPipelineGlobalSettings.asset","1.2","Scene atmosphere system; needs URP RendererFeature/Volume settings."
"Volumetric Fog & Mist 2","Runtime resources","Material","Material","Air/Dust/Fog; Volumetric System","","Empty","Assets/ThirdParty/VolumetricFog2/Resources/Prefabs/Empty.mat","2.6","Reusable resource component for materials, textures, shaders, data, prefabs, or new VFX assemblies."
"Volumetric Fog & Mist 2","Runtime resources","Prefab","Environment / Volumetric","Air/Dust/Fog; Volumetric System","","FogSubVolume","Assets/ThirdParty/VolumetricFog2/Resources/Prefabs/FogSubVolume.prefab","1.3","Scene atmosphere system; needs URP RendererFeature/Volume settings."
"Volumetric Fog & Mist 2","Runtime resources","Prefab","Environment / Volumetric","Air/Dust/Fog; Volumetric System","","FogVolume2D","Assets/ThirdParty/VolumetricFog2/Resources/Prefabs/FogVolume2D.prefab","3.1","Scene atmosphere system; needs URP RendererFeature/Volume settings."
"Volumetric Fog & Mist 2","Runtime resources","Shader","Shader","Air/Dust/Fog; Volumetric System","","Blur","Assets/ThirdParty/VolumetricFog2/Resources/Shaders/Blur.shader","3.8","Reusable resource component for materials, textures, shaders, data, prefabs, or new VFX assemblies."
"Volumetric Fog & Mist 2","Runtime resources","Shader","Shader","Air/Dust/Fog; Volumetric System","","DepthOnly","Assets/ThirdParty/VolumetricFog2/Resources/Shaders/DepthOnly.shader","2.6","Reusable resource component for materials, textures, shaders, data, prefabs, or new VFX assemblies."
"Volumetric Fog & Mist 2","Runtime resources","Shader","Shader","Air/Dust/Fog; Volumetric System","","DistantFog","Assets/ThirdParty/VolumetricFog2/Resources/Shaders/DistantFog.shader","7.1","Reusable resource component for materials, textures, shaders, data, prefabs, or new VFX assemblies."
"Volumetric Fog & Mist 2","Runtime resources","Shader","Shader","Air/Dust/Fog; Volumetric System","","Empty","Assets/ThirdParty/VolumetricFog2/Resources/Shaders/Empty.shader","1","Reusable resource component for materials, textures, shaders, data, prefabs, or new VFX assemblies."
"Volumetric Fog & Mist 2","Runtime resources","Shader","Shader","Air/Dust/Fog; Volumetric System","","FogOfWarBlur","Assets/ThirdParty/VolumetricFog2/Resources/Shaders/FogOfWarBlur.shader","2.5","Reusable resource component for materials, textures, shaders, data, prefabs, or new VFX assemblies."
"Volumetric Fog & Mist 2","Runtime resources","Shader","Shader","Air/Dust/Fog; Volumetric System","","Noise2DGen","Assets/ThirdParty/VolumetricFog2/Resources/Shaders/Noise2DGen.shader","1.9","Reusable resource component for materials, textures, shaders, data, prefabs, or new VFX assemblies."
"Volumetric Fog & Mist 2","Runtime resources","Shader","Shader","Air/Dust/Fog; Volumetric System","","Turbulence2D","Assets/ThirdParty/VolumetricFog2/Resources/Shaders/Turbulence2D.shader","1.6","Reusable resource component for materials, textures, shaders, data, prefabs, or new VFX assemblies."
"Volumetric Fog & Mist 2","Runtime resources","Shader","Shader","Air/Dust/Fog; Volumetric System","","VolumetricFog2DURP","Assets/ThirdParty/VolumetricFog2/Resources/Shaders/VolumetricFog2DURP.shader","7.4","Reusable resource component for materials, textures, shaders, data, prefabs, or new VFX assemblies."
"Volumetric Fog & Mist 2","Runtime resources","Shader","Shader","Air/Dust/Fog; Volumetric System","","VolumetricFogDebug","Assets/ThirdParty/VolumetricFog2/Resources/Shaders/VolumetricFogDebug.shader","1.2","Reusable resource component for materials, textures, shaders, data, prefabs, or new VFX assemblies."
"Volumetric Fog & Mist 2","Runtime resources","Shader Graph","Shader Graph","Air/Dust/Fog; Volumetric System","","LitTranspWithFog","Assets/ThirdParty/VolumetricFog2/Resources/Shaders/ShaderGraphs/LitTranspWithFog.shadergraph","50.3","Reusable resource component for materials, textures, shaders, data, prefabs, or new VFX assemblies."
"Volumetric Fog & Mist 2","Runtime resources","Shader Graph","Shader Graph","Air/Dust/Fog; Volumetric System","","UnlitTranspWithFog","Assets/ThirdParty/VolumetricFog2/Resources/Shaders/ShaderGraphs/UnlitTranspWithFog.shadergraph","43.3","Reusable resource component for materials, textures, shaders, data, prefabs, or new VFX assemblies."
"Volumetric Fog & Mist 2","Runtime resources","Texture","Texture","Air/Dust/Fog; Comic Text; Volumetric System","","BlueNoiseVF128","Assets/ThirdParty/VolumetricFog2/Resources/Textures/BlueNoiseVF128.png","61.1","Reusable resource component for materials, textures, shaders, data, prefabs, or new VFX assemblies."
"Volumetric Fog & Mist 2","Runtime resources","Texture","Texture","Air/Dust/Fog; Comic Text; Volumetric System","","NoiseTex256","Assets/ThirdParty/VolumetricFog2/Resources/Textures/NoiseTex256.png","46","Reusable resource component for materials, textures, shaders, data, prefabs, or new VFX assemblies."
"Volumetric Fog & Mist 2","Runtime resources","Unity Asset","Environment / Volumetric","Air/Dust/Fog; Comic Text; Volumetric System","","NoiseTex3D","Assets/ThirdParty/VolumetricFog2/Resources/Textures/NoiseTex3D.asset","2048.7","Scene atmosphere system; needs URP RendererFeature/Volume settings."
"Volumetric Fog & Mist 2","Runtime resources","Unity Asset","Environment / Volumetric","Air/Dust/Fog; Volumetric System","","VolumetricFogDepthRenderer","Assets/ThirdParty/VolumetricFog2/Resources/Shaders/VolumetricFogDepthRenderer.asset","1.7","Scene atmosphere system; needs URP RendererFeature/Volume settings."
"Volumetric Fog & Mist 2","Volumetric Fog & Mist 2","Readme/Text","Environment / Volumetric","Air/Dust/Fog; Volumetric System","","README","Assets/ThirdParty/VolumetricFog2/README.txt","16.2","Scene atmosphere system; needs URP RendererFeature/Volume settings."
"Volumetric Fog Bundle Archives","Volumetric Fog Bundle Archives","Readme/Text","Environment / Volumetric","Air/Dust/Fog; Volumetric System","","_README","Assets/ThirdParty/VolumetricFogBundle/_README.txt","0.7","Scene atmosphere system; needs URP RendererFeature/Volume settings."
"Volumetric Fog Bundle Archives","Volumetric Fog Bundle Archives","UnityPackage Archive","Environment / Volumetric","Air/Dust/Fog; Volumetric System","","VolumetricAndDynamicFog_Builtin","Assets/ThirdParty/VolumetricFogBundle/Builtin/VolumetricAndDynamicFog_Builtin.unitypackage","151178","Scene atmosphere system; needs URP RendererFeature/Volume settings."
"Volumetric Fog Bundle Archives","Volumetric Fog Bundle Archives","UnityPackage Archive","Environment / Volumetric","Air/Dust/Fog; Volumetric System","","VolumetricFog2_URP","Assets/ThirdParty/VolumetricFogBundle/URP/VolumetricFog2_URP.unitypackage","145309.4","Scene atmosphere system; needs URP RendererFeature/Volume settings."
"Volumetric Lights","Demo / Church","Demo Scene","Demo Scene","Volumetric System","","Church_StainedGlass","Assets/ThirdParty/VolumetricLights/Demos/Church/Scene/Church_StainedGlass.unity","212.8","Open to inspect vendor timing, lighting, camera, and timeline organization."
"Volumetric Lights","Demo / Church","Material","Material","Volumetric System","","Bricks","Assets/ThirdParty/VolumetricLights/Demos/Church/Materials/Bricks.mat","5.1","Reusable resource component for materials, textures, shaders, data, prefabs, or new VFX assemblies."
"Volumetric Lights","Demo / Church","Material","Material","Volumetric System","Ground/Area","Floor","Assets/ThirdParty/VolumetricLights/Demos/Church/Materials/Floor.mat","5","Reusable resource component for materials, textures, shaders, data, prefabs, or new VFX assemblies."
"Volumetric Lights","Demo / Church","Material","Material","Volumetric System","","MainGlass","Assets/ThirdParty/VolumetricLights/Demos/Church/Materials/MainGlass.mat","5.2","Reusable resource component for materials, textures, shaders, data, prefabs, or new VFX assemblies."
"Volumetric Lights","Demo / Church","Material","Material","Volumetric System","","SideGlass","Assets/ThirdParty/VolumetricLights/Demos/Church/Materials/SideGlass.mat","5.2","Reusable resource component for materials, textures, shaders, data, prefabs, or new VFX assemblies."
"Volumetric Lights","Demo / Church","Material","Material","Volumetric System","","Wood","Assets/ThirdParty/VolumetricLights/Demos/Church/Materials/Wood.mat","5","Reusable resource component for materials, textures, shaders, data, prefabs, or new VFX assemblies."
"Volumetric Lights","Demo / Church","Readme/Text","Environment / Volumetric","Comic Text; Volumetric System","","Source","Assets/ThirdParty/VolumetricLights/Demos/Church/Textures/Source.txt","0.2","Scene atmosphere system; needs URP RendererFeature/Volume settings."
"Volumetric Lights","Demo / Church","Texture","Texture","Comic Text; Volumetric System","","Brick_Old_Alb","Assets/ThirdParty/VolumetricLights/Demos/Church/Textures/Brick_Old_Alb.tif","577.8","Reusable resource component for materials, textures, shaders, data, prefabs, or new VFX assemblies."
"Volumetric Lights","Demo / Church","Texture","Texture","Comic Text; Volumetric System","","Brick_Old_AO","Assets/ThirdParty/VolumetricLights/Demos/Church/Textures/Brick_Old_AO.tif","325.8","Reusable resource component for materials, textures, shaders, data, prefabs, or new VFX assemblies."
"Volumetric Lights","Demo / Church","Texture","Texture","Comic Text; Volumetric System","","Brick_Old_Nor","Assets/ThirdParty/VolumetricLights/Demos/Church/Textures/Brick_Old_Nor.tif","1569.1","Reusable resource component for materials, textures, shaders, data, prefabs, or new VFX assemblies."
"Volumetric Lights","Demo / Church","Texture","Texture","Comic Text; Volumetric System","","Brick_Old_Rou","Assets/ThirdParty/VolumetricLights/Demos/Church/Textures/Brick_Old_Rou.tif","396.1","Reusable resource component for materials, textures, shaders, data, prefabs, or new VFX assemblies."
"Volumetric Lights","Demo / Church","Texture","Texture","Comic Text; Volumetric System","Ground/Area","Floor_Checkered_Alb","Assets/ThirdParty/VolumetricLights/Demos/Church/Textures/Floor_Checkered_Alb.png","1499.4","Reusable resource component for materials, textures, shaders, data, prefabs, or new VFX assemblies."
"Volumetric Lights","Demo / Church","Texture","Texture","Comic Text; Volumetric System","Ground/Area","Floor_Checkered_Nor","Assets/ThirdParty/VolumetricLights/Demos/Church/Textures/Floor_Checkered_Nor.png","1056.3","Reusable resource component for materials, textures, shaders, data, prefabs, or new VFX assemblies."
"Volumetric Lights","Demo / Church","Texture","Texture","Comic Text; Volumetric System","","Giovanni_di_Domenico_The_Angel_of_the_Annunciation","Assets/ThirdParty/VolumetricLights/Demos/Church/Textures/Giovanni_di_Domenico_The_Angel_of_the_Annunciation.jpg","3958.7","Reusable resource component for materials, textures, shaders, data, prefabs, or new VFX assemblies."
"Volumetric Lights","Demo / Church","Texture","Texture","Comic Text; Volumetric System","","Old Wood Albedo","Assets/ThirdParty/VolumetricLights/Demos/Church/Textures/Old Wood Albedo.jpg","27.4","Reusable resource component for materials, textures, shaders, data, prefabs, or new VFX assemblies."
"Volumetric Lights","Demo / Church","Texture","Texture","Comic Text; Volumetric System","","Old Wood AO","Assets/ThirdParty/VolumetricLights/Demos/Church/Textures/Old Wood AO.jpg","46.7","Reusable resource component for materials, textures, shaders, data, prefabs, or new VFX assemblies."
"Volumetric Lights","Demo / Church","Texture","Texture","Comic Text; Volumetric System","","Old Wood Normal","Assets/ThirdParty/VolumetricLights/Demos/Church/Textures/Old Wood Normal.jpg","39.1","Reusable resource component for materials, textures, shaders, data, prefabs, or new VFX assemblies."
"Volumetric Lights","Demo / Church","Texture","Texture","Slash/Trail; Comic Text; Volumetric System","","Vitrail_Chartres_210209_07","Assets/ThirdParty/VolumetricLights/Demos/Church/Textures/Vitrail_Chartres_210209_07.jpg","2227.2","Reusable resource component for materials, textures, shaders, data, prefabs, or new VFX assemblies."
"Volumetric Lights","Demo / Church","Unity Asset","Environment / Volumetric","Volumetric System","","LightingData","Assets/ThirdParty/VolumetricLights/Demos/Church/Scene/Church_StainedGlass/LightingData.asset","17.8","Scene atmosphere system; needs URP RendererFeature/Volume settings."
"Volumetric Lights","Demo / Minimal","Demo Scene","Demo Scene","Volumetric System","","Demo","Assets/ThirdParty/VolumetricLights/Demos/Minimal/Scene/Demo.unity","1202.3","Open to inspect vendor timing, lighting, camera, and timeline organization."
"Volumetric Lights","Demo / Minimal","Material","Material","Volumetric System","Ground/Area","background","Assets/ThirdParty/VolumetricLights/Demos/Minimal/Materials/background.mat","3.3","Reusable resource component for materials, textures, shaders, data, prefabs, or new VFX assemblies."
"Volumetric Lights","Demo / Minimal","Material","Material","Volumetric System","","occluderMat","Assets/ThirdParty/VolumetricLights/Demos/Minimal/Materials/occluderMat.mat","3.6","Reusable resource component for materials, textures, shaders, data, prefabs, or new VFX assemblies."
"Volumetric Lights","Demo / Minimal","Unity Asset","Environment / Volumetric","Volumetric System","","Disc Light Profile","Assets/ThirdParty/VolumetricLights/Demos/Minimal/Presets/Disc Light Profile.asset","2.1","Scene atmosphere system; needs URP RendererFeature/Volume settings."
"Volumetric Lights","Demo / Minimal","Unity Asset","Environment / Volumetric","Volumetric System","","Rect Light Profile","Assets/ThirdParty/VolumetricLights/Demos/Minimal/Presets/Rect Light Profile.asset","1.8","Scene atmosphere system; needs URP RendererFeature/Volume settings."
"Volumetric Lights","Demo / Minimal","Unity Asset","Environment / Volumetric","Volumetric System","","Spot Light Profile 1","Assets/ThirdParty/VolumetricLights/Demos/Minimal/Presets/Spot Light Profile 1.asset","2.1","Scene atmosphere system; needs URP RendererFeature/Volume settings."
"Volumetric Lights","Demo / Minimal","Unity Asset","Environment / Volumetric","Volumetric System","","Spot Light Profile 2","Assets/ThirdParty/VolumetricLights/Demos/Minimal/Presets/Spot Light Profile 2.asset","2.1","Scene atmosphere system; needs URP RendererFeature/Volume settings."
"Volumetric Lights","Demo / Temple","Demo Scene","Demo Scene","Volumetric System","","Temple_Demo","Assets/ThirdParty/VolumetricLights/Demos/Temple/Scene/Temple_Demo.unity","678.1","Open to inspect vendor timing, lighting, camera, and timeline organization."
"Volumetric Lights","Demo / Temple","Material","Material","Volumetric System","","Alpha","Assets/ThirdParty/VolumetricLights/Demos/Temple/Materials/Alpha.mat","3.7","Reusable resource component for materials, textures, shaders, data, prefabs, or new VFX assemblies."
"Volumetric Lights","Demo / Temple","Material","Material","Volumetric System","","Base","Assets/ThirdParty/VolumetricLights/Demos/Temple/Materials/Temple/Base.mat","3.7","Reusable resource component for materials, textures, shaders, data, prefabs, or new VFX assemblies."
"Volumetric Lights","Demo / Temple","Material","Material","Volumetric System","","Capsule","Assets/ThirdParty/VolumetricLights/Demos/Temple/Materials/Capsule.mat","2.6","Reusable resource component for materials, textures, shaders, data, prefabs, or new VFX assemblies."
"Volumetric Lights","Demo / Temple","Material","Material","Volumetric System","","Coloumn","Assets/ThirdParty/VolumetricLights/Demos/Temple/Materials/Temple/Coloumn.mat","3.7","Reusable resource component for materials, textures, shaders, data, prefabs, or new VFX assemblies."
"Volumetric Lights","Demo / Temple","Material","Material","Volumetric System","","ColoumnHead","Assets/ThirdParty/VolumetricLights/Demos/Temple/Materials/Temple/ColoumnHead.mat","3.7","Reusable resource component for materials, textures, shaders, data, prefabs, or new VFX assemblies."
"Volumetric Lights","Demo / Temple","Material","Material","Fire; Volumetric System","","Fire","Assets/ThirdParty/VolumetricLights/Demos/Temple/Materials/Fire.mat","3.8","Reusable resource component for materials, textures, shaders, data, prefabs, or new VFX assemblies."
"Volumetric Lights","Demo / Temple","Material","Material","Volumetric System","Ground/Area","Ground","Assets/ThirdParty/VolumetricLights/Demos/Temple/Materials/Ground.mat","3.5","Reusable resource component for materials, textures, shaders, data, prefabs, or new VFX assemblies."
"Volumetric Lights","Demo / Temple","Material","Material","Volumetric System","","InteriorColoumnBase","Assets/ThirdParty/VolumetricLights/Demos/Temple/Materials/Temple/InteriorColoumnBase.mat","3.7","Reusable resource component for materials, textures, shaders, data, prefabs, or new VFX assemblies."
"Volumetric Lights","Demo / Temple","Material","Material","Volumetric System","","InteriorSupportWall","Assets/ThirdParty/VolumetricLights/Demos/Temple/Materials/Temple/InteriorSupportWall.mat","3.7","Reusable resource component for materials, textures, shaders, data, prefabs, or new VFX assemblies."
"Volumetric Lights","Demo / Temple","Material","Material","Volumetric System","","MainRoof_Aetoma","Assets/ThirdParty/VolumetricLights/Demos/Temple/Materials/Temple/MainRoof_Aetoma.mat","3.7","Reusable resource component for materials, textures, shaders, data, prefabs, or new VFX assemblies."
"Volumetric Lights","Demo / Temple","Material","Material","Volumetric System","","MainRoof_Zooforos","Assets/ThirdParty/VolumetricLights/Demos/Temple/Materials/Temple/MainRoof_Zooforos.mat","3.7","Reusable resource component for materials, textures, shaders, data, prefabs, or new VFX assemblies."
"Volumetric Lights","Demo / Temple","Material","Material","Volumetric System","","Marble","Assets/ThirdParty/VolumetricLights/Demos/Temple/Materials/Temple/Marble.mat","3.7","Reusable resource component for materials, textures, shaders, data, prefabs, or new VFX assemblies."
"Volumetric Lights","Demo / Temple","Material","Material","Volumetric System","","Metal","Assets/ThirdParty/VolumetricLights/Demos/Temple/Materials/Metal.mat","3.5","Reusable resource component for materials, textures, shaders, data, prefabs, or new VFX assemblies."
"Volumetric Lights","Demo / Temple","Material","Material","Volumetric System","","Omega","Assets/ThirdParty/VolumetricLights/Demos/Temple/Materials/Omega.mat","3.7","Reusable resource component for materials, textures, shaders, data, prefabs, or new VFX assemblies."
"Volumetric Lights","Demo / Temple","Material","Material","Volumetric System","","Sky","Assets/ThirdParty/VolumetricLights/Demos/Temple/Materials/Sky.mat","2.2","Reusable resource component for materials, textures, shaders, data, prefabs, or new VFX assemblies."
"Volumetric Lights","Demo / Temple","Material","Material","Volumetric System","","Triglyph","Assets/ThirdParty/VolumetricLights/Demos/Temple/Materials/Temple/Triglyph.mat","3.7","Reusable resource component for materials, textures, shaders, data, prefabs, or new VFX assemblies."
"Volumetric Lights","Demo / Temple","Material","Material","Volumetric System","","Triglyph_Corner","Assets/ThirdParty/VolumetricLights/Demos/Temple/Materials/Temple/Triglyph_Corner.mat","3.7","Reusable resource component for materials, textures, shaders, data, prefabs, or new VFX assemblies."
"Volumetric Lights","Demo / Temple","Material","Material","Volumetric System","","Walls","Assets/ThirdParty/VolumetricLights/Demos/Temple/Materials/Temple/Walls.mat","3.7","Reusable resource component for materials, textures, shaders, data, prefabs, or new VFX assemblies."
"Volumetric Lights","Demo / Temple","Prefab","Environment / Volumetric","Volumetric System","","Alpha","Assets/ThirdParty/VolumetricLights/Demos/Temple/Prefabs/Alpha.prefab","2.2","Scene atmosphere system; needs URP RendererFeature/Volume settings."
"Volumetric Lights","Demo / Temple","Prefab","Environment / Volumetric","Volumetric System","Ground/Area","Ground","Assets/ThirdParty/VolumetricLights/Demos/Temple/Prefabs/Ground.prefab","5.4","Scene atmosphere system; needs URP RendererFeature/Volume settings."
"Volumetric Lights","Demo / Temple","Prefab","Environment / Volumetric","Volumetric System","","Omega","Assets/ThirdParty/VolumetricLights/Demos/Temple/Prefabs/Omega.prefab","2.2","Scene atmosphere system; needs URP RendererFeature/Volume settings."
"Volumetric Lights","Demo / Temple","Prefab","Environment / Volumetric","Volumetric System","","Parthenon_LowPoly","Assets/ThirdParty/VolumetricLights/Demos/Temple/Prefabs/Parthenon_LowPoly.prefab","897.8","Scene atmosphere system; needs URP RendererFeature/Volume settings."
"Volumetric Lights","Demo / Temple","Prefab","Environment / Volumetric","Volumetric System","","Torch","Assets/ThirdParty/VolumetricLights/Demos/Temple/Prefabs/Torch.prefab","237","Scene atmosphere system; needs URP RendererFeature/Volume settings."
"Volumetric Lights","Demo / Temple","Texture","Texture","Volumetric System","","Marble_A","Assets/ThirdParty/VolumetricLights/Demos/Temple/Materials/Temple/Marble_A.png","7299.3","Reusable resource component for materials, textures, shaders, data, prefabs, or new VFX assemblies."
"Volumetric Lights","Demo / Temple","Texture","Texture","Volumetric System","","Marble_N","Assets/ThirdParty/VolumetricLights/Demos/Temple/Materials/Temple/Marble_N.png","3341.9","Reusable resource component for materials, textures, shaders, data, prefabs, or new VFX assemblies."
"Volumetric Lights","Demo / Temple","Unity Asset","Environment / Volumetric","Volumetric System","","LightingData","Assets/ThirdParty/VolumetricLights/Demos/Temple/Scene/Temple_Demo/LightingData.asset","17.7","Scene atmosphere system; needs URP RendererFeature/Volume settings."
"Volumetric Lights","Demo / Temple","Unity Asset","Environment / Volumetric","Volumetric System","","TorchLightProfile","Assets/ThirdParty/VolumetricLights/Demos/Temple/Presets/TorchLightProfile.asset","1.7","Scene atmosphere system; needs URP RendererFeature/Volume settings."
"Volumetric Lights","Demo / URP Pipeline Settings","Unity Asset","Environment / Volumetric","Volumetric System","","UniversalRenderPipelineAsset","Assets/ThirdParty/VolumetricLights/Demos/URP Pipeline Settings/UniversalRenderPipelineAsset.asset","4.6","Scene atmosphere system; needs URP RendererFeature/Volume settings."
"Volumetric Lights","Demo / URP Pipeline Settings","Unity Asset","Environment / Volumetric","Volumetric System","","UniversalRenderPipelineAsset_Renderer","Assets/ThirdParty/VolumetricLights/Demos/URP Pipeline Settings/UniversalRenderPipelineAsset_Renderer.asset","3.1","Scene atmosphere system; needs URP RendererFeature/Volume settings."
"Volumetric Lights","Demo / URP Pipeline Settings","Unity Asset","Environment / Volumetric","Volumetric System","","UniversalRenderPipelineGlobalSettings","Assets/ThirdParty/VolumetricLights/Demos/URP Pipeline Settings/UniversalRenderPipelineGlobalSettings.asset","1.2","Scene atmosphere system; needs URP RendererFeature/Volume settings."
"Volumetric Lights","Runtime resources","Material","Material","Air/Dust/Fog; Volumetric System","","DustParticle","Assets/ThirdParty/VolumetricLights/Resources/Materials/DustParticle.mat","3","Reusable resource component for materials, textures, shaders, data, prefabs, or new VFX assemblies."
"Volumetric Lights","Runtime resources","Prefab","Environment / Volumetric","Air/Dust/Fog; Volumetric System","","DustParticles","Assets/ThirdParty/VolumetricLights/Resources/Prefabs/DustParticles.prefab","112.3","Scene atmosphere system; needs URP RendererFeature/Volume settings."
"Volumetric Lights","Runtime resources","Shader","Shader","Volumetric System","","Blur","Assets/ThirdParty/VolumetricLights/Resources/Shaders/Blur.shader","2.6","Reusable resource component for materials, textures, shaders, data, prefabs, or new VFX assemblies."
"Volumetric Lights","Runtime resources","Shader","Shader","Volumetric System","","CopyDepthIntoCubemap","Assets/ThirdParty/VolumetricLights/Resources/Shaders/CopyDepthIntoCubemap.shader","1.7","Reusable resource component for materials, textures, shaders, data, prefabs, or new VFX assemblies."
"Volumetric Lights","Runtime resources","Shader","Shader","Volumetric System","","DepthOnly","Assets/ThirdParty/VolumetricLights/Resources/Shaders/DepthOnly.shader","2.4","Reusable resource component for materials, textures, shaders, data, prefabs, or new VFX assemblies."
"Volumetric Lights","Runtime resources","Shader","Shader","Air/Dust/Fog; Volumetric System","","DustParticles","Assets/ThirdParty/VolumetricLights/Resources/Shaders/Particles/DustParticles.shader","5.7","Reusable resource component for materials, textures, shaders, data, prefabs, or new VFX assemblies."
"Volumetric Lights","Runtime resources","Shader","Shader","Volumetric System","","Empty","Assets/ThirdParty/VolumetricLights/Resources/Shaders/Empty.shader","1","Reusable resource component for materials, textures, shaders, data, prefabs, or new VFX assemblies."
"Volumetric Lights","Runtime resources","Shader","Shader","Volumetric System","","Invisible","Assets/ThirdParty/VolumetricLights/Resources/Shaders/Invisible.shader","0.7","Reusable resource component for materials, textures, shaders, data, prefabs, or new VFX assemblies."
"Volumetric Lights","Runtime resources","Shader","Shader","Volumetric System","","Simple","Assets/ThirdParty/VolumetricLights/Resources/Shaders/Simple.shader","6.3","Reusable resource component for materials, textures, shaders, data, prefabs, or new VFX assemblies."
"Volumetric Lights","Runtime resources","Shader","Shader","Volumetric System","","TransparentDepthWrite","Assets/ThirdParty/VolumetricLights/Resources/Shaders/TransparentDepthWrite.shader","1.1","Reusable resource component for materials, textures, shaders, data, prefabs, or new VFX assemblies."
"Volumetric Lights","Runtime resources","Shader","Shader","Volumetric System","","TransparentMultiply","Assets/ThirdParty/VolumetricLights/Resources/Shaders/TransparentMultiply.shader","1.6","Reusable resource component for materials, textures, shaders, data, prefabs, or new VFX assemblies."
"Volumetric Lights","Runtime resources","Shader","Shader","Volumetric System","","VolumetricLightURP","Assets/ThirdParty/VolumetricLights/Resources/Shaders/VolumetricLightURP.shader","6.9","Reusable resource component for materials, textures, shaders, data, prefabs, or new VFX assemblies."
"Volumetric Lights","Runtime resources","Texture","Texture","Comic Text; Volumetric System","","blueNoiseVL","Assets/ThirdParty/VolumetricLights/Resources/Textures/blueNoiseVL.png","1.6","Reusable resource component for materials, textures, shaders, data, prefabs, or new VFX assemblies."
"Volumetric Lights","Runtime resources","Texture","Texture","Comic Text; Volumetric System","","blueNoiseVL128","Assets/ThirdParty/VolumetricLights/Resources/Textures/blueNoiseVL128.png","61.1","Reusable resource component for materials, textures, shaders, data, prefabs, or new VFX assemblies."
"Volumetric Lights","Runtime resources","Texture","Texture","Air/Dust/Fog; Comic Text; Volumetric System","","dustParticle","Assets/ThirdParty/VolumetricLights/Resources/Textures/dustParticle.png","1.6","Reusable resource component for materials, textures, shaders, data, prefabs, or new VFX assemblies."
"Volumetric Lights","Runtime resources","Unity Asset","Environment / Volumetric","Volumetric System","","Default","Assets/ThirdParty/VolumetricLights/Resources/Presets/Default.asset","1.2","Scene atmosphere system; needs URP RendererFeature/Volume settings."
"Volumetric Lights","Runtime resources","Unity Asset","Environment / Volumetric","Comic Text; Volumetric System","","NoiseTex3D1","Assets/ThirdParty/VolumetricLights/Resources/Textures/NoiseTex3D1.asset","2048.7","Scene atmosphere system; needs URP RendererFeature/Volume settings."
"Volumetric Lights","Runtime resources","Unity Asset","Environment / Volumetric","Volumetric System","","VolumetricLightsDepthRenderer","Assets/ThirdParty/VolumetricLights/Resources/Shaders/VolumetricLightsDepthRenderer.asset","3","Scene atmosphere system; needs URP RendererFeature/Volume settings."
"Volumetric Lights","Volumetric Lights","Readme/Text","Environment / Volumetric","Volumetric System","","README","Assets/ThirdParty/VolumetricLights/README.txt","11.3","Scene atmosphere system; needs URP RendererFeature/Volume settings."
"Volumetric Lights","Volumetric Lights","Unity Asset","Environment / Volumetric","Comic Text; Volumetric System","","NoiseTex3D2","Assets/ThirdParty/VolumetricLights/NoiseTextures/NoiseTex3D2.asset","2341.3","Scene atmosphere system; needs URP RendererFeature/Volume settings."
"Volumetric Lights","Volumetric Lights","Unity Asset","Environment / Volumetric","Comic Text; Volumetric System","","NoiseTex3D3","Assets/ThirdParty/VolumetricLights/NoiseTextures/NoiseTex3D3.asset","2341.3","Scene atmosphere system; needs URP RendererFeature/Volume settings."
"Volumetric Lights","Volumetric Lights","Unity Asset","Environment / Volumetric","Comic Text; Volumetric System","","NoiseTex3D4","Assets/ThirdParty/VolumetricLights/NoiseTextures/NoiseTex3D4.asset","2341.3","Scene atmosphere system; needs URP RendererFeature/Volume settings."
"Volumetric Lights","Volumetric Lights","Unity Asset","Environment / Volumetric","Comic Text; Volumetric System","","NoiseTex3D5","Assets/ThirdParty/VolumetricLights/NoiseTextures/NoiseTex3D5.asset","2341.3","Scene atmosphere system; needs URP RendererFeature/Volume settings."
"Volumetric Lights","Volumetric Lights","Unity Asset","Environment / Volumetric","Comic Text; Volumetric System","","NoiseTex3D6","Assets/ThirdParty/VolumetricLights/NoiseTextures/NoiseTex3D6.asset","2341.3","Scene atmosphere system; needs URP RendererFeature/Volume settings."
"Volumetric Lights","Volumetric Lights","Unity Asset","Environment / Volumetric","Comic Text; Volumetric System","","NoiseTex3D7","Assets/ThirdParty/VolumetricLights/NoiseTextures/NoiseTex3D7.asset","2341.3","Scene atmosphere system; needs URP RendererFeature/Volume settings."
"Volumetric Lights Bundle Archives","Volumetric Lights Bundle Archives","Readme/Text","Environment / Volumetric","Volumetric System","","_README FIRST!","Assets/ThirdParty/VolumetricLightsBundle/_README FIRST!.txt","0.6","Scene atmosphere system; needs URP RendererFeature/Volume settings."
"Volumetric Lights Bundle Archives","Volumetric Lights Bundle Archives","UnityPackage Archive","Environment / Volumetric","Volumetric System","","VolumetricLights_Builtin","Assets/ThirdParty/VolumetricLightsBundle/Builtin/VolumetricLights_Builtin.unitypackage","26670.2","Scene atmosphere system; needs URP RendererFeature/Volume settings."
"Volumetric Lights Bundle Archives","Volumetric Lights Bundle Archives","UnityPackage Archive","Environment / Volumetric","Volumetric System","","VolumetricLights_URP","Assets/ThirdParty/VolumetricLightsBundle/URP/VolumetricLights_URP.unitypackage","26843.8","Scene atmosphere system; needs URP RendererFeature/Volume settings."
