"Package","Group","Category","Tags","Placement","Name","Path","GameObjects","ParticleSystems","ParticleRenderers","TrailRenderers","LineRenderers","SpriteRenderers","MeshRenderers","Lights","VisualEffects","MonoBehaviours","NestedPrefabs","ReferencedMaterials","ReferencedTextures","ReferencedScripts","ReferencedPrefabs","ComponentSummary","ReferencedAssetsSample","UseHint"
"Cartoon FX Remaster","CFXR Prefabs / Eerie","Explosion / Burst","Explosion","","CFXR2 WW Enemy Explosion","Assets/ThirdParty/JMO Assets/Cartoon FX Remaster/CFXR Prefabs/Eerie/CFXR2 WW Enemy Explosion.prefab","8","7","7","0","0","0","0","1","0","1","0","3","0","1","0","Transform:8; GameObject:8; ParticleSystem:7; ParticleSystemRenderer:7; MonoBehaviour:1; Light:1","Assets/ThirdParty/JMO Assets/Cartoon FX Remaster/CFXR Assets/Graphics/cfxr stretch spikes smooth x2 hdr ab.mat; Assets/ThirdParty/JMO Assets/Cartoon FX Remaster/CFXR Assets/Graphics/cfxr ww smoke glow ab.mat; Assets/ThirdParty/JMO Assets/Cartoon FX Remaster/CFXR Assets/Scripts/CFXR_Effect.cs; Assets/ThirdParty/JMO Assets/Cartoon FX Remaster/CFXR Assets/Graphics/cfxr stretch inv spike fade add.mat","Explosion or finisher beat; tune scale, camera shake, and audio timing together."
"Cartoon FX Remaster","CFXR Prefabs / Eerie","Utility/Resource","","","CFXR2 Skull Head Alt","Assets/ThirdParty/JMO Assets/Cartoon FX Remaster/CFXR Prefabs/Eerie/CFXR2 Skull Head Alt.prefab","1","1","1","0","0","0","0","0","0","1","0","1","0","1","0","ParticleSystemRenderer:1; MonoBehaviour:1; ParticleSystem:1; GameObject:1; Transform:1","Assets/ThirdParty/JMO Assets/Cartoon FX Remaster/CFXR Assets/Graphics/cfxr skull dissolve ab.mat; Assets/ThirdParty/JMO Assets/Cartoon FX Remaster/CFXR Assets/Scripts/CFXR_Effect.cs","Reusable resource component for materials, textures, shaders, data, prefabs, or new VFX assemblies."
"Cartoon FX Remaster","CFXR Prefabs / Eerie","Utility/Resource","","","CFXR2 Souls Escape","Assets/ThirdParty/JMO Assets/Cartoon FX Remaster/CFXR Prefabs/Eerie/CFXR2 Souls Escape.prefab","4","3","3","0","0","0","0","1","0","1","0","3","0","1","0","Transform:4; GameObject:4; ParticleSystem:3; ParticleSystemRenderer:3; MonoBehaviour:1; Light:1","Assets/ThirdParty/JMO Assets/Cartoon FX Remaster/CFXR Assets/Graphics/cfxr ghost trail add.mat; Assets/ThirdParty/JMO Assets/Cartoon FX Remaster/CFXR Assets/Scripts/CFXR_Effect.cs; Assets/ThirdParty/JMO Assets/Cartoon FX Remaster/CFXR Assets/Graphics/cfxr cloud blur add.mat; Assets/ThirdParty/JMO Assets/Cartoon FX Remaster/CFXR Assets/Graphics/cfxr stretch inv spike fade add.mat","Reusable resource component for materials, textures, shaders, data, prefabs, or new VFX assemblies."
"Cartoon FX Remaster","CFXR Prefabs / Electric","Elemental / Status FX","Electric","","CFXR Electrified 3","Assets/ThirdParty/JMO Assets/Cartoon FX Remaster/CFXR Prefabs/Electric/CFXR Electrified 3.prefab","4","3","3","0","0","0","0","1","0","1","0","3","0","1","0","Transform:4; GameObject:4; ParticleSystemRenderer:3; ParticleSystem:3; MonoBehaviour:1; Light:1","Assets/ThirdParty/JMO Assets/Cartoon FX Remaster/CFXR Assets/Graphics/cfxr proc glow soft add.mat; Assets/ThirdParty/JMO Assets/Cartoon FX Remaster/CFXR Assets/Graphics/cfxr electric sparks hdr ab.mat; Assets/ThirdParty/JMO Assets/Cartoon FX Remaster/CFXR Assets/Graphics/cfxr electric small anim 4x2 hdr.mat; Assets/ThirdParty/JMO Assets/Cartoon FX Remaster/CFXR Assets/Scripts/CFXR_Effect.cs","Reusable resource component for materials, textures, shaders, data, prefabs, or new VFX assemblies."
"Cartoon FX Remaster","CFXR Prefabs / Electric","Elemental / Status FX","Electric; Weather","","CFXR2 Sparks Rain","Assets/ThirdParty/JMO Assets/Cartoon FX Remaster/CFXR Prefabs/Electric/CFXR2 Sparks Rain.prefab","1","1","1","0","0","0","0","0","0","1","0","1","0","1","0","ParticleSystemRenderer:1; MonoBehaviour:1; ParticleSystem:1; GameObject:1; Transform:1","Assets/ThirdParty/JMO Assets/Cartoon FX Remaster/CFXR Assets/Graphics/cfxr stretch trait hdr ab nosp.mat; Assets/ThirdParty/JMO Assets/Cartoon FX Remaster/CFXR Assets/Scripts/CFXR_Effect.cs","Reusable resource component for materials, textures, shaders, data, prefabs, or new VFX assemblies."
"Cartoon FX Remaster","CFXR Prefabs / Electric","Hit / Impact","Hit/Impact; Electric","Air/Attach","CFXR3 Hit Electric C (Air)","Assets/ThirdParty/JMO Assets/Cartoon FX Remaster/CFXR Prefabs/Electric/CFXR3 Hit Electric C (Air).prefab","6","5","5","0","0","0","0","1","0","1","0","3","0","1","0","Transform:6; GameObject:6; ParticleSystemRenderer:5; ParticleSystem:5; Light:1; MonoBehaviour:1","Assets/ThirdParty/JMO Assets/Cartoon FX Remaster/CFXR Assets/Graphics/cfxr electric sparks hdr ab.mat; Assets/ThirdParty/JMO Assets/Cartoon FX Remaster/CFXR Assets/Graphics/cfxr electric arcs fade x4 hdr ab.mat; Assets/ThirdParty/JMO Assets/Cartoon FX Remaster/CFXR Assets/Graphics/cfxr proc glow soft add.mat; Assets/ThirdParty/JMO Assets/Cartoon FX Remaster/CFXR Assets/Scripts/CFXR_Effect.cs","General hit feedback; recolor or swap material for different damage elements."
"Cartoon FX Remaster","CFXR Prefabs / Explosions","Explosion / Burst","Explosion","","CFXR Explosion 1","Assets/ThirdParty/JMO Assets/Cartoon FX Remaster/CFXR Prefabs/Explosions/CFXR Explosion 1.prefab","7","6","6","0","0","0","0","1","0","1","0","5","0","1","0","Transform:7; GameObject:7; ParticleSystem:6; ParticleSystemRenderer:6; MonoBehaviour:1; Light:1","Assets/ThirdParty/JMO Assets/Cartoon FX Remaster/CFXR Assets/Graphics/cfxr spikes impact ab.mat; Assets/ThirdParty/JMO Assets/Cartoon FX Remaster/CFXR Assets/Graphics/cfxr spikes impact mesh.asset; Assets/ThirdParty/JMO Assets/Cartoon FX Remaster/CFXR Assets/Scripts/CFXR_Effect.cs; Assets/ThirdParty/JMO Assets/Cartoon FX Remaster/CFXR Assets/Graphics/cfxr stretch trait ab.mat; Assets/ThirdParty/JMO Assets/Cartoon FX Remaster/CFXR Assets/Graphics/cfxr smoke cloud x4 ab.mat; Assets/ThirdParty/JMO Assets/Cartoon FX Remaster/CFXR Assets/Graphics/cfxr spikes impact add.mat; Assets/ThirdParty/JMO Assets/Cartoon FX Remaster/CFXR Assets/Graphics/cfxr proc ring hdr ab.mat; Assets/ThirdParty/JMO Assets/Cartoon FX Remaster/CFXR Assets/Meshes/cfxr ring mesh.asset","Explosion or finisher beat; tune scale, camera shake, and audio timing together."
"Cartoon FX Remaster","CFXR Prefabs / Explosions","Explosion / Burst","Explosion; Air/Dust/Fog","","CFXR Explosion Smoke 2 Solo (HDR)","Assets/ThirdParty/JMO Assets/Cartoon FX Remaster/CFXR Prefabs/Explosions/CFXR Explosion Smoke 2 Solo (HDR).prefab","5","4","4","0","0","0","0","1","0","1","0","4","0","1","0","Transform:5; GameObject:5; ParticleSystemRenderer:4; ParticleSystem:4; MonoBehaviour:1; Light:1","Assets/ThirdParty/JMO Assets/Cartoon FX Remaster/CFXR Assets/Graphics/cfxr proc glow soft invert add.mat; Assets/ThirdParty/JMO Assets/Cartoon FX Remaster/CFXR Assets/Graphics/cfxr smoke cloud x4 second color ab.mat; Assets/ThirdParty/JMO Assets/Cartoon FX Remaster/CFXR Assets/Scripts/CFXR_Effect.cs; Assets/ThirdParty/JMO Assets/Cartoon FX Remaster/CFXR Assets/Graphics/cfxr smoke cloud x4 ab.mat; Assets/ThirdParty/JMO Assets/Cartoon FX Remaster/CFXR Assets/Graphics/cfxr stretch trait hdr ab.mat","Explosion or finisher beat; tune scale, camera shake, and audio timing together."
"Cartoon FX Remaster","CFXR Prefabs / Explosions","Explosion / Burst","Explosion","","CFXR2 WW Explosion","Assets/ThirdParty/JMO Assets/Cartoon FX Remaster/CFXR Prefabs/Explosions/CFXR2 WW Explosion.prefab","9","8","8","0","0","0","0","1","0","1","0","3","0","1","0","Transform:9; GameObject:9; ParticleSystem:8; ParticleSystemRenderer:8; Light:1; MonoBehaviour:1","Assets/ThirdParty/JMO Assets/Cartoon FX Remaster/CFXR Assets/Graphics/cfxr stretch spikes smooth x2 hdr ab.mat; Assets/ThirdParty/JMO Assets/Cartoon FX Remaster/CFXR Assets/Graphics/cfxr ww smoke second color ab.mat; Assets/ThirdParty/JMO Assets/Cartoon FX Remaster/CFXR Assets/Scripts/CFXR_Effect.cs; Assets/ThirdParty/JMO Assets/Cartoon FX Remaster/CFXR Assets/Graphics/cfxr stretch inv spike fade add.mat","Explosion or finisher beat; tune scale, camera shake, and audio timing together."
"Cartoon FX Remaster","CFXR Prefabs / Explosions","Explosion / Burst","Explosion; Fire","","CFXR3 Fire Explosion B","Assets/ThirdParty/JMO Assets/Cartoon FX Remaster/CFXR Prefabs/Explosions/CFXR3 Fire Explosion B.prefab","6","5","5","0","0","0","0","1","0","1","0","4","0","1","0","Transform:6; GameObject:6; ParticleSystemRenderer:5; ParticleSystem:5; MonoBehaviour:1; Light:1","Assets/ThirdParty/JMO Assets/Cartoon FX Remaster/CFXR Assets/Graphics/cfxr smoke cloud x4 ab.mat; Assets/ThirdParty/JMO Assets/Cartoon FX Remaster/CFXR Assets/Graphics/cfxr fire small anim blurred hdr ab.mat; Assets/ThirdParty/JMO Assets/Cartoon FX Remaster/CFXR Assets/Graphics/cfxr ember blur hdr ab.mat; Assets/ThirdParty/JMO Assets/Cartoon FX Remaster/CFXR Assets/Graphics/cfxr proc ring hdr ab.mat; Assets/ThirdParty/JMO Assets/Cartoon FX Remaster/CFXR Assets/Meshes/cfxr ring mesh.asset; Assets/ThirdParty/JMO Assets/Cartoon FX Remaster/CFXR Assets/Scripts/CFXR_Effect.cs","Explosion or finisher beat; tune scale, camera shake, and audio timing together."
"Cartoon FX Remaster","CFXR Prefabs / Explosions","Explosion / Burst","Explosion; Fire","","CFXR4 Firework 1 Cyan-Purple (HDR)","Assets/ThirdParty/JMO Assets/Cartoon FX Remaster/CFXR Prefabs/Explosions/CFXR4 Firework 1 Cyan-Purple (HDR).prefab","2","1","1","0","0","0","0","1","0","1","0","2","0","1","0","Transform:2; GameObject:2; ParticleSystemRenderer:1; MonoBehaviour:1; Light:1; ParticleSystem:1","Assets/ThirdParty/JMO Assets/Cartoon FX Remaster/CFXR Assets/Graphics/cfxr proc glow soft hdr p4 add.mat; Assets/ThirdParty/JMO Assets/Cartoon FX Remaster/CFXR Assets/Graphics/cfxr stretch trait blur add.mat; Assets/ThirdParty/JMO Assets/Cartoon FX Remaster/CFXR Assets/Scripts/CFXR_Effect.cs","Explosion or finisher beat; tune scale, camera shake, and audio timing together."
"Cartoon FX Remaster","CFXR Prefabs / Explosions","Projectile / Shoot Chain","Projectile; Explosion; Fire","","CFXR4 Firework HDR Shoot Single (Random Color)","Assets/ThirdParty/JMO Assets/Cartoon FX Remaster/CFXR Prefabs/Explosions/CFXR4 Firework HDR Shoot Single (Random Color).prefab","3","2","2","0","0","0","0","1","0","1","1","3","0","1","1","Transform:3; GameObject:3; ParticleSystemRenderer:2; ParticleSystem:2; PrefabInstance:1; Light:1; MonoBehaviour:1","Assets/ThirdParty/JMO Assets/Cartoon FX Remaster/CFXR Assets/Graphics/cfxr stretch rectangle ray hdr ab.mat; Assets/ThirdParty/JMO Assets/Cartoon FX Remaster/CFXR Assets/Graphics/cfxr proc glow soft hdr p4 add.mat; Assets/ThirdParty/JMO Assets/Cartoon FX Remaster/CFXR Assets/Graphics/cfxr stretch trait blur add.mat; Assets/ThirdParty/JMO Assets/Cartoon FX Remaster/CFXR Assets/Scripts/CFXR_Effect.cs; Assets/ThirdParty/JMO Assets/Cartoon FX Remaster/CFXR Prefabs/Explosions/CFXR4 Firework 1 Cyan-Purple (HDR).prefab","Complete shoot chain or reusable part; split into muzzle/projectile/hit stages."
"Cartoon FX Remaster","CFXR Prefabs / Fire","Elemental / Status FX","Fire","","CFXR Fire","Assets/ThirdParty/JMO Assets/Cartoon FX Remaster/CFXR Prefabs/Fire/CFXR Fire.prefab","4","3","3","0","0","0","0","1","0","1","0","3","0","1","0","Transform:4; GameObject:4; ParticleSystem:3; ParticleSystemRenderer:3; MonoBehaviour:1; Light:1","Assets/ThirdParty/JMO Assets/Cartoon FX Remaster/CFXR Assets/Graphics/cfxr smoke cloud x4 ab.mat; Assets/ThirdParty/JMO Assets/Cartoon FX Remaster/CFXR Assets/Graphics/cfxr ember blur hdr ab.mat; Assets/ThirdParty/JMO Assets/Cartoon FX Remaster/CFXR Assets/Graphics/cfxr fire blur fade hdr ab.mat; Assets/ThirdParty/JMO Assets/Cartoon FX Remaster/CFXR Assets/Meshes/cfxr mesh star4.fbx; Assets/ThirdParty/JMO Assets/Cartoon FX Remaster/CFXR Assets/Scripts/CFXR_Effect.cs","Reusable resource component for materials, textures, shaders, data, prefabs, or new VFX assemblies."
"Cartoon FX Remaster","CFXR Prefabs / Fire","Elemental / Status FX","Fire","","CFXR Fire Breath","Assets/ThirdParty/JMO Assets/Cartoon FX Remaster/CFXR Prefabs/Fire/CFXR Fire Breath.prefab","4","3","3","0","0","0","0","1","0","1","0","3","0","1","0","Transform:4; GameObject:4; ParticleSystem:3; ParticleSystemRenderer:3; MonoBehaviour:1; Light:1","Assets/ThirdParty/JMO Assets/Cartoon FX Remaster/CFXR Assets/Graphics/cfxr fire circle plain hdr ab.mat; Assets/ThirdParty/JMO Assets/Cartoon FX Remaster/CFXR Assets/Scripts/CFXR_Effect.cs; Assets/ThirdParty/JMO Assets/Cartoon FX Remaster/CFXR Assets/Graphics/cfxr smoke cloud x4 ab.mat; Assets/ThirdParty/JMO Assets/Cartoon FX Remaster/CFXR Assets/Graphics/cfxr ember blur hdr ab.mat","Reusable resource component for materials, textures, shaders, data, prefabs, or new VFX assemblies."
"Cartoon FX Remaster","CFXR Prefabs / Fire","Elemental / Status FX","Fire","","CFXR2 Firewall A","Assets/ThirdParty/JMO Assets/Cartoon FX Remaster/CFXR Prefabs/Fire/CFXR2 Firewall A.prefab","3","2","2","0","0","0","0","1","0","1","0","2","0","1","0","Transform:3; GameObject:3; ParticleSystemRenderer:2; ParticleSystem:2; Light:1; MonoBehaviour:1","Assets/ThirdParty/JMO Assets/Cartoon FX Remaster/CFXR Assets/Graphics/cfxr ember blur hdr ab.mat; Assets/ThirdParty/JMO Assets/Cartoon FX Remaster/CFXR Assets/Graphics/cfxr fire stepped fade hdr ab.mat; Assets/ThirdParty/JMO Assets/Cartoon FX Remaster/CFXR Assets/Meshes/cfxr mesh star4.fbx; Assets/ThirdParty/JMO Assets/Cartoon FX Remaster/CFXR Assets/Scripts/CFXR_Effect.cs","Reusable resource component for materials, textures, shaders, data, prefabs, or new VFX assemblies."
"Cartoon FX Remaster","CFXR Prefabs / Fire","Elemental / Status FX","Fire","","CFXR4 Sun","Assets/ThirdParty/JMO Assets/Cartoon FX Remaster/CFXR Prefabs/Fire/CFXR4 Sun.prefab","3","2","2","0","0","0","0","1","0","1","0","2","0","1","0","Transform:3; GameObject:3; ParticleSystemRenderer:2; ParticleSystem:2; Light:1; MonoBehaviour:1","Assets/ThirdParty/JMO Assets/Cartoon FX Remaster/CFXR Assets/Graphics/cfxr ember blur hdr ab.mat; Assets/ThirdParty/JMO Assets/Cartoon FX Remaster/CFXR Assets/Graphics/cfxr stretch fire crisp fade hdr ab.mat; Assets/ThirdParty/JMO Assets/Cartoon FX Remaster/CFXR Assets/Scripts/CFXR_Effect.cs","Reusable resource component for materials, textures, shaders, data, prefabs, or new VFX assemblies."
"Cartoon FX Remaster","CFXR Prefabs / Fire","Hit / Impact","Hit/Impact; Fire","Air/Attach","CFXR3 Hit Fire B (Air)","Assets/ThirdParty/JMO Assets/Cartoon FX Remaster/CFXR Prefabs/Fire/CFXR3 Hit Fire B (Air).prefab","3","2","2","0","0","0","0","1","0","1","0","2","0","1","0","Transform:3; GameObject:3; ParticleSystemRenderer:2; ParticleSystem:2; Light:1; MonoBehaviour:1","Assets/ThirdParty/JMO Assets/Cartoon FX Remaster/CFXR Assets/Graphics/cfxr ember blur hdr ab.mat; Assets/ThirdParty/JMO Assets/Cartoon FX Remaster/CFXR Assets/Graphics/cfxr stretch fire crisp fade hdr ab.mat; Assets/ThirdParty/JMO Assets/Cartoon FX Remaster/CFXR Assets/Scripts/CFXR_Effect.cs","General hit feedback; recolor or swap material for different damage elements."
"Cartoon FX Remaster","CFXR Prefabs / Ice","Hit / Impact","Hit/Impact; Ice/Crystal","Air/Attach","CFXR3 Hit Ice B (Air)","Assets/ThirdParty/JMO Assets/Cartoon FX Remaster/CFXR Prefabs/Ice/CFXR3 Hit Ice B (Air).prefab","6","5","5","0","0","0","0","1","0","1","0","5","0","1","0","Transform:6; GameObject:6; ParticleSystemRenderer:5; ParticleSystem:5; MonoBehaviour:1; Light:1","Assets/ThirdParty/JMO Assets/Cartoon FX Remaster/CFXR Assets/Graphics/cfxr magic star hdr ab.mat; Assets/ThirdParty/JMO Assets/Cartoon FX Remaster/CFXR Assets/Graphics/cfxr magic star mesh.asset; Assets/ThirdParty/JMO Assets/Cartoon FX Remaster/CFXR Assets/Graphics/cfxr proc ring ice hdr ab.mat; Assets/ThirdParty/JMO Assets/Cartoon FX Remaster/CFXR Assets/Meshes/cfxr ring mesh.asset; Assets/ThirdParty/JMO Assets/Cartoon FX Remaster/CFXR Assets/Graphics/cfxr spikes impact dissolve hdr ab.mat; Assets/ThirdParty/JMO Assets/Cartoon FX Remaster/CFXR Assets/Graphics/cfxr spikes impact mesh.asset; Assets/ThirdParty/JMO Assets/Cartoon FX Remaster/CFXR Assets/Scripts/CFXR_Effect.cs; Assets/ThirdParty/JMO Assets/Cartoon FX Remaster/CFXR Assets/Graphics/cfxr proc glow soft add.mat; Assets/ThirdParty/JMO Assets/Cartoon FX Remaster/CFXR Assets/Graphics/cfxr stretch triangle smooth add.mat","General hit feedback; recolor or swap material for different damage elements."
"Cartoon FX Remaster","CFXR Prefabs / Impacts","Hit / Impact","Hit/Impact","","CFXR Hit A (Red)","Assets/ThirdParty/JMO Assets/Cartoon FX Remaster/CFXR Prefabs/Impacts/CFXR Hit A (Red).prefab","7","6","6","0","0","0","0","1","0","1","0","3","0","1","0","Transform:7; GameObject:7; ParticleSystemRenderer:6; ParticleSystem:6; Light:1; MonoBehaviour:1","Assets/ThirdParty/JMO Assets/Cartoon FX Remaster/CFXR Assets/Graphics/cfxr stretch trait blur add.mat; Assets/ThirdParty/JMO Assets/Cartoon FX Remaster/CFXR Assets/Graphics/cfxr spikes impact add.mat; Assets/ThirdParty/JMO Assets/Cartoon FX Remaster/CFXR Assets/Graphics/cfxr spikes impact mesh.asset; Assets/ThirdParty/JMO Assets/Cartoon FX Remaster/CFXR Assets/Graphics/cfxr stretch triangle to diamond add.mat; Assets/ThirdParty/JMO Assets/Cartoon FX Remaster/CFXR Assets/Scripts/CFXR_Effect.cs","General hit feedback; recolor or swap material for different damage elements."
"Cartoon FX Remaster","CFXR Prefabs / Impacts","Hit / Impact","Hit/Impact","","CFXR Hit D 3D (Yellow)","Assets/ThirdParty/JMO Assets/Cartoon FX Remaster/CFXR Prefabs/Impacts/CFXR Hit D 3D (Yellow).prefab","4","3","3","0","0","0","0","1","0","1","0","2","0","1","0","Transform:4; GameObject:4; ParticleSystem:3; ParticleSystemRenderer:3; MonoBehaviour:1; Light:1","Assets/ThirdParty/JMO Assets/Cartoon FX Remaster/CFXR Assets/Graphics/cfxr proc ring add.mat; Assets/ThirdParty/JMO Assets/Cartoon FX Remaster/CFXR Assets/Meshes/cfxr ring mesh.asset; Assets/ThirdParty/JMO Assets/Cartoon FX Remaster/CFXR Assets/Graphics/cfxr stretch triangle smooth add.mat; Assets/ThirdParty/JMO Assets/Cartoon FX Remaster/CFXR Assets/Scripts/CFXR_Effect.cs","General hit feedback; recolor or swap material for different damage elements."
"Cartoon FX Remaster","CFXR Prefabs / Impacts","Hit / Impact","Hit/Impact; Magic/Energy","","CFXR Impact Glowing HDR (Blue)","Assets/ThirdParty/JMO Assets/Cartoon FX Remaster/CFXR Prefabs/Impacts/CFXR Impact Glowing HDR (Blue).prefab","5","4","4","0","0","0","0","1","0","1","0","4","0","1","0","Transform:5; GameObject:5; ParticleSystemRenderer:4; ParticleSystem:4; MonoBehaviour:1; Light:1","Assets/ThirdParty/JMO Assets/Cartoon FX Remaster/CFXR Assets/Graphics/cfxr flare add.mat; Assets/ThirdParty/JMO Assets/Cartoon FX Remaster/CFXR Assets/Graphics/cfxr spikes impact dissolve hdr ab.mat; Assets/ThirdParty/JMO Assets/Cartoon FX Remaster/CFXR Assets/Graphics/cfxr spikes impact mesh.asset; Assets/ThirdParty/JMO Assets/Cartoon FX Remaster/CFXR Assets/Scripts/CFXR_Effect.cs; Assets/ThirdParty/JMO Assets/Cartoon FX Remaster/CFXR Assets/Graphics/cfxr proc glow soft add.mat; Assets/ThirdParty/JMO Assets/Cartoon FX Remaster/CFXR Assets/Graphics/cfxr proc ring hdr ab.mat; Assets/ThirdParty/JMO Assets/Cartoon FX Remaster/CFXR Assets/Meshes/cfxr ring mesh.asset","General hit feedback; recolor or swap material for different damage elements."
"Cartoon FX Remaster","CFXR Prefabs / Impacts","Hit / Impact","Hit/Impact","Ground/Area","CFXR2 Ground Hit","Assets/ThirdParty/JMO Assets/Cartoon FX Remaster/CFXR Prefabs/Impacts/CFXR2 Ground Hit.prefab","2","2","2","0","0","0","0","0","0","1","0","2","0","1","0","ParticleSystem:2; ParticleSystemRenderer:2; GameObject:2; Transform:2; MonoBehaviour:1","Assets/ThirdParty/JMO Assets/Cartoon FX Remaster/CFXR Assets/Graphics/cfxr proc ring local space add.mat; Assets/ThirdParty/JMO Assets/Cartoon FX Remaster/CFXR Assets/Meshes/cfxr ring mesh local space smoother.asset; Assets/ThirdParty/JMO Assets/Cartoon FX Remaster/CFXR Assets/Graphics/cfxr stretch triangle smooth nosp add.mat; Assets/ThirdParty/JMO Assets/Cartoon FX Remaster/CFXR Assets/Scripts/CFXR_Effect.cs","General hit feedback; recolor or swap material for different damage elements."
"Cartoon FX Remaster","CFXR Prefabs / Light","Hit / Impact","Hit/Impact","Air/Attach","CFXR3 Hit Light B (Air)","Assets/ThirdParty/JMO Assets/Cartoon FX Remaster/CFXR Prefabs/Light/CFXR3 Hit Light B (Air).prefab","5","4","4","0","0","0","0","1","0","1","0","2","0","1","0","Transform:5; GameObject:5; ParticleSystemRenderer:4; ParticleSystem:4; MonoBehaviour:1; Light:1","Assets/ThirdParty/JMO Assets/Cartoon FX Remaster/CFXR Assets/Graphics/cfxr proc ring hdr ab.mat; Assets/ThirdParty/JMO Assets/Cartoon FX Remaster/CFXR Assets/Meshes/cfxr ring mesh.asset; Assets/ThirdParty/JMO Assets/Cartoon FX Remaster/CFXR Assets/Graphics/cfxr magic star hdr ab.mat; Assets/ThirdParty/JMO Assets/Cartoon FX Remaster/CFXR Assets/Graphics/cfxr magic star mesh.asset; Assets/ThirdParty/JMO Assets/Cartoon FX Remaster/CFXR Assets/Scripts/CFXR_Effect.cs","General hit feedback; recolor or swap material for different damage elements."
"Cartoon FX Remaster","CFXR Prefabs / Light","Magic / Energy","Magic/Energy","Loop/Ambient","CFXR3 LightGlow A (Loop)","Assets/ThirdParty/JMO Assets/Cartoon FX Remaster/CFXR Prefabs/Light/CFXR3 LightGlow A (Loop).prefab","4","3","3","0","0","0","0","1","0","1","0","2","0","1","0","Transform:4; GameObject:4; ParticleSystem:3; ParticleSystemRenderer:3; Light:1; MonoBehaviour:1","Assets/ThirdParty/JMO Assets/Cartoon FX Remaster/CFXR Assets/Graphics/cfxr magic star hdr ab.mat; Assets/ThirdParty/JMO Assets/Cartoon FX Remaster/CFXR Assets/Graphics/cfxr magic star mesh.asset; Assets/ThirdParty/JMO Assets/Cartoon FX Remaster/CFXR Assets/Scripts/CFXR_Effect.cs; Assets/ThirdParty/JMO Assets/Cartoon FX Remaster/CFXR Assets/Graphics/cfxr stretch ray blur add.mat","Charging, magic circles, pickup shine, or status loops; loop effects need lifetime control."
"Cartoon FX Remaster","CFXR Prefabs / Liquids","Elemental / Status FX","Liquid/Blood","","CFXR Water Ripples","Assets/ThirdParty/JMO Assets/Cartoon FX Remaster/CFXR Prefabs/Liquids/CFXR Water Ripples.prefab","1","1","1","0","0","0","0","0","0","1","0","1","0","1","0","ParticleSystemRenderer:1; MonoBehaviour:1; ParticleSystem:1; GameObject:1; Transform:1","Assets/ThirdParty/JMO Assets/Cartoon FX Remaster/CFXR Assets/Graphics/cfxr proc ring water ripple local space ab.mat; Assets/ThirdParty/JMO Assets/Cartoon FX Remaster/CFXR Assets/Meshes/cfxr ring mesh local space smoother.asset; Assets/ThirdParty/JMO Assets/Cartoon FX Remaster/CFXR Assets/Scripts/CFXR_Effect.cs","Reusable resource component for materials, textures, shaders, data, prefabs, or new VFX assemblies."
"Cartoon FX Remaster","CFXR Prefabs / Liquids","Elemental / Status FX","Liquid/Blood","","CFXR2 Blood (Directional)","Assets/ThirdParty/JMO Assets/Cartoon FX Remaster/CFXR Prefabs/Liquids/CFXR2 Blood (Directional).prefab","2","2","2","0","0","0","0","0","0","1","0","1","0","1","0","ParticleSystem:2; ParticleSystemRenderer:2; GameObject:2; Transform:2; MonoBehaviour:1","Assets/ThirdParty/JMO Assets/Cartoon FX Remaster/CFXR Assets/Graphics/cfxr proc glow crisp ab.mat; Assets/ThirdParty/JMO Assets/Cartoon FX Remaster/CFXR Assets/Scripts/CFXR_Effect.cs","Reusable resource component for materials, textures, shaders, data, prefabs, or new VFX assemblies."
"Cartoon FX Remaster","CFXR Prefabs / Liquids","Elemental / Status FX","Liquid/Blood","Loop/Ambient","CFXR4 Bubbles Breath Underwater Loop","Assets/ThirdParty/JMO Assets/Cartoon FX Remaster/CFXR Prefabs/Liquids/CFXR4 Bubbles Breath Underwater Loop.prefab","2","2","2","0","0","0","0","0","0","1","0","1","0","1","0","ParticleSystem:2; ParticleSystemRenderer:2; GameObject:2; Transform:2; MonoBehaviour:1","Assets/ThirdParty/JMO Assets/Cartoon FX Remaster/CFXR Assets/Graphics/cfxr bubble 2 ab.mat; Assets/ThirdParty/JMO Assets/Cartoon FX Remaster/CFXR Assets/Scripts/CFXR_Effect.cs","Reusable resource component for materials, textures, shaders, data, prefabs, or new VFX assemblies."
"Cartoon FX Remaster","CFXR Prefabs / Liquids","Elemental Splash / Burst","Splash; Liquid/Blood","","CFXR Water Splash (Smaller)","Assets/ThirdParty/JMO Assets/Cartoon FX Remaster/CFXR Prefabs/Liquids/CFXR Water Splash (Smaller).prefab","8","7","7","0","0","0","0","0","0","1","0","4","0","1","0","Transform:8; GameObject:8; ParticleSystemRenderer:7; ParticleSystem:7; MonoBehaviour:1","Assets/ThirdParty/JMO Assets/Cartoon FX Remaster/CFXR Assets/Graphics/cfxr proc ring water ripple local space ab.mat; Assets/ThirdParty/JMO Assets/Cartoon FX Remaster/CFXR Assets/Meshes/cfxr ring mesh local space smoother.asset; Assets/ThirdParty/JMO Assets/Cartoon FX Remaster/CFXR Assets/Graphics/cfxr water small splash stretch nosp ab.mat; Assets/ThirdParty/JMO Assets/Cartoon FX Remaster/CFXR Assets/Meshes/cfxr ring mesh local space.asset; Assets/ThirdParty/JMO Assets/Cartoon FX Remaster/CFXR Assets/Graphics/cfxr water foam ab.mat; Assets/ThirdParty/JMO Assets/Cartoon FX Remaster/CFXR Assets/Meshes/cfxr mesh foam.fbx; Assets/ThirdParty/JMO Assets/Cartoon FX Remaster/CFXR Assets/Graphics/cfxr water drop blur anim ab.mat; Assets/ThirdParty/JMO Assets/Cartoon FX Remaster/CFXR Assets/Scripts/CFXR_Effect.cs","Use for spell bursts and ground impacts; air variants attach to targets, floor variants sit on ground."
"Cartoon FX Remaster","CFXR Prefabs / Liquids","Elemental Splash / Burst","Splash; Liquid/Blood","","CFXR2 Blood Shape Splash","Assets/ThirdParty/JMO Assets/Cartoon FX Remaster/CFXR Prefabs/Liquids/CFXR2 Blood Shape Splash.prefab","3","3","3","0","0","0","0","0","0","1","0","2","0","1","0","ParticleSystem:3; ParticleSystemRenderer:3; GameObject:3; Transform:3; MonoBehaviour:1","Assets/ThirdParty/JMO Assets/Cartoon FX Remaster/CFXR Assets/Graphics/cfxr blood splash dissolve ab.mat; Assets/ThirdParty/JMO Assets/Cartoon FX Remaster/CFXR Assets/Graphics/cfxr blood splash mesh.asset; Assets/ThirdParty/JMO Assets/Cartoon FX Remaster/CFXR Assets/Scripts/CFXR_Effect.cs; Assets/ThirdParty/JMO Assets/Cartoon FX Remaster/CFXR Assets/Graphics/cfxr proc glow crisp ab.mat","Use for spell bursts and ground impacts; air variants attach to targets, floor variants sit on ground."
"Cartoon FX Remaster","CFXR Prefabs / Magic Misc","Magic / Energy","Magic/Energy","Loop/Ambient","CFXR3 Magic Aura A (Runic)","Assets/ThirdParty/JMO Assets/Cartoon FX Remaster/CFXR Prefabs/Magic Misc/CFXR3 Magic Aura A (Runic).prefab","5","4","4","0","0","0","0","1","0","1","0","3","0","1","0","Transform:5; GameObject:5; ParticleSystemRenderer:4; ParticleSystem:4; Light:1; MonoBehaviour:1","Assets/ThirdParty/JMO Assets/Cartoon FX Remaster/CFXR Assets/Graphics/cfxr aura runic hdr ab nosp.mat; Assets/ThirdParty/JMO Assets/Cartoon FX Remaster/CFXR Assets/Graphics/cfxr stretch ray blur hdr ab.mat; Assets/ThirdParty/JMO Assets/Cartoon FX Remaster/CFXR Assets/Graphics/cfxr magic star hdr ab.mat; Assets/ThirdParty/JMO Assets/Cartoon FX Remaster/CFXR Assets/Graphics/cfxr magic star mesh.asset; Assets/ThirdParty/JMO Assets/Cartoon FX Remaster/CFXR Assets/Scripts/CFXR_Effect.cs","Charging, magic circles, pickup shine, or status loops; loop effects need lifetime control."
"Cartoon FX Remaster","CFXR Prefabs / Magic Misc","Magic / Energy","Liquid/Blood; Magic/Energy","","CFXR4 Bouncing Glows Bubble (Blue Purple)","Assets/ThirdParty/JMO Assets/Cartoon FX Remaster/CFXR Prefabs/Magic Misc/CFXR4 Bouncing Glows Bubble (Blue Purple).prefab","3","2","2","0","0","0","0","1","0","1","0","2","0","1","0","Transform:3; GameObject:3; ParticleSystemRenderer:2; ParticleSystem:2; Light:1; MonoBehaviour:1","Assets/ThirdParty/JMO Assets/Cartoon FX Remaster/CFXR Assets/Graphics/cfxr proc ring hdr ab.mat; Assets/ThirdParty/JMO Assets/Cartoon FX Remaster/CFXR Assets/Meshes/cfxr ring mesh.asset; Assets/ThirdParty/JMO Assets/Cartoon FX Remaster/CFXR Assets/Graphics/cfxr proc glow soft hdr ab.mat; Assets/ThirdParty/JMO Assets/Cartoon FX Remaster/CFXR Assets/Scripts/CFXR_Effect.cs","Charging, magic circles, pickup shine, or status loops; loop effects need lifetime control."
"Cartoon FX Remaster","CFXR Prefabs / Magic Misc","Magic / Energy","Magic/Energy","","CFXR4 Falling Stars","Assets/ThirdParty/JMO Assets/Cartoon FX Remaster/CFXR Prefabs/Magic Misc/CFXR4 Falling Stars.prefab","2","2","2","0","0","0","0","0","0","1","0","1","0","1","0","ParticleSystem:2; ParticleSystemRenderer:2; GameObject:2; Transform:2; MonoBehaviour:1","Assets/ThirdParty/JMO Assets/Cartoon FX Remaster/CFXR Assets/Graphics/cfxr magic star hdr ab.mat; Assets/ThirdParty/JMO Assets/Cartoon FX Remaster/CFXR Assets/Graphics/cfxr magic star mesh.asset; Assets/ThirdParty/JMO Assets/Cartoon FX Remaster/CFXR Assets/Scripts/CFXR_Effect.cs","Charging, magic circles, pickup shine, or status loops; loop effects need lifetime control."
"Cartoon FX Remaster","CFXR Prefabs / Misc","Elemental / Status FX","Air/Dust/Fog","","CFXR Smoke Source 3D","Assets/ThirdParty/JMO Assets/Cartoon FX Remaster/CFXR Prefabs/Misc/CFXR Smoke Source 3D.prefab","1","1","1","0","0","0","0","0","0","1","0","1","0","1","0","ParticleSystemRenderer:1; MonoBehaviour:1; ParticleSystem:1; GameObject:1; Transform:1","Assets/ThirdParty/JMO Assets/Cartoon FX Remaster/CFXR Assets/Graphics/cfxr smoke cloud x4 ab.mat; Assets/ThirdParty/JMO Assets/Cartoon FX Remaster/CFXR Assets/Scripts/CFXR_Effect.cs","Reusable resource component for materials, textures, shaders, data, prefabs, or new VFX assemblies."
"Cartoon FX Remaster","CFXR Prefabs / Misc","Elemental / Status FX","Poison/Gas; Air/Dust/Fog","","CFXR2 Poison Cloud","Assets/ThirdParty/JMO Assets/Cartoon FX Remaster/CFXR Prefabs/Misc/CFXR2 Poison Cloud.prefab","2","2","2","0","0","0","0","0","0","1","0","2","0","1","0","ParticleSystem:2; ParticleSystemRenderer:2; GameObject:2; Transform:2; MonoBehaviour:1","Assets/ThirdParty/JMO Assets/Cartoon FX Remaster/CFXR Assets/Graphics/cfxr smoke cloud x4 ab.mat; Assets/ThirdParty/JMO Assets/Cartoon FX Remaster/CFXR Assets/Scripts/CFXR_Effect.cs; Assets/ThirdParty/JMO Assets/Cartoon FX Remaster/CFXR Assets/Graphics/cfxr proc glow soft p8 add.mat","Reusable resource component for materials, textures, shaders, data, prefabs, or new VFX assemblies."
"Cartoon FX Remaster","CFXR Prefabs / Misc","Hit / Impact","Hit/Impact","","CFXR3 Hit Misc A","Assets/ThirdParty/JMO Assets/Cartoon FX Remaster/CFXR Prefabs/Misc/CFXR3 Hit Misc A.prefab","3","2","2","0","0","0","0","1","0","1","0","2","0","1","0","Transform:3; GameObject:3; ParticleSystemRenderer:2; ParticleSystem:2; Light:1; MonoBehaviour:1","Assets/ThirdParty/JMO Assets/Cartoon FX Remaster/CFXR Assets/Graphics/cfxr proc ring ab.mat; Assets/ThirdParty/JMO Assets/Cartoon FX Remaster/CFXR Assets/Meshes/cfxr ring mesh.asset; Assets/ThirdParty/JMO Assets/Cartoon FX Remaster/CFXR Assets/Graphics/cfxr stretch rectangle ray ab.mat; Assets/ThirdParty/JMO Assets/Cartoon FX Remaster/CFXR Assets/Scripts/CFXR_Effect.cs","General hit feedback; recolor or swap material for different damage elements."
"Cartoon FX Remaster","CFXR Prefabs / Misc","Hit / Impact","Hit/Impact; Air/Dust/Fog","","CFXR3 Hit Misc F Smoke","Assets/ThirdParty/JMO Assets/Cartoon FX Remaster/CFXR Prefabs/Misc/CFXR3 Hit Misc F Smoke.prefab","2","2","2","0","0","0","0","0","0","1","0","3","0","1","0","ParticleSystemRenderer:2; ParticleSystem:2; GameObject:2; Transform:2; MonoBehaviour:1","Assets/ThirdParty/JMO Assets/Cartoon FX Remaster/CFXR Assets/Graphics/cfxr smoke cloud x4 ab.mat; Assets/ThirdParty/JMO Assets/Cartoon FX Remaster/CFXR Assets/Graphics/cfxr stretch triangle fade ab.mat; Assets/ThirdParty/JMO Assets/Cartoon FX Remaster/CFXR Assets/Scripts/CFXR_Effect.cs; Assets/ThirdParty/JMO Assets/Cartoon FX Remaster/CFXR Assets/Graphics/cfxr proc ring ab.mat; Assets/ThirdParty/JMO Assets/Cartoon FX Remaster/CFXR Assets/Meshes/cfxr ring mesh.asset","General hit feedback; recolor or swap material for different damage elements."
"Cartoon FX Remaster","CFXR Prefabs / Misc","Magic / Energy","Magic/Energy","","CFXR Magic Poof","Assets/ThirdParty/JMO Assets/Cartoon FX Remaster/CFXR Prefabs/Misc/CFXR Magic Poof.prefab","3","3","3","0","0","0","0","0","0","1","0","3","0","1","0","ParticleSystem:3; ParticleSystemRenderer:3; GameObject:3; Transform:3; MonoBehaviour:1","Assets/ThirdParty/JMO Assets/Cartoon FX Remaster/CFXR Assets/Graphics/cfxr star ab.mat; Assets/ThirdParty/JMO Assets/Cartoon FX Remaster/CFXR Assets/Graphics/cfxr smoke cloud x4 ab.mat; Assets/ThirdParty/JMO Assets/Cartoon FX Remaster/CFXR Assets/Scripts/CFXR_Effect.cs; Assets/ThirdParty/JMO Assets/Cartoon FX Remaster/CFXR Assets/Graphics/cfxr stretch trait blur add.mat","Charging, magic circles, pickup shine, or status loops; loop effects need lifetime control."
"Cartoon FX Remaster","CFXR Prefabs / Misc","Magic / Energy","Magic/Energy","Loop/Ambient","CFXR3 Ambient Glows","Assets/ThirdParty/JMO Assets/Cartoon FX Remaster/CFXR Prefabs/Misc/CFXR3 Ambient Glows.prefab","1","1","1","0","0","0","0","0","0","1","0","1","0","1","0","ParticleSystem:1; MonoBehaviour:1; ParticleSystemRenderer:1; GameObject:1; Transform:1","Assets/ThirdParty/JMO Assets/Cartoon FX Remaster/CFXR Assets/Graphics/cfxr proc glow soft hdr ab.mat; Assets/ThirdParty/JMO Assets/Cartoon FX Remaster/CFXR Assets/Scripts/CFXR_Effect.cs","Charging, magic circles, pickup shine, or status loops; loop effects need lifetime control."
"Cartoon FX Remaster","CFXR Prefabs / Misc","Utility/Resource","","","CFXR Flash","Assets/ThirdParty/JMO Assets/Cartoon FX Remaster/CFXR Prefabs/Misc/CFXR Flash.prefab","6","5","5","0","0","0","0","1","0","1","0","1","0","1","0","Transform:6; GameObject:6; ParticleSystem:5; ParticleSystemRenderer:5; MonoBehaviour:1; Light:1","Assets/ThirdParty/JMO Assets/Cartoon FX Remaster/CFXR Assets/Graphics/cfxr stretch spikes smooth x2 hdr ab.mat; Assets/ThirdParty/JMO Assets/Cartoon FX Remaster/CFXR Assets/Scripts/CFXR_Effect.cs","Reusable resource component for materials, textures, shaders, data, prefabs, or new VFX assemblies."
"Cartoon FX Remaster","CFXR Prefabs / Misc","Utility/Resource","","","CFXR2 Broken Heart","Assets/ThirdParty/JMO Assets/Cartoon FX Remaster/CFXR Prefabs/Misc/CFXR2 Broken Heart.prefab","7","7","7","0","0","0","0","0","0","1","0","4","0","1","0","ParticleSystemRenderer:7; ParticleSystem:7; GameObject:7; Transform:7; MonoBehaviour:1","Assets/ThirdParty/JMO Assets/Cartoon FX Remaster/CFXR Assets/Graphics/cfxr stretch triangle to diamond add.mat; Assets/ThirdParty/JMO Assets/Cartoon FX Remaster/CFXR Assets/Graphics/cfxr heart break parts ab.mat; Assets/ThirdParty/JMO Assets/Cartoon FX Remaster/CFXR Assets/Graphics/cfxr heart break dissolve ab.mat; Assets/ThirdParty/JMO Assets/Cartoon FX Remaster/CFXR Assets/Scripts/CFXR_Effect.cs; Assets/ThirdParty/JMO Assets/Cartoon FX Remaster/CFXR Assets/Graphics/cfxr stretch trait blur add.mat","Reusable resource component for materials, textures, shaders, data, prefabs, or new VFX assemblies."
"Cartoon FX Remaster","CFXR Prefabs / Misc","Utility/Resource","","Loop/Ambient","CFXR2 Cartoon Fight (Loop)","Assets/ThirdParty/JMO Assets/Cartoon FX Remaster/CFXR Prefabs/Misc/CFXR2 Cartoon Fight (Loop).prefab","4","4","4","0","0","0","0","0","0","1","0","3","0","1","0","ParticleSystem:4; ParticleSystemRenderer:4; GameObject:4; Transform:4; MonoBehaviour:1","Assets/ThirdParty/JMO Assets/Cartoon FX Remaster/CFXR Assets/Graphics/cfxr star ab.mat; Assets/ThirdParty/JMO Assets/Cartoon FX Remaster/CFXR Assets/Graphics/cfxr stretch trait ab.mat; Assets/ThirdParty/JMO Assets/Cartoon FX Remaster/CFXR Assets/Graphics/cfxr smoke cloud x4 ab.mat; Assets/ThirdParty/JMO Assets/Cartoon FX Remaster/CFXR Assets/Scripts/CFXR_Effect.cs","Reusable resource component for materials, textures, shaders, data, prefabs, or new VFX assemblies."
"Cartoon FX Remaster","CFXR Prefabs / Misc","Utility/Resource","","Loop/Ambient","CFXR2 Shiny Item (Loop)","Assets/ThirdParty/JMO Assets/Cartoon FX Remaster/CFXR Prefabs/Misc/CFXR2 Shiny Item (Loop).prefab","4","3","3","0","0","0","0","1","0","1","0","4","0","1","0","Transform:4; GameObject:4; ParticleSystem:3; ParticleSystemRenderer:3; Light:1; MonoBehaviour:1","Assets/ThirdParty/JMO Assets/Cartoon FX Remaster/CFXR Assets/Graphics/cfxr stretch inv spike fade ab.mat; Assets/ThirdParty/JMO Assets/Cartoon FX Remaster/CFXR Assets/Graphics/cfxr stretch ray blur add.mat; Assets/ThirdParty/JMO Assets/Cartoon FX Remaster/CFXR Assets/Scripts/CFXR_Effect.cs; Assets/ThirdParty/JMO Assets/Cartoon FX Remaster/CFXR Assets/Graphics/cfxr proc glow soft add.mat; Assets/ThirdParty/JMO Assets/Cartoon FX Remaster/CFXR Assets/Graphics/cfxr magic star hdr ab.mat","Reusable resource component for materials, textures, shaders, data, prefabs, or new VFX assemblies."
"Cartoon FX Remaster","CFXR Prefabs / Nature","Elemental / Status FX","Nature; Weather","","CFXR4 Rain Falling","Assets/ThirdParty/JMO Assets/Cartoon FX Remaster/CFXR Prefabs/Nature/CFXR4 Rain Falling.prefab","1","1","1","0","0","0","0","0","0","2","0","1","0","2","0","MonoBehaviour:2; ParticleSystemRenderer:1; GameObject:1; Transform:1; ParticleSystem:1","Assets/ThirdParty/JMO Assets/Cartoon FX Remaster/CFXR Assets/Graphics/cfxr stretch rain blur ab.mat; Assets/ThirdParty/JMO Assets/Cartoon FX Remaster/CFXR Assets/Scripts/CFXR_Effect.cs; Assets/ThirdParty/JMO Assets/Cartoon FX Remaster/CFXR Assets/Scripts/CFXR_EmissionBySurface.cs","Reusable resource component for materials, textures, shaders, data, prefabs, or new VFX assemblies."
"Cartoon FX Remaster","CFXR Prefabs / Nature","Elemental Splash / Burst","Splash; Nature; Weather","","CFXR4 Rain Splashes","Assets/ThirdParty/JMO Assets/Cartoon FX Remaster/CFXR Prefabs/Nature/CFXR4 Rain Splashes.prefab","2","2","2","0","0","0","0","0","0","2","0","2","0","2","0","ParticleSystemRenderer:2; MonoBehaviour:2; ParticleSystem:2; GameObject:2; Transform:2","Assets/ThirdParty/JMO Assets/Cartoon FX Remaster/CFXR Assets/Graphics/cfxr stretch rain blur ab nosp.mat; Assets/ThirdParty/JMO Assets/Cartoon FX Remaster/CFXR Assets/Graphics/cfxr stretch rain blur ab.mat; Assets/ThirdParty/JMO Assets/Cartoon FX Remaster/CFXR Assets/Scripts/CFXR_Effect.cs; Assets/ThirdParty/JMO Assets/Cartoon FX Remaster/CFXR Assets/Scripts/CFXR_EmissionBySurface.cs","Use for spell bursts and ground impacts; air variants attach to targets, floor variants sit on ground."
"Cartoon FX Remaster","CFXR Prefabs / Nature","Hit / Impact","Hit/Impact; Nature","","CFXR3 Hit Leaves A (Lit)","Assets/ThirdParty/JMO Assets/Cartoon FX Remaster/CFXR Prefabs/Nature/CFXR3 Hit Leaves A (Lit).prefab","4","4","4","0","0","0","0","0","0","1","0","3","0","1","0","ParticleSystem:4; ParticleSystemRenderer:4; GameObject:4; Transform:4; MonoBehaviour:1","Assets/ThirdParty/JMO Assets/Cartoon FX Remaster/CFXR Assets/Graphics/cfxr leave a ab lit normal.mat; Assets/ThirdParty/JMO Assets/Cartoon FX Remaster/CFXR Assets/Meshes/cfxr mesh leave.fbx; Assets/ThirdParty/JMO Assets/Cartoon FX Remaster/CFXR Assets/Scripts/CFXR_Effect.cs; Assets/ThirdParty/JMO Assets/Cartoon FX Remaster/CFXR Assets/Graphics/cfxr magic star hdr ab.mat; Assets/ThirdParty/JMO Assets/Cartoon FX Remaster/CFXR Assets/Graphics/cfxr magic star mesh.asset; Assets/ThirdParty/JMO Assets/Cartoon FX Remaster/CFXR Assets/Graphics/cfxr ember blur hdr ab.mat","General hit feedback; recolor or swap material for different damage elements."
"Cartoon FX Remaster","CFXR Prefabs / Nature","Melee Slash / Weapon Trail","Slash/Trail; Air/Dust/Fog; Nature","","CFXR4 Wind Trails","Assets/ThirdParty/JMO Assets/Cartoon FX Remaster/CFXR Prefabs/Nature/CFXR4 Wind Trails.prefab","1","1","1","0","0","0","0","0","0","1","0","2","0","1","0","ParticleSystemRenderer:1; MonoBehaviour:1; ParticleSystem:1; GameObject:1; Transform:1","Assets/ThirdParty/JMO Assets/Cartoon FX Remaster/CFXR Assets/Graphics/cfxr hidden.mat; Assets/ThirdParty/JMO Assets/Cartoon FX Remaster/CFXR Assets/Graphics/cfxr stretch smoke fume blur ab.mat; Assets/ThirdParty/JMO Assets/Cartoon FX Remaster/CFXR Assets/Scripts/CFXR_Effect.cs","Use for melee swings, sword arcs, and weapon trails; layer with hit sparks and speed lines."
"Cartoon FX Remaster","CFXR Prefabs / Nature","Shield / Defensive FX","Nature; Shield","","CFXR3 Shield Leaves A (Lit)","Assets/ThirdParty/JMO Assets/Cartoon FX Remaster/CFXR Prefabs/Nature/CFXR3 Shield Leaves A (Lit).prefab","2","2","2","0","0","0","0","0","0","1","0","2","0","1","0","ParticleSystem:2; ParticleSystemRenderer:2; GameObject:2; Transform:2; MonoBehaviour:1","Assets/ThirdParty/JMO Assets/Cartoon FX Remaster/CFXR Assets/Graphics/cfxr ember blur hdr ab.mat; Assets/ThirdParty/JMO Assets/Cartoon FX Remaster/CFXR Assets/Scripts/CFXR_Effect.cs; Assets/ThirdParty/JMO Assets/Cartoon FX Remaster/CFXR Assets/Graphics/cfxr leave a ab lit normal.mat; Assets/ThirdParty/JMO Assets/Cartoon FX Remaster/CFXR Assets/Meshes/cfxr mesh leave.fbx","Shield/defense feedback; combine with hit sparks, absorption rings, and telegraph indicators."
"Cartoon FX Remaster","CFXR Prefabs / Sword Trails","Melee Slash / Weapon Trail","Hit/Impact; Slash/Trail; Fire","","CFXR4 Sword Hit FIRE (Cross)","Assets/ThirdParty/JMO Assets/Cartoon FX Remaster/CFXR Prefabs/Sword Trails/Fire/CFXR4 Sword Hit FIRE (Cross).prefab","2","1","1","0","0","0","0","1","0","1","1","3","0","1","1","Transform:2; GameObject:2; MonoBehaviour:1; PrefabInstance:1; Light:1; ParticleSystem:1; ParticleSystemRenderer:1","Assets/ThirdParty/JMO Assets/Cartoon FX Remaster/CFXR Assets/Graphics/cfxr ember blur hdr ab.mat; Assets/ThirdParty/JMO Assets/Cartoon FX Remaster/CFXR Assets/Scripts/CFXR_Effect.cs; Assets/ThirdParty/JMO Assets/Cartoon FX Remaster/CFXR Prefabs/Sword Trails/Plain/CFXR4 Sword Hit PLAIN (Cross).prefab; Assets/ThirdParty/JMO Assets/Cartoon FX Remaster/CFXR Assets/Graphics/cfxr spikes impact dissolve hdr ab.mat; Assets/ThirdParty/JMO Assets/Cartoon FX Remaster/CFXR Assets/Graphics/cfxr sword trail flames hit.mat","Use for melee swings, sword arcs, and weapon trails; layer with hit sparks and speed lines."
"Cartoon FX Remaster","CFXR Prefabs / Sword Trails","Melee Slash / Weapon Trail","Hit/Impact; Slash/Trail; Ice/Crystal","","CFXR4 Sword Hit ICE (Cross)","Assets/ThirdParty/JMO Assets/Cartoon FX Remaster/CFXR Prefabs/Sword Trails/Ice/CFXR4 Sword Hit ICE (Cross).prefab","2","1","1","0","0","0","0","1","0","1","1","3","0","1","1","Transform:2; GameObject:2; ParticleSystemRenderer:1; PrefabInstance:1; ParticleSystem:1; MonoBehaviour:1; Light:1","Assets/ThirdParty/JMO Assets/Cartoon FX Remaster/CFXR Assets/Scripts/CFXR_Effect.cs; Assets/ThirdParty/JMO Assets/Cartoon FX Remaster/CFXR Assets/Graphics/cfxr magic star hdr ab.mat; Assets/ThirdParty/JMO Assets/Cartoon FX Remaster/CFXR Prefabs/Sword Trails/Plain/CFXR4 Sword Hit PLAIN (Cross).prefab; Assets/ThirdParty/JMO Assets/Cartoon FX Remaster/CFXR Assets/Graphics/cfxr spikes impact dissolve hdr ab.mat; Assets/ThirdParty/JMO Assets/Cartoon FX Remaster/CFXR Assets/Graphics/cfxr sword trail ice hit.mat","Use for melee swings, sword arcs, and weapon trails; layer with hit sparks and speed lines."
"Cartoon FX Remaster","CFXR Prefabs / Sword Trails","Melee Slash / Weapon Trail","Hit/Impact; Slash/Trail","","CFXR4 Sword Hit PLAIN (Cross)","Assets/ThirdParty/JMO Assets/Cartoon FX Remaster/CFXR Prefabs/Sword Trails/Plain/CFXR4 Sword Hit PLAIN (Cross).prefab","3","3","3","0","0","0","0","0","0","0","0","2","0","0","0","ParticleSystem:3; ParticleSystemRenderer:3; GameObject:3; Transform:3","Assets/ThirdParty/JMO Assets/Cartoon FX Remaster/CFXR Assets/Graphics/cfxr spikes impact dissolve ab.mat; Assets/ThirdParty/JMO Assets/Cartoon FX Remaster/CFXR Assets/Graphics/cfxr spikes impact mesh.asset; Assets/ThirdParty/JMO Assets/Cartoon FX Remaster/CFXR Assets/Graphics/cfxr sword trail plain.mat; Assets/ThirdParty/JMO Assets/Cartoon FX Remaster/CFXR Assets/Meshes/cfxr mesh sword_slashes.fbx","Use for melee swings, sword arcs, and weapon trails; layer with hit sparks and speed lines."
"Cartoon FX Remaster","CFXR Prefabs / Sword Trails","Melee Slash / Weapon Trail","Slash/Trail; Fire","","CFXR4 Sword Trail FIRE (360 Spiral)","Assets/ThirdParty/JMO Assets/Cartoon FX Remaster/CFXR Prefabs/Sword Trails/Fire/CFXR4 Sword Trail FIRE (360 Spiral).prefab","3","2","2","0","0","0","0","1","0","1","1","2","0","1","1","Transform:3; GameObject:3; ParticleSystemRenderer:2; ParticleSystem:2; PrefabInstance:1; MonoBehaviour:1; Light:1","Assets/ThirdParty/JMO Assets/Cartoon FX Remaster/CFXR Assets/Graphics/cfxr sword trail flames.mat; Assets/ThirdParty/JMO Assets/Cartoon FX Remaster/CFXR Assets/Meshes/cfxr mesh sword_slashes.fbx; Assets/ThirdParty/JMO Assets/Cartoon FX Remaster/CFXR Assets/Graphics/cfxr ember blur hdr ab.mat; Assets/ThirdParty/JMO Assets/Cartoon FX Remaster/CFXR Assets/Scripts/CFXR_Effect.cs; Assets/ThirdParty/JMO Assets/Cartoon FX Remaster/CFXR Prefabs/Sword Trails/Plain/CFXR4 Sword Trail PLAIN (360 Spiral).prefab","Use for melee swings, sword arcs, and weapon trails; layer with hit sparks and speed lines."
"Cartoon FX Remaster","CFXR Prefabs / Sword Trails","Melee Slash / Weapon Trail","Slash/Trail; Fire","","CFXR4 Sword Trail FIRE (360 Thin Spiral)","Assets/ThirdParty/JMO Assets/Cartoon FX Remaster/CFXR Prefabs/Sword Trails/Fire/CFXR4 Sword Trail FIRE (360 Thin Spiral).prefab","0","0","0","0","0","0","0","0","0","0","1","0","0","0","1","PrefabInstance:1","Assets/ThirdParty/JMO Assets/Cartoon FX Remaster/CFXR Prefabs/Sword Trails/Fire/CFXR4 Sword Trail FIRE (360 Spiral).prefab; Assets/ThirdParty/JMO Assets/Cartoon FX Remaster/CFXR Assets/Meshes/cfxr mesh sword_slashes.fbx","Use for melee swings, sword arcs, and weapon trails; layer with hit sparks and speed lines."
"Cartoon FX Remaster","CFXR Prefabs / Sword Trails","Melee Slash / Weapon Trail","Slash/Trail; Ice/Crystal","","CFXR4 Sword Trail ICE (360 Spiral)","Assets/ThirdParty/JMO Assets/Cartoon FX Remaster/CFXR Prefabs/Sword Trails/Ice/CFXR4 Sword Trail ICE (360 Spiral).prefab","3","2","2","0","0","0","0","1","0","1","1","2","0","1","1","Transform:3; GameObject:3; ParticleSystemRenderer:2; ParticleSystem:2; PrefabInstance:1; Light:1; MonoBehaviour:1","Assets/ThirdParty/JMO Assets/Cartoon FX Remaster/CFXR Assets/Graphics/cfxr magic star hdr ab.mat; Assets/ThirdParty/JMO Assets/Cartoon FX Remaster/CFXR Assets/Graphics/cfxr sword trail ice.mat; Assets/ThirdParty/JMO Assets/Cartoon FX Remaster/CFXR Assets/Meshes/cfxr mesh sword_slashes.fbx; Assets/ThirdParty/JMO Assets/Cartoon FX Remaster/CFXR Assets/Scripts/CFXR_Effect.cs; Assets/ThirdParty/JMO Assets/Cartoon FX Remaster/CFXR Prefabs/Sword Trails/Plain/CFXR4 Sword Trail PLAIN (360 Spiral).prefab","Use for melee swings, sword arcs, and weapon trails; layer with hit sparks and speed lines."
"Cartoon FX Remaster","CFXR Prefabs / Sword Trails","Melee Slash / Weapon Trail","Slash/Trail; Ice/Crystal","","CFXR4 Sword Trail ICE (360 Thin Spiral)","Assets/ThirdParty/JMO Assets/Cartoon FX Remaster/CFXR Prefabs/Sword Trails/Ice/CFXR4 Sword Trail ICE (360 Thin Spiral).prefab","0","0","0","0","0","0","0","0","0","0","1","1","0","0","1","PrefabInstance:1","Assets/ThirdParty/JMO Assets/Cartoon FX Remaster/CFXR Prefabs/Sword Trails/Ice/CFXR4 Sword Trail ICE (360 Spiral).prefab; Assets/ThirdParty/JMO Assets/Cartoon FX Remaster/CFXR Assets/Meshes/cfxr mesh sword_slashes.fbx; Assets/ThirdParty/JMO Assets/Cartoon FX Remaster/CFXR Assets/Graphics/cfxr sword trail ice thin.mat","Use for melee swings, sword arcs, and weapon trails; layer with hit sparks and speed lines."
"Cartoon FX Remaster","CFXR Prefabs / Sword Trails","Melee Slash / Weapon Trail","Slash/Trail","","CFXR4 Sword Trail PLAIN (360 Spiral)","Assets/ThirdParty/JMO Assets/Cartoon FX Remaster/CFXR Prefabs/Sword Trails/Plain/CFXR4 Sword Trail PLAIN (360 Spiral).prefab","1","1","1","0","0","0","0","0","0","0","0","1","0","0","0","ParticleSystem:1; ParticleSystemRenderer:1; GameObject:1; Transform:1","Assets/ThirdParty/JMO Assets/Cartoon FX Remaster/CFXR Assets/Graphics/cfxr sword trail plain.mat; Assets/ThirdParty/JMO Assets/Cartoon FX Remaster/CFXR Assets/Meshes/cfxr mesh sword_slashes.fbx","Use for melee swings, sword arcs, and weapon trails; layer with hit sparks and speed lines."
"Cartoon FX Remaster","CFXR Prefabs / Sword Trails","Melee Slash / Weapon Trail","Slash/Trail","","CFXR4 Sword Trail PLAIN (360 Thin Spiral)","Assets/ThirdParty/JMO Assets/Cartoon FX Remaster/CFXR Prefabs/Sword Trails/Plain/CFXR4 Sword Trail PLAIN (360 Thin Spiral).prefab","0","0","0","0","0","0","0","0","0","0","1","0","0","0","1","PrefabInstance:1","Assets/ThirdParty/JMO Assets/Cartoon FX Remaster/CFXR Prefabs/Sword Trails/Plain/CFXR4 Sword Trail PLAIN (360 Spiral).prefab; Assets/ThirdParty/JMO Assets/Cartoon FX Remaster/CFXR Assets/Meshes/cfxr mesh sword_slashes.fbx","Use for melee swings, sword arcs, and weapon trails; layer with hit sparks and speed lines."
"Cartoon FX Remaster","CFXR Prefabs / Texts","Elemental / Status FX","Comic Text","","CFXR _BOING_","Assets/ThirdParty/JMO Assets/Cartoon FX Remaster/CFXR Prefabs/Texts/CFXR _BOING_.prefab","6","6","6","0","0","0","0","0","0","1","0","1","1","1","0","ParticleSystem:6; ParticleSystemRenderer:6; GameObject:6; Transform:6; MonoBehaviour:1","Assets/ThirdParty/JMO Assets/Cartoon FX Remaster/CFXR Assets/Misc/cfxr font AmazGoDaBold.png; Assets/ThirdParty/JMO Assets/Cartoon FX Remaster/CFXR Assets/Misc/cfxr particle font.mat; Assets/ThirdParty/JMO Assets/Cartoon FX Remaster/CFXR Assets/Scripts/CFXR_ParticleText.cs; Assets/ThirdParty/JMO Assets/Cartoon FX Remaster/CFXR Assets/Misc/cfxr ParticleFont AmazGoDaBold.asset","Reusable resource component for materials, textures, shaders, data, prefabs, or new VFX assemblies."
"Cartoon FX Remaster","CFXR Prefabs / Texts","Elemental / Status FX","Comic Text","","CFXR2 _CURSED_","Assets/ThirdParty/JMO Assets/Cartoon FX Remaster/CFXR Prefabs/Texts/CFXR2 _CURSED_.prefab","9","9","9","0","0","0","0","0","0","1","0","1","1","1","0","ParticleSystem:9; ParticleSystemRenderer:9; GameObject:9; Transform:9; MonoBehaviour:1","Assets/ThirdParty/JMO Assets/Cartoon FX Remaster/CFXR Assets/Misc/cfxr font AmazGoDaBold.png; Assets/ThirdParty/JMO Assets/Cartoon FX Remaster/CFXR Assets/Misc/cfxr particle font.mat; Assets/ThirdParty/JMO Assets/Cartoon FX Remaster/CFXR Assets/Scripts/CFXR_ParticleText.cs; Assets/ThirdParty/JMO Assets/Cartoon FX Remaster/CFXR Assets/Misc/cfxr ParticleFont AmazGoDaBold.asset","Reusable resource component for materials, textures, shaders, data, prefabs, or new VFX assemblies."
"Cartoon FX Remaster","CFXR Prefabs / Texts","Elemental / Status FX","Comic Text","","CFXR3 _WOW_","Assets/ThirdParty/JMO Assets/Cartoon FX Remaster/CFXR Prefabs/Texts/CFXR3 _WOW_.prefab","5","5","5","0","0","0","0","0","0","1","0","1","1","1","0","ParticleSystem:5; ParticleSystemRenderer:5; GameObject:5; Transform:5; MonoBehaviour:1","Assets/ThirdParty/JMO Assets/Cartoon FX Remaster/CFXR Assets/Scripts/CFXR_ParticleText.cs; Assets/ThirdParty/JMO Assets/Cartoon FX Remaster/CFXR Assets/Misc/cfxr ParticleFont AmazGoDaBold.asset; Assets/ThirdParty/JMO Assets/Cartoon FX Remaster/CFXR Assets/Misc/cfxr particle font.mat; Assets/ThirdParty/JMO Assets/Cartoon FX Remaster/CFXR Assets/Misc/cfxr font AmazGoDaBold.png","Reusable resource component for materials, textures, shaders, data, prefabs, or new VFX assemblies."
"Cartoon FX Remaster","CFXR Prefabs / Texts","Elemental / Status FX","Ice/Crystal; Comic Text","","CFXR4 _FROZEN_","Assets/ThirdParty/JMO Assets/Cartoon FX Remaster/CFXR Prefabs/Texts/CFXR4 _FROZEN_.prefab","7","7","7","0","0","0","0","0","0","1","0","1","1","1","0","ParticleSystem:7; ParticleSystemRenderer:7; GameObject:7; Transform:7; MonoBehaviour:1","Assets/ThirdParty/JMO Assets/Cartoon FX Remaster/CFXR Assets/Misc/cfxr font AmazGoDaBold.png; Assets/ThirdParty/JMO Assets/Cartoon FX Remaster/CFXR Assets/Misc/cfxr particle font.mat; Assets/ThirdParty/JMO Assets/Cartoon FX Remaster/CFXR Assets/Scripts/CFXR_ParticleText.cs; Assets/ThirdParty/JMO Assets/Cartoon FX Remaster/CFXR Assets/Misc/cfxr ParticleFont AmazGoDaBold.asset","Reusable resource component for materials, textures, shaders, data, prefabs, or new VFX assemblies."
"Cartoon FX Remaster","CFXR Prefabs / Texts","Elemental / Status FX","Poison/Gas; Comic Text","","CFXR4 _POISONED_","Assets/ThirdParty/JMO Assets/Cartoon FX Remaster/CFXR Prefabs/Texts/CFXR4 _POISONED_.prefab","9","9","9","0","0","0","0","0","0","1","0","1","1","1","0","ParticleSystem:9; ParticleSystemRenderer:9; GameObject:9; Transform:9; MonoBehaviour:1","Assets/ThirdParty/JMO Assets/Cartoon FX Remaster/CFXR Assets/Misc/cfxr font AmazGoDaBold.png; Assets/ThirdParty/JMO Assets/Cartoon FX Remaster/CFXR Assets/Misc/cfxr particle font.mat; Assets/ThirdParty/JMO Assets/Cartoon FX Remaster/CFXR Assets/Scripts/CFXR_ParticleText.cs; Assets/ThirdParty/JMO Assets/Cartoon FX Remaster/CFXR Assets/Misc/cfxr ParticleFont AmazGoDaBold.asset","Reusable resource component for materials, textures, shaders, data, prefabs, or new VFX assemblies."
"Cartoon FX Remaster","CFXR Prefabs / Texts","Explosion / Burst","Explosion; Comic Text","","CFXR _BOOM_","Assets/ThirdParty/JMO Assets/Cartoon FX Remaster/CFXR Prefabs/Texts/CFXR _BOOM_.prefab","6","6","6","0","0","0","0","0","0","1","0","1","1","1","0","ParticleSystem:6; ParticleSystemRenderer:6; GameObject:6; Transform:6; MonoBehaviour:1","Assets/ThirdParty/JMO Assets/Cartoon FX Remaster/CFXR Assets/Misc/cfxr font AmazGoDaBold.png; Assets/ThirdParty/JMO Assets/Cartoon FX Remaster/CFXR Assets/Misc/cfxr particle font.mat; Assets/ThirdParty/JMO Assets/Cartoon FX Remaster/CFXR Assets/Scripts/CFXR_ParticleText.cs; Assets/ThirdParty/JMO Assets/Cartoon FX Remaster/CFXR Assets/Misc/cfxr ParticleFont AmazGoDaBold.asset","Explosion or finisher beat; tune scale, camera shake, and audio timing together."
"Cartoon FX Remaster","CFXR Prefabs / Texts","Hit / Impact","Hit/Impact; Comic Text","","CFXR _POW_","Assets/ThirdParty/JMO Assets/Cartoon FX Remaster/CFXR Prefabs/Texts/CFXR _POW_.prefab","4","4","4","0","0","0","0","0","0","1","0","1","1","1","0","ParticleSystem:4; ParticleSystemRenderer:4; GameObject:4; Transform:4; MonoBehaviour:1","Assets/ThirdParty/JMO Assets/Cartoon FX Remaster/CFXR Assets/Scripts/CFXR_ParticleText.cs; Assets/ThirdParty/JMO Assets/Cartoon FX Remaster/CFXR Assets/Misc/cfxr ParticleFont AmazGoDaBold.asset; Assets/ThirdParty/JMO Assets/Cartoon FX Remaster/CFXR Assets/Misc/cfxr particle font.mat; Assets/ThirdParty/JMO Assets/Cartoon FX Remaster/CFXR Assets/Misc/cfxr font AmazGoDaBold.png","General hit feedback; recolor or swap material for different damage elements."
"Cartoon FX Remaster","CFXR Prefabs / Texts","Hit / Impact","Hit/Impact; Comic Text","","CFXR2 _WHAM_ 3","Assets/ThirdParty/JMO Assets/Cartoon FX Remaster/CFXR Prefabs/Texts/CFXR2 _WHAM_ 3.prefab","6","6","6","0","0","0","0","0","0","1","0","1","1","1","0","ParticleSystem:6; ParticleSystemRenderer:6; GameObject:6; Transform:6; MonoBehaviour:1","Assets/ThirdParty/JMO Assets/Cartoon FX Remaster/CFXR Assets/Misc/cfxr font AmazGoDaBold.png; Assets/ThirdParty/JMO Assets/Cartoon FX Remaster/CFXR Assets/Misc/cfxr particle font.mat; Assets/ThirdParty/JMO Assets/Cartoon FX Remaster/CFXR Assets/Scripts/CFXR_ParticleText.cs; Assets/ThirdParty/JMO Assets/Cartoon FX Remaster/CFXR Assets/Misc/cfxr ParticleFont AmazGoDaBold.asset","General hit feedback; recolor or swap material for different damage elements."
"Cartoon FX Remaster","CFXR Prefabs / Texts","Melee Slash / Weapon Trail","Slash/Trail; Comic Text","","CFXR _SLASH_","Assets/ThirdParty/JMO Assets/Cartoon FX Remaster/CFXR Prefabs/Texts/CFXR _SLASH_.prefab","7","7","7","0","0","0","0","0","0","1","0","1","1","1","0","ParticleSystem:7; ParticleSystemRenderer:7; GameObject:7; Transform:7; MonoBehaviour:1","Assets/ThirdParty/JMO Assets/Cartoon FX Remaster/CFXR Assets/Scripts/CFXR_ParticleText.cs; Assets/ThirdParty/JMO Assets/Cartoon FX Remaster/CFXR Assets/Misc/cfxr ParticleFont AmazGoDaBold.asset; Assets/ThirdParty/JMO Assets/Cartoon FX Remaster/CFXR Assets/Misc/cfxr particle font.mat; Assets/ThirdParty/JMO Assets/Cartoon FX Remaster/CFXR Assets/Misc/cfxr font AmazGoDaBold.png","Use for melee swings, sword arcs, and weapon trails; layer with hit sparks and speed lines."
"Project Custom Effects","Project Custom Effects","Melee Slash / Weapon Trail","Slash/Trail; Splash","Ground/Area","FX_splash_sword_new_floor","Assets/Art/Effect/FX_splash_sword_new_floor.prefab","20","20","20","0","0","0","0","0","0","0","0","4","0","0","0","ParticleSystem:20; ParticleSystemRenderer:20; GameObject:20; Transform:20","Assets/ThirdParty/VFX_Klaus/Materials/Mat_fx_elements_set_01_highlight_inner.mat; Assets/ThirdParty/VFX_Klaus/Materials/Mat_fx_elements_set_03_highlight_inner.mat; Assets/ThirdParty/VFX_Klaus/Meshes/fbx_fx_circle_03.FBX; Assets/ThirdParty/VFX_Klaus/Materials/Mat_fx_splash_set_highlight_inner.mat; Assets/Art/Weapons/Ani/Mat_fx_elements_set_03_highlight_inner.mat","Use for melee swings, sword arcs, and weapon trails; layer with hit sparks and speed lines."
"Skill Indicators","Indicator prefabs","Skill Telegraph / Indicator","Indicator","","PF_IND_ArcTrajectory","Assets/Art/SkillIndicators/Temporary/Prefabs/PF_IND_ArcTrajectory.prefab","3","0","0","0","1","0","0","0","0","1","0","2","0","1","0","Transform:3; GameObject:3; LineRenderer:1; MonoBehaviour:1","Assets/Scripts/Combat/SkillIndicators/SkillIndicatorTemporaryArtNote.cs; Assets/Art/SkillIndicators/Temporary/Materials/M_IND_TetherLine.mat; Assets/Art/SkillIndicators/Temporary/Materials/M_IND_EnemyDanger.mat","Show before real damage VFX for targeting, placement, warning, or lock-on clarity."
"Skill Indicators","Indicator prefabs","Skill Telegraph / Indicator","Indicator","","PF_IND_Cone","Assets/Art/SkillIndicators/Temporary/Prefabs/PF_IND_Cone.prefab","2","0","0","0","1","0","1","0","0","1","0","1","0","1","0","Transform:2; GameObject:2; LineRenderer:1; MeshRenderer:1; MonoBehaviour:1","Assets/Scripts/Combat/SkillIndicators/SkillIndicatorTemporaryArtNote.cs; Assets/Art/SkillIndicators/Temporary/Meshes/MS_IND_Cone90.asset; Assets/Art/SkillIndicators/Temporary/Materials/M_IND_OwnerValid.mat","Show before real damage VFX for targeting, placement, warning, or lock-on clarity."
"Skill Indicators","Indicator prefabs","Skill Telegraph / Indicator","Indicator","","PF_IND_CountdownDanger","Assets/Art/SkillIndicators/Temporary/Prefabs/PF_IND_CountdownDanger.prefab","3","0","0","0","1","0","2","0","0","1","0","2","0","1","0","Transform:3; GameObject:3; MeshRenderer:2; MeshFilter:1; LineRenderer:1; MonoBehaviour:1","Assets/Scripts/Combat/SkillIndicators/SkillIndicatorTemporaryArtNote.cs; Assets/Art/SkillIndicators/Temporary/Meshes/MS_IND_UnitCircle.asset; Assets/Art/SkillIndicators/Temporary/Materials/M_IND_EnemyDanger.mat; Assets/Art/SkillIndicators/Temporary/Meshes/MS_IND_Cone90.asset; Assets/Art/SkillIndicators/Temporary/Materials/M_IND_Invalid.mat","Show before real damage VFX for targeting, placement, warning, or lock-on clarity."
"Skill Indicators","Indicator prefabs","Skill Telegraph / Indicator","Indicator","Ground/Area","PF_IND_Footprint","Assets/Art/SkillIndicators/Temporary/Prefabs/PF_IND_Footprint.prefab","2","0","0","0","0","0","2","0","0","1","0","2","0","1","0","MeshRenderer:2; Transform:2; GameObject:2; MonoBehaviour:1; MeshFilter:1","Assets/Art/SkillIndicators/Temporary/Materials/M_IND_OwnerValid.mat; Assets/Scripts/Combat/SkillIndicators/SkillIndicatorTemporaryArtNote.cs; Assets/Art/SkillIndicators/Temporary/Meshes/MS_IND_FootprintBox.asset; Assets/Art/SkillIndicators/Temporary/Materials/M_IND_PlacementGhost.mat","Show before real damage VFX for targeting, placement, warning, or lock-on clarity."
"Skill Indicators","Indicator prefabs","Skill Telegraph / Indicator","Magic/Energy; Indicator","Ground/Area","PF_IND_GroundCircle","Assets/Art/SkillIndicators/Temporary/Prefabs/PF_IND_GroundCircle.prefab","2","0","0","0","1","0","1","0","0","1","0","1","0","1","0","Transform:2; GameObject:2; LineRenderer:1; MeshRenderer:1; MonoBehaviour:1","Assets/Scripts/Combat/SkillIndicators/SkillIndicatorTemporaryArtNote.cs; Assets/Art/SkillIndicators/Temporary/Meshes/MS_IND_UnitCircle.asset; Assets/Art/SkillIndicators/Temporary/Materials/M_IND_OwnerValid.mat","Show before real damage VFX for targeting, placement, warning, or lock-on clarity."
"Skill Indicators","Indicator prefabs","Skill Telegraph / Indicator","Indicator","","PF_IND_HUDHoldProgress","Assets/Art/SkillIndicators/Temporary/Prefabs/PF_IND_HUDHoldProgress.prefab","1","0","0","0","0","0","0","0","0","3","0","0","1","1","0","MonoBehaviour:3; RectTransform:2; CanvasRenderer:1; GameObject:1; Canvas:1","Assets/Scripts/Combat/SkillIndicators/SkillIndicatorTemporaryArtNote.cs; Assets/Art/SkillIndicators/Temporary/Textures/T_IND_HUDHoldProgress.png","Show before real damage VFX for targeting, placement, warning, or lock-on clarity."
"Skill Indicators","Indicator prefabs","Skill Telegraph / Indicator","Indicator","","PF_IND_LineRect","Assets/Art/SkillIndicators/Temporary/Prefabs/PF_IND_LineRect.prefab","2","0","0","0","0","0","2","0","0","1","0","2","0","1","0","MeshRenderer:2; Transform:2; GameObject:2; MonoBehaviour:1; MeshFilter:1","Assets/Art/SkillIndicators/Temporary/Materials/M_IND_TetherLine.mat; Assets/Scripts/Combat/SkillIndicators/SkillIndicatorTemporaryArtNote.cs; Assets/Art/SkillIndicators/Temporary/Meshes/MS_IND_UnitRectangle.asset; Assets/Art/SkillIndicators/Temporary/Materials/M_IND_OwnerValid.mat","Show before real damage VFX for targeting, placement, warning, or lock-on clarity."
"Skill Indicators","Indicator prefabs","Skill Telegraph / Indicator","Magic/Energy; Indicator","Ground/Area","PF_IND_MonsterWarningCircle","Assets/Art/SkillIndicators/Temporary/Prefabs/PF_IND_MonsterWarningCircle.prefab","2","0","0","0","1","0","1","0","0","1","0","1","0","1","0","Transform:2; GameObject:2; MeshRenderer:1; MonoBehaviour:1; LineRenderer:1","Assets/Art/SkillIndicators/Temporary/Materials/M_IND_EnemyDanger.mat; Assets/Scripts/Combat/SkillIndicators/SkillIndicatorTemporaryArtNote.cs; Assets/Art/SkillIndicators/Temporary/Meshes/MS_IND_UnitCircle.asset","Show before real damage VFX for targeting, placement, warning, or lock-on clarity."
"Skill Indicators","Indicator prefabs","Skill Telegraph / Indicator","Indicator","Ground/Area","PF_IND_PersistentZone","Assets/Art/SkillIndicators/Temporary/Prefabs/PF_IND_PersistentZone.prefab","2","0","0","0","1","0","1","0","0","1","0","1","0","1","0","Transform:2; GameObject:2; LineRenderer:1; MeshRenderer:1; MonoBehaviour:1","Assets/Scripts/Combat/SkillIndicators/SkillIndicatorTemporaryArtNote.cs; Assets/Art/SkillIndicators/Temporary/Meshes/MS_IND_UnitCircle.asset; Assets/Art/SkillIndicators/Temporary/Materials/M_IND_PersistentZone.mat","Show before real damage VFX for targeting, placement, warning, or lock-on clarity."
"Skill Indicators","Indicator prefabs","Skill Telegraph / Indicator","Indicator","Ground/Area","PF_IND_PlacementGhost","Assets/Art/SkillIndicators/Temporary/Prefabs/PF_IND_PlacementGhost.prefab","1","0","0","0","0","0","1","0","0","1","0","1","0","1","0","MeshRenderer:1; MonoBehaviour:1; MeshFilter:1; GameObject:1; Transform:1","Assets/Art/SkillIndicators/Temporary/Materials/M_IND_PlacementGhost.mat; Assets/Scripts/Combat/SkillIndicators/SkillIndicatorTemporaryArtNote.cs","Show before real damage VFX for targeting, placement, warning, or lock-on clarity."
"Skill Indicators","Indicator prefabs","Skill Telegraph / Indicator","Indicator","Ground/Area","PF_IND_TargetReticle","Assets/Art/SkillIndicators/Temporary/Prefabs/PF_IND_TargetReticle.prefab","1","0","0","0","0","0","0","0","0","1","0","1","1","1","0","MonoBehaviour:1; Transform:1; GameObject:1","Assets/Scripts/Combat/SkillIndicators/SkillIndicatorTemporaryArtNote.cs; Assets/Art/SkillIndicators/Temporary/Materials/M_IND_TetherLine.mat; Assets/Art/SkillIndicators/Temporary/Textures/T_IND_TargetLock.png","Show before real damage VFX for targeting, placement, warning, or lock-on clarity."
"Skill Indicators","Indicator prefabs","Skill Telegraph / Indicator","Indicator","","PF_IND_TetherLine","Assets/Art/SkillIndicators/Temporary/Prefabs/PF_IND_TetherLine.prefab","1","0","0","0","0","0","0","0","0","1","0","1","0","1","0","MonoBehaviour:1; Transform:1; GameObject:1","Assets/Scripts/Combat/SkillIndicators/SkillIndicatorTemporaryArtNote.cs; Assets/Art/SkillIndicators/Temporary/Materials/M_IND_TetherLine.mat","Show before real damage VFX for targeting, placement, warning, or lock-on clarity."
"VFX_Klaus","Hyper Casual FX","Elemental / Status FX","Air/Dust/Fog","","HCFX_Dust_01","Assets/ThirdParty/VFX_Klaus/Prefabs/Hyper Casual FX/HCFX_Dust_01.prefab","3","3","3","0","0","0","0","0","0","0","0","1","0","0","0","ParticleSystem:3; ParticleSystemRenderer:3; GameObject:3; Transform:3","Assets/ThirdParty/VFX_Klaus/Materials/Mat_fx_HCFX_set_apb.mat; Assets/ThirdParty/VFX_Klaus/Meshes/Fbx_fx_Round_01.FBX; Assets/ThirdParty/VFX_Klaus/Meshes/fbx_fx_circle_01.FBX","Reusable resource component for materials, textures, shaders, data, prefabs, or new VFX assemblies."
"VFX_Klaus","Hyper Casual FX","Elemental / Status FX","Air/Dust/Fog","","HCFX_Dust_02","Assets/ThirdParty/VFX_Klaus/Prefabs/Hyper Casual FX/HCFX_Dust_02.prefab","2","2","2","0","0","0","0","0","0","0","0","1","0","0","0","ParticleSystem:2; ParticleSystemRenderer:2; GameObject:2; Transform:2","Assets/ThirdParty/VFX_Klaus/Materials/Mat_fx_HCFX_set_apb.mat","Reusable resource component for materials, textures, shaders, data, prefabs, or new VFX assemblies."
"VFX_Klaus","Hyper Casual FX","Elemental / Status FX","Air/Dust/Fog","","HCFX_Dust_03","Assets/ThirdParty/VFX_Klaus/Prefabs/Hyper Casual FX/HCFX_Dust_03.prefab","2","2","2","0","0","0","0","0","0","0","0","1","0","0","0","ParticleSystem:2; ParticleSystemRenderer:2; GameObject:2; Transform:2","Assets/ThirdParty/VFX_Klaus/Materials/Mat_fx_HCFX_set_apb.mat; Assets/ThirdParty/VFX_Klaus/Meshes/Fbx_fx_Round_01.FBX","Reusable resource component for materials, textures, shaders, data, prefabs, or new VFX assemblies."
"VFX_Klaus","Hyper Casual FX","Elemental / Status FX","Air/Dust/Fog","","HCFX_Dust_04","Assets/ThirdParty/VFX_Klaus/Prefabs/Hyper Casual FX/HCFX_Dust_04.prefab","5","5","5","0","0","0","0","0","0","0","0","1","0","0","0","ParticleSystem:5; ParticleSystemRenderer:5; GameObject:5; Transform:5","Assets/ThirdParty/VFX_Klaus/Materials/Mat_fx_HCFX_set_apb.mat; Assets/ThirdParty/VFX_Klaus/Meshes/fbx_fx_circle_01.FBX; Assets/ThirdParty/VFX_Klaus/Meshes/Fbx_fx_Round_01.FBX","Reusable resource component for materials, textures, shaders, data, prefabs, or new VFX assemblies."
"VFX_Klaus","Hyper Casual FX","Elemental / Status FX","Air/Dust/Fog","","HCFX_Dust_Dash_01","Assets/ThirdParty/VFX_Klaus/Prefabs/Hyper Casual FX/HCFX_Dust_Dash_01.prefab","4","4","4","0","0","0","0","0","0","0","0","1","0","0","0","ParticleSystem:4; ParticleSystemRenderer:4; GameObject:4; Transform:4","Assets/ThirdParty/VFX_Klaus/Materials/Mat_fx_HCFX_set_apb.mat; Assets/ThirdParty/VFX_Klaus/Meshes/Fbx_fx_Round_01.FBX","Reusable resource component for materials, textures, shaders, data, prefabs, or new VFX assemblies."
"VFX_Klaus","Hyper Casual FX","Elemental / Status FX","Air/Dust/Fog","","HCFX_Dust_Dash_01_Air","Assets/ThirdParty/VFX_Klaus/Prefabs/Hyper Casual FX/HCFX_Dust_Dash_01_Air.prefab","3","3","3","0","0","0","0","0","0","0","0","1","0","0","0","ParticleSystem:3; ParticleSystemRenderer:3; GameObject:3; Transform:3","Assets/ThirdParty/VFX_Klaus/Materials/Mat_fx_HCFX_set_apb.mat; Assets/ThirdParty/VFX_Klaus/Meshes/Fbx_fx_Round_01.FBX","Reusable resource component for materials, textures, shaders, data, prefabs, or new VFX assemblies."
"VFX_Klaus","Hyper Casual FX","Elemental / Status FX","Air/Dust/Fog","","HCFX_Dust_Jump_01","Assets/ThirdParty/VFX_Klaus/Prefabs/Hyper Casual FX/HCFX_Dust_Jump_01.prefab","6","6","6","0","0","0","0","0","0","0","0","2","0","0","0","ParticleSystem:6; ParticleSystemRenderer:6; GameObject:6; Transform:6","Assets/ThirdParty/VFX_Klaus/Materials/Mat_fx_HCFX_set_add.mat; Assets/ThirdParty/VFX_Klaus/Materials/Mat_fx_HCFX_set_apb.mat; Assets/ThirdParty/VFX_Klaus/Meshes/Fbx_fx_Round_01.FBX","Reusable resource component for materials, textures, shaders, data, prefabs, or new VFX assemblies."
"VFX_Klaus","Hyper Casual FX","Elemental / Status FX","Air/Dust/Fog","","HCFX_Dust_Jump_02","Assets/ThirdParty/VFX_Klaus/Prefabs/Hyper Casual FX/HCFX_Dust_Jump_02.prefab","7","7","7","0","0","0","0","0","0","0","0","2","0","0","0","ParticleSystem:7; ParticleSystemRenderer:7; GameObject:7; Transform:7","Assets/ThirdParty/VFX_Klaus/Materials/Mat_fx_HCFX_set_add.mat; Assets/ThirdParty/VFX_Klaus/Materials/Mat_fx_HCFX_set_apb.mat; Assets/ThirdParty/VFX_Klaus/Meshes/Fbx_fx_Round_01.FBX; Assets/ThirdParty/VFX_Klaus/Meshes/Fbx_fx_Round_02.FBX","Reusable resource component for materials, textures, shaders, data, prefabs, or new VFX assemblies."
"VFX_Klaus","Hyper Casual FX","Elemental / Status FX","Air/Dust/Fog","","HCFX_Dust_Jump_03","Assets/ThirdParty/VFX_Klaus/Prefabs/Hyper Casual FX/HCFX_Dust_Jump_03.prefab","6","6","6","0","0","0","0","0","0","0","0","2","0","0","0","ParticleSystem:6; ParticleSystemRenderer:6; GameObject:6; Transform:6","Assets/ThirdParty/VFX_Klaus/Materials/Mat_fx_HCFX_set_add.mat; Assets/ThirdParty/VFX_Klaus/Materials/Mat_fx_HCFX_set_apb.mat; Assets/ThirdParty/VFX_Klaus/Meshes/Fbx_fx_Round_01.FBX","Reusable resource component for materials, textures, shaders, data, prefabs, or new VFX assemblies."
"VFX_Klaus","Hyper Casual FX","Elemental / Status FX","Air/Dust/Fog","","HCFX_Dust_Storm_Left_01","Assets/ThirdParty/VFX_Klaus/Prefabs/Hyper Casual FX/HCFX_Dust_Storm_Left_01.prefab","0","0","0","0","0","0","0","0","0","0","1","0","0","0","1","PrefabInstance:1","Assets/ThirdParty/VFX_Klaus/Prefabs/Hyper Casual FX/HCFX_Dust_Storm_Right_01.prefab","Reusable resource component for materials, textures, shaders, data, prefabs, or new VFX assemblies."
"VFX_Klaus","Hyper Casual FX","Elemental / Status FX","Air/Dust/Fog","Loop/Ambient","HCFX_Dust_Storm_Left_01_Looping","Assets/ThirdParty/VFX_Klaus/Prefabs/Hyper Casual FX/HCFX_Dust_Storm_Left_01_Looping.prefab","0","0","0","0","0","0","0","0","0","0","1","0","0","0","1","PrefabInstance:1","Assets/ThirdParty/VFX_Klaus/Prefabs/Hyper Casual FX/HCFX_Dust_Storm_Left_01.prefab","Reusable resource component for materials, textures, shaders, data, prefabs, or new VFX assemblies."
"VFX_Klaus","Hyper Casual FX","Elemental / Status FX","Air/Dust/Fog","","HCFX_Dust_Storm_Left_02","Assets/ThirdParty/VFX_Klaus/Prefabs/Hyper Casual FX/HCFX_Dust_Storm_Left_02.prefab","1","1","1","0","0","0","0","0","0","0","1","1","0","0","1","ParticleSystemRenderer:1; PrefabInstance:1; ParticleSystem:1; GameObject:1; Transform:1","Assets/ThirdParty/VFX_Klaus/Materials/Mat_fx_HCFX_set_apb.mat; Assets/ThirdParty/VFX_Klaus/Meshes/Fbx_fx_Round_01.FBX; Assets/ThirdParty/VFX_Klaus/Prefabs/Hyper Casual FX/HCFX_Dust_Storm_Right_01.prefab","Reusable resource component for materials, textures, shaders, data, prefabs, or new VFX assemblies."
"VFX_Klaus","Hyper Casual FX","Elemental / Status FX","Air/Dust/Fog","Loop/Ambient","HCFX_Dust_Storm_Left_02_Looping","Assets/ThirdParty/VFX_Klaus/Prefabs/Hyper Casual FX/HCFX_Dust_Storm_Left_02_Looping.prefab","0","0","0","0","0","0","0","0","0","0","1","0","0","0","1","PrefabInstance:1","Assets/ThirdParty/VFX_Klaus/Prefabs/Hyper Casual FX/HCFX_Dust_Storm_Left_02.prefab","Reusable resource component for materials, textures, shaders, data, prefabs, or new VFX assemblies."
"VFX_Klaus","Hyper Casual FX","Elemental / Status FX","Air/Dust/Fog","","HCFX_Dust_Storm_Right_01","Assets/ThirdParty/VFX_Klaus/Prefabs/Hyper Casual FX/HCFX_Dust_Storm_Right_01.prefab","4","4","4","0","0","0","0","0","0","0","0","1","0","0","0","ParticleSystem:4; ParticleSystemRenderer:4; GameObject:4; Transform:4","Assets/ThirdParty/VFX_Klaus/Materials/Mat_fx_HCFX_set_apb.mat; Assets/ThirdParty/VFX_Klaus/Meshes/Fbx_fx_Round_01.FBX","Reusable resource component for materials, textures, shaders, data, prefabs, or new VFX assemblies."
"VFX_Klaus","Hyper Casual FX","Elemental / Status FX","Air/Dust/Fog","Loop/Ambient","HCFX_Dust_Storm_Right_01_Looping","Assets/ThirdParty/VFX_Klaus/Prefabs/Hyper Casual FX/HCFX_Dust_Storm_Right_01_Looping.prefab","0","0","0","0","0","0","0","0","0","0","1","0","0","0","1","PrefabInstance:1","Assets/ThirdParty/VFX_Klaus/Prefabs/Hyper Casual FX/HCFX_Dust_Storm_Right_01.prefab","Reusable resource component for materials, textures, shaders, data, prefabs, or new VFX assemblies."
"VFX_Klaus","Hyper Casual FX","Elemental / Status FX","Air/Dust/Fog","","HCFX_Dust_Storm_Right_02","Assets/ThirdParty/VFX_Klaus/Prefabs/Hyper Casual FX/HCFX_Dust_Storm_Right_02.prefab","1","1","1","0","0","0","0","0","0","0","1","1","0","0","1","ParticleSystemRenderer:1; PrefabInstance:1; ParticleSystem:1; GameObject:1; Transform:1","Assets/ThirdParty/VFX_Klaus/Materials/Mat_fx_HCFX_set_apb.mat; Assets/ThirdParty/VFX_Klaus/Meshes/Fbx_fx_Round_01.FBX; Assets/ThirdParty/VFX_Klaus/Prefabs/Hyper Casual FX/HCFX_Dust_Storm_Right_01.prefab","Reusable resource component for materials, textures, shaders, data, prefabs, or new VFX assemblies."
"VFX_Klaus","Hyper Casual FX","Elemental / Status FX","Air/Dust/Fog","Loop/Ambient","HCFX_Dust_Storm_Right_02_Looping","Assets/ThirdParty/VFX_Klaus/Prefabs/Hyper Casual FX/HCFX_Dust_Storm_Right_02_Looping.prefab","0","0","0","0","0","0","0","0","0","0","1","0","0","0","1","PrefabInstance:1","Assets/ThirdParty/VFX_Klaus/Prefabs/Hyper Casual FX/HCFX_Dust_Storm_Right_02.prefab","Reusable resource component for materials, textures, shaders, data, prefabs, or new VFX assemblies."
"VFX_Klaus","Hyper Casual FX","Elemental / Status FX","Fire","","HCFX_Fire_01","Assets/ThirdParty/VFX_Klaus/Prefabs/Hyper Casual FX/HCFX_Fire_01.prefab","4","4","4","0","0","0","0","0","0","0","0","2","0","0","0","ParticleSystem:4; ParticleSystemRenderer:4; GameObject:4; Transform:4","Assets/ThirdParty/VFX_Klaus/Materials/Mat_fx_HCFX_set_apb.mat; Assets/ThirdParty/VFX_Klaus/Materials/Mat_fx_HCFX_set_add.mat","Reusable resource component for materials, textures, shaders, data, prefabs, or new VFX assemblies."
"VFX_Klaus","Hyper Casual FX","Elemental / Status FX","Fire","","HCFX_Fire_02","Assets/ThirdParty/VFX_Klaus/Prefabs/Hyper Casual FX/HCFX_Fire_02.prefab","0","0","0","0","0","0","0","0","0","0","1","0","0","0","1","PrefabInstance:1","Assets/ThirdParty/VFX_Klaus/Prefabs/Hyper Casual FX/HCFX_Fire_01.prefab","Reusable resource component for materials, textures, shaders, data, prefabs, or new VFX assemblies."
"VFX_Klaus","Hyper Casual FX","Elemental / Status FX","Nature","","HCFX_Leaves","Assets/ThirdParty/VFX_Klaus/Prefabs/Hyper Casual FX/HCFX_Leaves.prefab","1","1","1","0","0","0","0","0","0","0","1","1","0","0","1","ParticleSystemRenderer:1; PrefabInstance:1; ParticleSystem:1; GameObject:1; Transform:1","Assets/ThirdParty/VFX_Klaus/Materials/Mat_fx_HCFX_set_apb.mat; Assets/ThirdParty/VFX_Klaus/Prefabs/Hyper Casual FX/HCFX_Leaves_Air.prefab","Reusable resource component for materials, textures, shaders, data, prefabs, or new VFX assemblies."
"VFX_Klaus","Hyper Casual FX","Elemental / Status FX","Nature","","HCFX_Leaves_Air","Assets/ThirdParty/VFX_Klaus/Prefabs/Hyper Casual FX/HCFX_Leaves_Air.prefab","4","4","4","0","0","0","0","0","0","0","0","1","0","0","0","ParticleSystem:4; ParticleSystemRenderer:4; GameObject:4; Transform:4","Assets/ThirdParty/VFX_Klaus/Materials/Mat_fx_HCFX_set_apb.mat; Assets/ThirdParty/VFX_Klaus/Meshes/Fbx_fx_Round_01.FBX; Assets/ThirdParty/VFX_Klaus/Meshes/fbx_fx_cylinder_03.FBX","Reusable resource component for materials, textures, shaders, data, prefabs, or new VFX assemblies."
"VFX_Klaus","Hyper Casual FX","Elemental / Status FX","Poison/Gas","","HCFX_Poison_01","Assets/ThirdParty/VFX_Klaus/Prefabs/Hyper Casual FX/HCFX_Poison_01.prefab","5","5","5","0","0","0","0","0","0","0","0","2","0","0","0","ParticleSystem:5; ParticleSystemRenderer:5; GameObject:5; Transform:5","Assets/ThirdParty/VFX_Klaus/Materials/Mat_fx_HCFX_set_add.mat; Assets/ThirdParty/VFX_Klaus/Materials/Mat_fx_HCFX_set_apb.mat","Reusable resource component for materials, textures, shaders, data, prefabs, or new VFX assemblies."
"VFX_Klaus","Hyper Casual FX","Elemental / Status FX","Poison/Gas","","HCFX_Poison_02","Assets/ThirdParty/VFX_Klaus/Prefabs/Hyper Casual FX/HCFX_Poison_02.prefab","3","3","3","0","0","0","0","0","0","0","0","2","0","0","0","ParticleSystem:3; ParticleSystemRenderer:3; GameObject:3; Transform:3","Assets/ThirdParty/VFX_Klaus/Materials/Mat_fx_HCFX_set_apb.mat; Assets/ThirdParty/VFX_Klaus/Materials/Mat_fx_HCFX_set_add.mat","Reusable resource component for materials, textures, shaders, data, prefabs, or new VFX assemblies."
"VFX_Klaus","Hyper Casual FX","Elemental Splash / Burst","Splash","","HCFX_Splash_01","Assets/ThirdParty/VFX_Klaus/Prefabs/Hyper Casual FX/HCFX_Splash_01.prefab","3","3","3","0","0","0","0","0","0","0","0","1","0","0","0","ParticleSystem:3; ParticleSystemRenderer:3; GameObject:3; Transform:3","Assets/ThirdParty/VFX_Klaus/Materials/Mat_fx_HCFX_set_apb.mat; Assets/ThirdParty/VFX_Klaus/Meshes/Fbx_fx_Round_01.FBX","Use for spell bursts and ground impacts; air variants attach to targets, floor variants sit on ground."
"VFX_Klaus","Hyper Casual FX","Elemental Splash / Burst","Splash","","HCFX_Splash_02","Assets/ThirdParty/VFX_Klaus/Prefabs/Hyper Casual FX/HCFX_Splash_02.prefab","3","3","3","0","0","0","0","0","0","0","0","1","0","0","0","ParticleSystem:3; ParticleSystemRenderer:3; GameObject:3; Transform:3","Assets/ThirdParty/VFX_Klaus/Materials/Mat_fx_HCFX_set_apb.mat; Assets/ThirdParty/VFX_Klaus/Meshes/Fbx_fx_Round_01.FBX","Use for spell bursts and ground impacts; air variants attach to targets, floor variants sit on ground."
"VFX_Klaus","Hyper Casual FX","Elemental Splash / Burst","Splash","","HCFX_Splash_03","Assets/ThirdParty/VFX_Klaus/Prefabs/Hyper Casual FX/HCFX_Splash_03.prefab","0","0","0","0","0","0","0","0","0","0","1","0","0","0","1","PrefabInstance:1","Assets/ThirdParty/VFX_Klaus/Prefabs/Hyper Casual FX/HCFX_Splash_02.prefab","Use for spell bursts and ground impacts; air variants attach to targets, floor variants sit on ground."
"VFX_Klaus","Hyper Casual FX","Explosion / Burst","Explosion","","HCFX_Explosion_01","Assets/ThirdParty/VFX_Klaus/Prefabs/Hyper Casual FX/HCFX_Explosion_01.prefab","6","6","6","0","0","0","0","0","0","0","0","2","0","0","0","ParticleSystem:6; ParticleSystemRenderer:6; GameObject:6; Transform:6","Assets/ThirdParty/VFX_Klaus/Materials/Mat_fx_HCFX_set_apb.mat; Assets/ThirdParty/VFX_Klaus/Meshes/Fbx_fx_Round_01.FBX; Assets/ThirdParty/VFX_Klaus/Materials/Mat_fx_HCFX_set_add.mat","Explosion or finisher beat; tune scale, camera shake, and audio timing together."
"VFX_Klaus","Hyper Casual FX","Explosion / Burst","Explosion","","HCFX_Explosion_02","Assets/ThirdParty/VFX_Klaus/Prefabs/Hyper Casual FX/HCFX_Explosion_02.prefab","11","11","11","0","0","0","0","0","0","0","0","2","0","0","0","ParticleSystem:11; ParticleSystemRenderer:11; GameObject:11; Transform:11","Assets/ThirdParty/VFX_Klaus/Materials/Mat_fx_HCFX_set_add.mat; Assets/ThirdParty/VFX_Klaus/Materials/Mat_fx_HCFX_set_apb.mat; Assets/ThirdParty/VFX_Klaus/Meshes/Fbx_fx_Round_01.FBX","Explosion or finisher beat; tune scale, camera shake, and audio timing together."
"VFX_Klaus","Hyper Casual FX","Explosion / Burst","Explosion","","HCFX_Explosion_02_Air","Assets/ThirdParty/VFX_Klaus/Prefabs/Hyper Casual FX/HCFX_Explosion_02_Air.prefab","0","0","0","0","0","0","0","0","0","0","1","0","0","0","1","PrefabInstance:1","Assets/ThirdParty/VFX_Klaus/Prefabs/Hyper Casual FX/HCFX_Explosion_02.prefab","Explosion or finisher beat; tune scale, camera shake, and audio timing together."
"VFX_Klaus","Hyper Casual FX","Explosion / Burst","Explosion","","HCFX_Explosion_03","Assets/ThirdParty/VFX_Klaus/Prefabs/Hyper Casual FX/HCFX_Explosion_03.prefab","8","8","8","0","0","0","0","0","0","0","0","2","0","0","0","ParticleSystem:8; ParticleSystemRenderer:8; GameObject:8; Transform:8","Assets/ThirdParty/VFX_Klaus/Materials/Mat_fx_HCFX_set_apb.mat; Assets/ThirdParty/VFX_Klaus/Materials/Mat_fx_HCFX_set_add.mat; Assets/ThirdParty/VFX_Klaus/Meshes/Fbx_fx_Round_01.FBX","Explosion or finisher beat; tune scale, camera shake, and audio timing together."
"VFX_Klaus","Hyper Casual FX","Hit / Impact","Hit/Impact; Air/Dust/Fog","Ground/Area","HCFX_Dust_FloorHit_01","Assets/ThirdParty/VFX_Klaus/Prefabs/Hyper Casual FX/HCFX_Dust_FloorHit_01.prefab","6","6","6","0","0","0","0","0","0","0","0","2","0","0","0","ParticleSystem:6; ParticleSystemRenderer:6; GameObject:6; Transform:6","Assets/ThirdParty/VFX_Klaus/Materials/Mat_fx_HCFX_set_apb.mat; Assets/ThirdParty/VFX_Klaus/Meshes/Fbx_fx_Round_01.FBX; Assets/ThirdParty/VFX_Klaus/Materials/Mat_fx_HCFX_set_add.mat","General hit feedback; recolor or swap material for different damage elements."
"VFX_Klaus","Hyper Casual FX","Hit / Impact","Hit/Impact; Air/Dust/Fog","Ground/Area","HCFX_Dust_FloorHit_02","Assets/ThirdParty/VFX_Klaus/Prefabs/Hyper Casual FX/HCFX_Dust_FloorHit_02.prefab","7","7","7","0","0","0","0","0","0","0","0","2","0","0","0","ParticleSystem:7; ParticleSystemRenderer:7; GameObject:7; Transform:7","Assets/ThirdParty/VFX_Klaus/Materials/Mat_fx_HCFX_set_apb.mat; Assets/ThirdParty/VFX_Klaus/Meshes/Fbx_fx_Round_01.FBX; Assets/ThirdParty/VFX_Klaus/Materials/Mat_fx_HCFX_set_add.mat","General hit feedback; recolor or swap material for different damage elements."
"VFX_Klaus","Hyper Casual FX","Hit / Impact","Hit/Impact; Air/Dust/Fog","Ground/Area","HCFX_Dust_FloorHit_03","Assets/ThirdParty/VFX_Klaus/Prefabs/Hyper Casual FX/HCFX_Dust_FloorHit_03.prefab","8","8","8","0","0","0","0","0","0","0","0","2","0","0","0","ParticleSystem:8; ParticleSystemRenderer:8; GameObject:8; Transform:8","Assets/ThirdParty/VFX_Klaus/Materials/Mat_fx_HCFX_set_apb.mat; Assets/ThirdParty/VFX_Klaus/Meshes/Fbx_fx_Round_01.FBX; Assets/ThirdParty/VFX_Klaus/Materials/Mat_fx_HCFX_set_add.mat","General hit feedback; recolor or swap material for different damage elements."
"VFX_Klaus","Hyper Casual FX","Hit / Impact","Hit/Impact","","HCFX_Hit_01","Assets/ThirdParty/VFX_Klaus/Prefabs/Hyper Casual FX/HCFX_Hit_01.prefab","4","4","4","0","0","0","0","0","0","0","0","2","0","0","0","ParticleSystem:4; ParticleSystemRenderer:4; GameObject:4; Transform:4","Assets/ThirdParty/VFX_Klaus/Materials/Mat_fx_HCFX_set_apb.mat; Assets/ThirdParty/VFX_Klaus/Materials/Mat_fx_HCFX_set_add.mat","General hit feedback; recolor or swap material for different damage elements."
"VFX_Klaus","Hyper Casual FX","Hit / Impact","Hit/Impact","","HCFX_Hit_02","Assets/ThirdParty/VFX_Klaus/Prefabs/Hyper Casual FX/HCFX_Hit_02.prefab","9","9","9","0","0","0","0","0","0","0","0","2","0","0","0","ParticleSystem:9; ParticleSystemRenderer:9; GameObject:9; Transform:9","Assets/ThirdParty/VFX_Klaus/Materials/Mat_fx_HCFX_set_apb.mat; Assets/ThirdParty/VFX_Klaus/Materials/Mat_fx_HCFX_set_add.mat","General hit feedback; recolor or swap material for different damage elements."
"VFX_Klaus","Hyper Casual FX","Hit / Impact","Hit/Impact","","HCFX_Hit_03","Assets/ThirdParty/VFX_Klaus/Prefabs/Hyper Casual FX/HCFX_Hit_03.prefab","3","3","3","0","0","0","0","0","0","0","0","2","0","0","0","ParticleSystem:3; ParticleSystemRenderer:3; GameObject:3; Transform:3","Assets/ThirdParty/VFX_Klaus/Materials/Mat_fx_HCFX_set_add.mat; Assets/ThirdParty/VFX_Klaus/Materials/Mat_fx_HCFX_set_apb.mat","General hit feedback; recolor or swap material for different damage elements."
"VFX_Klaus","Hyper Casual FX","Hit / Impact","Hit/Impact","","HCFX_Hit_04","Assets/ThirdParty/VFX_Klaus/Prefabs/Hyper Casual FX/HCFX_Hit_04.prefab","5","5","5","0","0","0","0","0","0","0","0","2","0","0","0","ParticleSystem:5; ParticleSystemRenderer:5; GameObject:5; Transform:5","Assets/ThirdParty/VFX_Klaus/Materials/Mat_fx_HCFX_set_add.mat; Assets/ThirdParty/VFX_Klaus/Materials/Mat_fx_HCFX_set_apb.mat","General hit feedback; recolor or swap material for different damage elements."
"VFX_Klaus","Hyper Casual FX","Hit / Impact","Hit/Impact","","HCFX_Hit_05","Assets/ThirdParty/VFX_Klaus/Prefabs/Hyper Casual FX/HCFX_Hit_05.prefab","5","5","5","0","0","0","0","0","0","0","0","2","0","0","0","ParticleSystem:5; ParticleSystemRenderer:5; GameObject:5; Transform:5","Assets/ThirdParty/VFX_Klaus/Materials/Mat_fx_HCFX_set_apb.mat; Assets/ThirdParty/VFX_Klaus/Materials/Mat_fx_HCFX_set_add.mat","General hit feedback; recolor or swap material for different damage elements."
"VFX_Klaus","Hyper Casual FX","Hit / Impact","Hit/Impact","","HCFX_Hit_06","Assets/ThirdParty/VFX_Klaus/Prefabs/Hyper Casual FX/HCFX_Hit_06.prefab","5","5","5","0","0","0","0","0","0","0","0","2","0","0","0","ParticleSystem:5; ParticleSystemRenderer:5; GameObject:5; Transform:5","Assets/ThirdParty/VFX_Klaus/Materials/Mat_fx_HCFX_set_apb.mat; Assets/ThirdParty/VFX_Klaus/Meshes/Fbx_fx_Round_01.FBX; Assets/ThirdParty/VFX_Klaus/Materials/Mat_fx_HCFX_set_add.mat","General hit feedback; recolor or swap material for different damage elements."
"VFX_Klaus","Hyper Casual FX","Hit / Impact","Hit/Impact","","HCFX_Hit_07","Assets/ThirdParty/VFX_Klaus/Prefabs/Hyper Casual FX/HCFX_Hit_07.prefab","3","3","3","0","0","0","0","0","0","0","0","1","0","0","0","ParticleSystem:3; ParticleSystemRenderer:3; GameObject:3; Transform:3","Assets/ThirdParty/VFX_Klaus/Materials/Mat_fx_HCFX_set_apb.mat; Assets/ThirdParty/VFX_Klaus/Meshes/Fbx_fx_Round_01.FBX","General hit feedback; recolor or swap material for different damage elements."
"VFX_Klaus","Hyper Casual FX","Hit / Impact","Hit/Impact","","HCFX_Hit_08","Assets/ThirdParty/VFX_Klaus/Prefabs/Hyper Casual FX/HCFX_Hit_08.prefab","4","4","4","0","0","0","0","0","0","0","0","2","0","0","0","ParticleSystem:4; ParticleSystemRenderer:4; GameObject:4; Transform:4","Assets/ThirdParty/VFX_Klaus/Materials/Mat_fx_HCFX_set_add.mat; Assets/ThirdParty/VFX_Klaus/Materials/Mat_fx_HCFX_set_apb.mat","General hit feedback; recolor or swap material for different damage elements."
"VFX_Klaus","Hyper Casual FX","Hit / Impact","Hit/Impact","","HCFX_Hit_09","Assets/ThirdParty/VFX_Klaus/Prefabs/Hyper Casual FX/HCFX_Hit_09.prefab","5","5","5","0","0","0","0","0","0","0","0","2","0","0","0","ParticleSystem:5; ParticleSystemRenderer:5; GameObject:5; Transform:5","Assets/ThirdParty/VFX_Klaus/Materials/Mat_fx_HCFX_set_apb.mat; Assets/ThirdParty/VFX_Klaus/Meshes/Fbx_fx_Round_01.FBX; Assets/ThirdParty/VFX_Klaus/Materials/Mat_fx_HCFX_set_add.mat","General hit feedback; recolor or swap material for different damage elements."
"VFX_Klaus","Hyper Casual FX","Hit / Impact","Hit/Impact","","HCFX_Hit_10","Assets/ThirdParty/VFX_Klaus/Prefabs/Hyper Casual FX/HCFX_Hit_10.prefab","2","2","2","0","0","0","0","0","0","0","0","1","0","0","0","ParticleSystem:2; ParticleSystemRenderer:2; GameObject:2; Transform:2","Assets/ThirdParty/VFX_Klaus/Materials/Mat_fx_HCFX_set_apb.mat","General hit feedback; recolor or swap material for different damage elements."
"VFX_Klaus","Hyper Casual FX","Hit / Impact","Hit/Impact","","HCFX_Hit_11","Assets/ThirdParty/VFX_Klaus/Prefabs/Hyper Casual FX/HCFX_Hit_11.prefab","3","3","3","0","0","0","0","0","0","0","0","1","0","0","0","ParticleSystem:3; ParticleSystemRenderer:3; GameObject:3; Transform:3","Assets/ThirdParty/VFX_Klaus/Materials/Mat_fx_HCFX_set_apb.mat; Assets/ThirdParty/VFX_Klaus/Meshes/Fbx_fx_Round_01.FBX","General hit feedback; recolor or swap material for different damage elements."
"VFX_Klaus","Hyper Casual FX","Magic / Energy","Magic/Energy","","HCFX_Buff_Down","Assets/ThirdParty/VFX_Klaus/Prefabs/Hyper Casual FX/HCFX_Buff_Down.prefab","7","7","7","0","0","0","0","0","0","0","0","2","0","0","0","ParticleSystem:7; ParticleSystemRenderer:7; GameObject:7; Transform:7","Assets/ThirdParty/VFX_Klaus/Materials/Mat_fx_HCFX_set_apb.mat; Assets/ThirdParty/VFX_Klaus/Materials/Mat_fx_HCFX_set_add.mat; Assets/ThirdParty/VFX_Klaus/Meshes/fbx_fx_circle_01.FBX","Charging, magic circles, pickup shine, or status loops; loop effects need lifetime control."
"VFX_Klaus","Hyper Casual FX","Magic / Energy","Magic/Energy","","HCFX_Buff_Up","Assets/ThirdParty/VFX_Klaus/Prefabs/Hyper Casual FX/HCFX_Buff_Up.prefab","7","7","7","0","0","0","0","0","0","0","0","2","0","0","0","ParticleSystem:7; ParticleSystemRenderer:7; GameObject:7; Transform:7","Assets/ThirdParty/VFX_Klaus/Materials/Mat_fx_HCFX_set_add.mat; Assets/ThirdParty/VFX_Klaus/Meshes/fbx_fx_cylinder_03.FBX; Assets/ThirdParty/VFX_Klaus/Materials/Mat_fx_HCFX_set_apb.mat; Assets/ThirdParty/VFX_Klaus/Meshes/fbx_fx_circle_01.FBX","Charging, magic circles, pickup shine, or status loops; loop effects need lifetime control."
"VFX_Klaus","Hyper Casual FX","Magic / Energy","Magic/Energy","","HCFX_ElementOrb_01","Assets/ThirdParty/VFX_Klaus/Prefabs/Hyper Casual FX/HCFX_ElementOrb_01.prefab","3","3","3","0","0","0","0","0","0","0","0","1","0","0","0","ParticleSystem:3; ParticleSystemRenderer:3; GameObject:3; Transform:3","Assets/ThirdParty/VFX_Klaus/Materials/Mat_fx_HCFX_set_apb.mat; Assets/ThirdParty/VFX_Klaus/Meshes/Fbx_fx_Round_01.FBX","Charging, magic circles, pickup shine, or status loops; loop effects need lifetime control."
"VFX_Klaus","Hyper Casual FX","Magic / Energy","Magic/Energy","","HCFX_ElementOrb_02","Assets/ThirdParty/VFX_Klaus/Prefabs/Hyper Casual FX/HCFX_ElementOrb_02.prefab","1","1","1","0","0","0","0","0","0","0","1","1","0","0","1","ParticleSystemRenderer:1; PrefabInstance:1; ParticleSystem:1; GameObject:1; Transform:1","Assets/ThirdParty/VFX_Klaus/Materials/Mat_fx_HCFX_set_apb.mat; Assets/ThirdParty/VFX_Klaus/Meshes/Fbx_fx_Round_01.FBX; Assets/ThirdParty/VFX_Klaus/Prefabs/Hyper Casual FX/HCFX_ElementOrb_01.prefab","Charging, magic circles, pickup shine, or status loops; loop effects need lifetime control."
"VFX_Klaus","Hyper Casual FX","Magic / Energy","Magic/Energy","","HCFX_ElementOrb_03","Assets/ThirdParty/VFX_Klaus/Prefabs/Hyper Casual FX/HCFX_ElementOrb_03.prefab","4","4","4","0","0","0","0","0","0","0","0","1","0","0","0","ParticleSystem:4; ParticleSystemRenderer:4; GameObject:4; Transform:4","Assets/ThirdParty/VFX_Klaus/Materials/Mat_fx_HCFX_set_add.mat","Charging, magic circles, pickup shine, or status loops; loop effects need lifetime control."
"VFX_Klaus","Hyper Casual FX","Magic / Energy","Magic/Energy","","HCFX_ElementOrb_04","Assets/ThirdParty/VFX_Klaus/Prefabs/Hyper Casual FX/HCFX_ElementOrb_04.prefab","4","4","4","0","0","0","0","0","0","0","0","2","0","0","0","ParticleSystem:4; ParticleSystemRenderer:4; GameObject:4; Transform:4","Assets/ThirdParty/VFX_Klaus/Materials/Mat_fx_HCFX_set_add.mat; Assets/ThirdParty/VFX_Klaus/Materials/Mat_fx_HCFX_set_apb.mat; Assets/ThirdParty/VFX_Klaus/Meshes/Fbx_fx_Round_01.FBX","Charging, magic circles, pickup shine, or status loops; loop effects need lifetime control."
"VFX_Klaus","Hyper Casual FX","Magic / Energy","Magic/Energy","","HCFX_Energy_01","Assets/ThirdParty/VFX_Klaus/Prefabs/Hyper Casual FX/HCFX_Energy_01.prefab","6","6","6","0","0","0","0","0","0","0","0","2","0","0","0","ParticleSystem:6; ParticleSystemRenderer:6; GameObject:6; Transform:6","Assets/ThirdParty/VFX_Klaus/Materials/Mat_fx_HCFX_set_apb.mat; Assets/ThirdParty/VFX_Klaus/Materials/Mat_fx_HCFX_set_add.mat; Assets/ThirdParty/VFX_Klaus/Meshes/Fbx_fx_Round_01.FBX","Charging, magic circles, pickup shine, or status loops; loop effects need lifetime control."
"VFX_Klaus","Hyper Casual FX","Magic / Energy","Magic/Energy","","HCFX_Energy_02","Assets/ThirdParty/VFX_Klaus/Prefabs/Hyper Casual FX/HCFX_Energy_02.prefab","6","6","6","0","0","0","0","0","0","0","0","2","0","0","0","ParticleSystem:6; ParticleSystemRenderer:6; GameObject:6; Transform:6","Assets/ThirdParty/VFX_Klaus/Materials/Mat_fx_HCFX_set_apb.mat; Assets/ThirdParty/VFX_Klaus/Meshes/Fbx_fx_Round_01.FBX; Assets/ThirdParty/VFX_Klaus/Meshes/Fbx_fx_Round_02.FBX; Assets/ThirdParty/VFX_Klaus/Materials/Mat_fx_HCFX_set_add.mat","Charging, magic circles, pickup shine, or status loops; loop effects need lifetime control."
"VFX_Klaus","Hyper Casual FX","Magic / Energy","Magic/Energy","","HCFX_Energy_03","Assets/ThirdParty/VFX_Klaus/Prefabs/Hyper Casual FX/HCFX_Energy_03.prefab","6","6","6","0","0","0","0","0","0","0","0","2","0","0","0","ParticleSystem:6; ParticleSystemRenderer:6; GameObject:6; Transform:6","Assets/ThirdParty/VFX_Klaus/Materials/Mat_fx_HCFX_set_add.mat; Assets/ThirdParty/VFX_Klaus/Materials/Mat_fx_HCFX_set_apb.mat; Assets/ThirdParty/VFX_Klaus/Meshes/Fbx_fx_Round_01.FBX; Assets/ThirdParty/VFX_Klaus/Meshes/fbx_fx_circle_01.FBX","Charging, magic circles, pickup shine, or status loops; loop effects need lifetime control."
"VFX_Klaus","Hyper Casual FX","Magic / Energy","Magic/Energy","","HCFX_Energy_04","Assets/ThirdParty/VFX_Klaus/Prefabs/Hyper Casual FX/HCFX_Energy_04.prefab","6","6","6","0","0","0","0","0","0","0","0","2","0","0","0","ParticleSystem:6; ParticleSystemRenderer:6; GameObject:6; Transform:6","Assets/ThirdParty/VFX_Klaus/Materials/Mat_fx_HCFX_set_add.mat; Assets/ThirdParty/VFX_Klaus/Materials/Mat_fx_HCFX_set_apb.mat; Assets/ThirdParty/VFX_Klaus/Meshes/Fbx_fx_Round_01.FBX; Assets/ThirdParty/VFX_Klaus/Meshes/Fbx_fx_Round_02.FBX; Assets/ThirdParty/VFX_Klaus/Meshes/fbx_fx_circle_01.FBX","Charging, magic circles, pickup shine, or status loops; loop effects need lifetime control."
"VFX_Klaus","Hyper Casual FX","Magic / Energy","Magic/Energy","","HCFX_Energy_05","Assets/ThirdParty/VFX_Klaus/Prefabs/Hyper Casual FX/HCFX_Energy_05.prefab","6","6","6","0","0","0","0","0","0","0","0","2","0","0","0","ParticleSystem:6; ParticleSystemRenderer:6; GameObject:6; Transform:6","Assets/ThirdParty/VFX_Klaus/Materials/Mat_fx_HCFX_set_apb.mat; Assets/ThirdParty/VFX_Klaus/Materials/Mat_fx_HCFX_set_add.mat; Assets/ThirdParty/VFX_Klaus/Meshes/Fbx_fx_Round_01.FBX","Charging, magic circles, pickup shine, or status loops; loop effects need lifetime control."
"VFX_Klaus","Hyper Casual FX","Magic / Energy","Magic/Energy","","HCFX_Energy_06","Assets/ThirdParty/VFX_Klaus/Prefabs/Hyper Casual FX/HCFX_Energy_06.prefab","8","8","8","0","0","0","0","0","0","0","0","2","0","0","0","ParticleSystem:8; ParticleSystemRenderer:8; GameObject:8; Transform:8","Assets/ThirdParty/VFX_Klaus/Materials/Mat_fx_HCFX_set_apb.mat; Assets/ThirdParty/VFX_Klaus/Materials/Mat_fx_HCFX_set_add.mat; Assets/ThirdParty/VFX_Klaus/Meshes/fbx_fx_half_sphere.FBX; Assets/ThirdParty/VFX_Klaus/Meshes/Fbx_fx_Round_01.FBX","Charging, magic circles, pickup shine, or status loops; loop effects need lifetime control."
"VFX_Klaus","Hyper Casual FX","Magic / Energy","Magic/Energy","","HCFX_Energy_07","Assets/ThirdParty/VFX_Klaus/Prefabs/Hyper Casual FX/HCFX_Energy_07.prefab","7","7","7","0","0","0","0","0","0","0","0","1","0","0","0","ParticleSystem:7; ParticleSystemRenderer:7; GameObject:7; Transform:7","Assets/ThirdParty/VFX_Klaus/Materials/Mat_fx_HCFX_set_apb.mat; Assets/ThirdParty/VFX_Klaus/Meshes/fbx_fx_circle_01.FBX; Assets/ThirdParty/VFX_Klaus/Meshes/Fbx_fx_Round_01.FBX","Charging, magic circles, pickup shine, or status loops; loop effects need lifetime control."
"VFX_Klaus","Hyper Casual FX","Magic / Energy","Magic/Energy","","HCFX_Energy_08","Assets/ThirdParty/VFX_Klaus/Prefabs/Hyper Casual FX/HCFX_Energy_08.prefab","5","5","5","0","0","0","0","0","0","0","0","2","0","0","0","ParticleSystem:5; ParticleSystemRenderer:5; GameObject:5; Transform:5","Assets/ThirdParty/VFX_Klaus/Materials/Mat_fx_HCFX_set_apb.mat; Assets/ThirdParty/VFX_Klaus/Meshes/fbx_fx_circle_01.FBX; Assets/ThirdParty/VFX_Klaus/Materials/Mat_fx_HCFX_set_add.mat; Assets/ThirdParty/VFX_Klaus/Meshes/fbx_fx_cylinder_03.FBX","Charging, magic circles, pickup shine, or status loops; loop effects need lifetime control."
"VFX_Klaus","Hyper Casual FX","Magic / Energy","Magic/Energy","Ground/Area","HCFX_MagicCircle_01","Assets/ThirdParty/VFX_Klaus/Prefabs/Hyper Casual FX/HCFX_MagicCircle_01.prefab","10","10","10","0","0","0","0","0","0","0","0","2","0","0","0","ParticleSystem:10; ParticleSystemRenderer:10; GameObject:10; Transform:10","Assets/ThirdParty/VFX_Klaus/Materials/Mat_fx_HCFX_set_apb.mat; Assets/ThirdParty/VFX_Klaus/Materials/Mat_fx_HCFX_set_add.mat; Assets/ThirdParty/VFX_Klaus/Meshes/Fbx_fx_Round_01.FBX","Charging, magic circles, pickup shine, or status loops; loop effects need lifetime control."
"VFX_Klaus","Hyper Casual FX","Magic / Energy","Magic/Energy","Ground/Area","HCFX_MagicCircle_02","Assets/ThirdParty/VFX_Klaus/Prefabs/Hyper Casual FX/HCFX_MagicCircle_02.prefab","10","10","10","0","0","0","0","0","0","0","0","2","0","0","0","ParticleSystem:10; ParticleSystemRenderer:10; GameObject:10; Transform:10","Assets/ThirdParty/VFX_Klaus/Materials/Mat_fx_HCFX_set_add.mat; Assets/ThirdParty/VFX_Klaus/Materials/Mat_fx_HCFX_set_apb.mat; Assets/ThirdParty/VFX_Klaus/Meshes/Fbx_fx_Round_01.FBX","Charging, magic circles, pickup shine, or status loops; loop effects need lifetime control."
"VFX_Klaus","Hyper Casual FX","Magic / Energy","Magic/Energy","Ground/Area","HCFX_MagicCircle_03","Assets/ThirdParty/VFX_Klaus/Prefabs/Hyper Casual FX/HCFX_MagicCircle_03.prefab","9","9","9","0","0","0","0","0","0","0","0","2","0","0","0","ParticleSystem:9; ParticleSystemRenderer:9; GameObject:9; Transform:9","Assets/ThirdParty/VFX_Klaus/Materials/Mat_fx_HCFX_set_add.mat; Assets/ThirdParty/VFX_Klaus/Materials/Mat_fx_HCFX_set_apb.mat; Assets/ThirdParty/VFX_Klaus/Meshes/Fbx_fx_Round_01.FBX; Assets/ThirdParty/VFX_Klaus/Meshes/Fbx_fx_Round_02.FBX","Charging, magic circles, pickup shine, or status loops; loop effects need lifetime control."
"VFX_Klaus","Hyper Casual FX","Magic / Energy","Magic/Energy","Ground/Area","HCFX_MagicCircle_04","Assets/ThirdParty/VFX_Klaus/Prefabs/Hyper Casual FX/HCFX_MagicCircle_04.prefab","11","11","11","0","0","0","0","0","0","0","0","2","0","0","0","ParticleSystem:11; ParticleSystemRenderer:11; GameObject:11; Transform:11","Assets/ThirdParty/VFX_Klaus/Materials/Mat_fx_HCFX_set_add.mat; Assets/ThirdParty/VFX_Klaus/Materials/Mat_fx_HCFX_set_apb.mat; Assets/ThirdParty/VFX_Klaus/Meshes/Fbx_fx_Round_01.FBX","Charging, magic circles, pickup shine, or status loops; loop effects need lifetime control."
"VFX_Klaus","Hyper Casual FX","Magic / Energy","Magic/Energy","","HCFX_Portal_01","Assets/ThirdParty/VFX_Klaus/Prefabs/Hyper Casual FX/HCFX_Portal_01.prefab","5","5","5","0","0","0","0","0","0","0","0","2","0","0","0","ParticleSystem:5; ParticleSystemRenderer:5; GameObject:5; Transform:5","Assets/ThirdParty/VFX_Klaus/Materials/Mat_fx_HCFX_set_apb.mat; Assets/ThirdParty/VFX_Klaus/Materials/Mat_fx_HCFX_set_add.mat; Assets/ThirdParty/VFX_Klaus/Meshes/fbx_fx_cylinder_03.FBX","Charging, magic circles, pickup shine, or status loops; loop effects need lifetime control."
"VFX_Klaus","Hyper Casual FX","Magic / Energy","Magic/Energy","","HCFX_Portal_02","Assets/ThirdParty/VFX_Klaus/Prefabs/Hyper Casual FX/HCFX_Portal_02.prefab","5","5","5","0","0","0","0","0","0","0","0","2","0","0","0","ParticleSystem:5; ParticleSystemRenderer:5; GameObject:5; Transform:5","Assets/ThirdParty/VFX_Klaus/Materials/Mat_fx_HCFX_set_apb.mat; Assets/ThirdParty/VFX_Klaus/Meshes/Fbx_fx_Round_01.FBX; Assets/ThirdParty/VFX_Klaus/Materials/Mat_fx_HCFX_set_add.mat","Charging, magic circles, pickup shine, or status loops; loop effects need lifetime control."
"VFX_Klaus","Hyper Casual FX","Magic / Energy","Magic/Energy","","HCFX_Shine_01","Assets/ThirdParty/VFX_Klaus/Prefabs/Hyper Casual FX/HCFX_Shine_01.prefab","3","3","3","0","0","0","0","0","0","0","0","2","0","0","0","ParticleSystem:3; ParticleSystemRenderer:3; GameObject:3; Transform:3","Assets/ThirdParty/VFX_Klaus/Materials/Mat_fx_HCFX_set_add.mat; Assets/ThirdParty/VFX_Klaus/Materials/Mat_fx_HCFX_set_apb.mat","Charging, magic circles, pickup shine, or status loops; loop effects need lifetime control."
"VFX_Klaus","Hyper Casual FX","Magic / Energy","Magic/Energy","","HCFX_Shine_02","Assets/ThirdParty/VFX_Klaus/Prefabs/Hyper Casual FX/HCFX_Shine_02.prefab","0","0","0","0","0","0","0","0","0","0","1","0","0","0","1","PrefabInstance:1","Assets/ThirdParty/VFX_Klaus/Prefabs/Hyper Casual FX/HCFX_Shine_01.prefab","Charging, magic circles, pickup shine, or status loops; loop effects need lifetime control."
"VFX_Klaus","Hyper Casual FX","Magic / Energy","Magic/Energy","","HCFX_Shine_03","Assets/ThirdParty/VFX_Klaus/Prefabs/Hyper Casual FX/HCFX_Shine_03.prefab","0","0","0","0","0","0","0","0","0","0","1","0","0","0","1","PrefabInstance:1","Assets/ThirdParty/VFX_Klaus/Prefabs/Hyper Casual FX/HCFX_Shine_01.prefab","Charging, magic circles, pickup shine, or status loops; loop effects need lifetime control."
"VFX_Klaus","Hyper Casual FX","Magic / Energy","Magic/Energy","","HCFX_Shine_04","Assets/ThirdParty/VFX_Klaus/Prefabs/Hyper Casual FX/HCFX_Shine_04.prefab","0","0","0","0","0","0","0","0","0","0","1","0","0","0","1","PrefabInstance:1","Assets/ThirdParty/VFX_Klaus/Prefabs/Hyper Casual FX/HCFX_Shine_01.prefab","Charging, magic circles, pickup shine, or status loops; loop effects need lifetime control."
"VFX_Klaus","Hyper Casual FX","Magic / Energy","Magic/Energy","","HCFX_Shine_05","Assets/ThirdParty/VFX_Klaus/Prefabs/Hyper Casual FX/HCFX_Shine_05.prefab","0","0","0","0","0","0","0","0","0","0","1","0","0","0","1","PrefabInstance:1","Assets/ThirdParty/VFX_Klaus/Prefabs/Hyper Casual FX/HCFX_Shine_01.prefab","Charging, magic circles, pickup shine, or status loops; loop effects need lifetime control."
"VFX_Klaus","Hyper Casual FX","Magic / Energy","Magic/Energy","","HCFX_Shine_06","Assets/ThirdParty/VFX_Klaus/Prefabs/Hyper Casual FX/HCFX_Shine_06.prefab","8","8","8","0","0","0","0","0","0","0","0","2","0","0","0","ParticleSystem:8; ParticleSystemRenderer:8; GameObject:8; Transform:8","Assets/ThirdParty/VFX_Klaus/Materials/Mat_fx_HCFX_set_add.mat; Assets/ThirdParty/VFX_Klaus/Materials/Mat_fx_HCFX_set_apb.mat","Charging, magic circles, pickup shine, or status loops; loop effects need lifetime control."
"VFX_Klaus","Hyper Casual FX","Magic / Energy","Magic/Energy","","HCFX_Shine_07","Assets/ThirdParty/VFX_Klaus/Prefabs/Hyper Casual FX/HCFX_Shine_07.prefab","5","5","5","0","0","0","0","0","0","0","0","2","0","0","0","ParticleSystem:5; ParticleSystemRenderer:5; GameObject:5; Transform:5","Assets/ThirdParty/VFX_Klaus/Materials/Mat_fx_HCFX_set_add.mat; Assets/ThirdParty/VFX_Klaus/Materials/Mat_fx_HCFX_set_apb.mat; Assets/ThirdParty/VFX_Klaus/Meshes/Fbx_fx_Round_01.FBX","Charging, magic circles, pickup shine, or status loops; loop effects need lifetime control."
"VFX_Klaus","Hyper Casual FX","Utility/Resource","","","HCFX_Candy","Assets/ThirdParty/VFX_Klaus/Prefabs/Hyper Casual FX/HCFX_Candy.prefab","7","7","7","0","0","0","0","0","0","0","0","2","0","0","0","ParticleSystem:7; ParticleSystemRenderer:7; GameObject:7; Transform:7","Assets/ThirdParty/VFX_Klaus/Materials/Mat_fx_HCFX_set_apb.mat; Assets/ThirdParty/VFX_Klaus/Materials/Mat_fx_HCFX_set_add.mat","Reusable resource component for materials, textures, shaders, data, prefabs, or new VFX assemblies."
"VFX_Klaus","Hyper Casual FX","Utility/Resource","","","HCFX_Charging_01_Step1","Assets/ThirdParty/VFX_Klaus/Prefabs/Hyper Casual FX/HCFX_Charging_01_Step1.prefab","5","5","5","0","0","0","0","0","0","0","0","2","0","0","0","ParticleSystem:5; ParticleSystemRenderer:5; GameObject:5; Transform:5","Assets/ThirdParty/VFX_Klaus/Materials/Mat_fx_HCFX_set_add.mat; Assets/ThirdParty/VFX_Klaus/Materials/Mat_fx_HCFX_set_apb.mat; Assets/ThirdParty/VFX_Klaus/Meshes/Fbx_fx_Round_01.FBX","Reusable resource component for materials, textures, shaders, data, prefabs, or new VFX assemblies."
"VFX_Klaus","Hyper Casual FX","Utility/Resource","","","HCFX_Charging_01_Step1_End","Assets/ThirdParty/VFX_Klaus/Prefabs/Hyper Casual FX/HCFX_Charging_01_Step1_End.prefab","0","0","0","0","0","0","0","0","0","0","1","0","0","0","1","PrefabInstance:1","Assets/ThirdParty/VFX_Klaus/Prefabs/Hyper Casual FX/HCFX_Charging_01_Step1.prefab","Reusable resource component for materials, textures, shaders, data, prefabs, or new VFX assemblies."
"VFX_Klaus","Hyper Casual FX","Utility/Resource","","","HCFX_Charging_01_Step2","Assets/ThirdParty/VFX_Klaus/Prefabs/Hyper Casual FX/HCFX_Charging_01_Step2.prefab","5","5","5","0","0","0","0","0","0","0","0","2","0","0","0","ParticleSystem:5; ParticleSystemRenderer:5; GameObject:5; Transform:5","Assets/ThirdParty/VFX_Klaus/Materials/Mat_fx_HCFX_set_apb.mat; Assets/ThirdParty/VFX_Klaus/Materials/Mat_fx_HCFX_set_add.mat; Assets/ThirdParty/VFX_Klaus/Meshes/Fbx_fx_Round_01.FBX","Reusable resource component for materials, textures, shaders, data, prefabs, or new VFX assemblies."
"VFX_Klaus","Hyper Casual FX","Utility/Resource","","","HCFX_Charging_01_Step2_End","Assets/ThirdParty/VFX_Klaus/Prefabs/Hyper Casual FX/HCFX_Charging_01_Step2_End.prefab","0","0","0","0","0","0","0","0","0","0","1","0","0","0","1","PrefabInstance:1","Assets/ThirdParty/VFX_Klaus/Prefabs/Hyper Casual FX/HCFX_Charging_01_Step2.prefab","Reusable resource component for materials, textures, shaders, data, prefabs, or new VFX assemblies."
"VFX_Klaus","Hyper Casual FX","Utility/Resource","","","HCFX_Charging_01_Step3","Assets/ThirdParty/VFX_Klaus/Prefabs/Hyper Casual FX/HCFX_Charging_01_Step3.prefab","7","7","7","0","0","0","0","0","0","0","0","2","0","0","0","ParticleSystem:7; ParticleSystemRenderer:7; GameObject:7; Transform:7","Assets/ThirdParty/VFX_Klaus/Materials/Mat_fx_HCFX_set_add.mat; Assets/ThirdParty/VFX_Klaus/Materials/Mat_fx_HCFX_set_apb.mat; Assets/ThirdParty/VFX_Klaus/Meshes/Fbx_fx_Round_01.FBX","Reusable resource component for materials, textures, shaders, data, prefabs, or new VFX assemblies."
"VFX_Klaus","Hyper Casual FX","Utility/Resource","","","HCFX_Charging_01_Step3_End","Assets/ThirdParty/VFX_Klaus/Prefabs/Hyper Casual FX/HCFX_Charging_01_Step3_End.prefab","1","1","1","0","0","0","0","0","0","0","1","1","0","0","1","ParticleSystemRenderer:1; PrefabInstance:1; ParticleSystem:1; GameObject:1; Transform:1","Assets/ThirdParty/VFX_Klaus/Materials/Mat_fx_HCFX_set_apb.mat; Assets/ThirdParty/VFX_Klaus/Meshes/Fbx_fx_Round_01.FBX; Assets/ThirdParty/VFX_Klaus/Prefabs/Hyper Casual FX/HCFX_Charging_01_Step3.prefab","Reusable resource component for materials, textures, shaders, data, prefabs, or new VFX assemblies."
"VFX_Klaus","Hyper Casual FX","Utility/Resource","","","HCFX_Charging_02_Step1","Assets/ThirdParty/VFX_Klaus/Prefabs/Hyper Casual FX/HCFX_Charging_02_Step1.prefab","5","5","5","0","0","0","0","0","0","0","0","2","0","0","0","ParticleSystem:5; ParticleSystemRenderer:5; GameObject:5; Transform:5","Assets/ThirdParty/VFX_Klaus/Materials/Mat_fx_HCFX_set_add.mat; Assets/ThirdParty/VFX_Klaus/Materials/Mat_fx_HCFX_set_apb.mat; Assets/ThirdParty/VFX_Klaus/Meshes/Fbx_fx_Round_01.FBX","Reusable resource component for materials, textures, shaders, data, prefabs, or new VFX assemblies."
"VFX_Klaus","Hyper Casual FX","Utility/Resource","","","HCFX_Charging_02_Step2","Assets/ThirdParty/VFX_Klaus/Prefabs/Hyper Casual FX/HCFX_Charging_02_Step2.prefab","5","5","5","0","0","0","0","0","0","0","0","2","0","0","0","ParticleSystem:5; ParticleSystemRenderer:5; GameObject:5; Transform:5","Assets/ThirdParty/VFX_Klaus/Materials/Mat_fx_HCFX_set_apb.mat; Assets/ThirdParty/VFX_Klaus/Meshes/Fbx_fx_Round_01.FBX; Assets/ThirdParty/VFX_Klaus/Materials/Mat_fx_HCFX_set_add.mat","Reusable resource component for materials, textures, shaders, data, prefabs, or new VFX assemblies."
"VFX_Klaus","Hyper Casual FX","Utility/Resource","","","HCFX_Charging_02_Step3","Assets/ThirdParty/VFX_Klaus/Prefabs/Hyper Casual FX/HCFX_Charging_02_Step3.prefab","7","7","7","0","0","0","0","0","0","0","0","2","0","0","0","ParticleSystem:7; ParticleSystemRenderer:7; GameObject:7; Transform:7","Assets/ThirdParty/VFX_Klaus/Materials/Mat_fx_HCFX_set_apb.mat; Assets/ThirdParty/VFX_Klaus/Meshes/Fbx_fx_Round_01.FBX; Assets/ThirdParty/VFX_Klaus/Materials/Mat_fx_HCFX_set_add.mat","Reusable resource component for materials, textures, shaders, data, prefabs, or new VFX assemblies."
"VFX_Klaus","Hyper Casual FX","Utility/Resource","","","HCFX_Conffeti","Assets/ThirdParty/VFX_Klaus/Prefabs/Hyper Casual FX/HCFX_Conffeti.prefab","0","0","0","0","0","0","0","0","0","0","1","0","0","0","1","PrefabInstance:1","Assets/ThirdParty/VFX_Klaus/Prefabs/Hyper Casual FX/HCFX_Conffeti_Air.prefab","Reusable resource component for materials, textures, shaders, data, prefabs, or new VFX assemblies."
"VFX_Klaus","Hyper Casual FX","Utility/Resource","","","HCFX_Conffeti_Air","Assets/ThirdParty/VFX_Klaus/Prefabs/Hyper Casual FX/HCFX_Conffeti_Air.prefab","6","6","6","0","0","0","0","0","0","0","0","2","0","0","0","ParticleSystem:6; ParticleSystemRenderer:6; GameObject:6; Transform:6","Assets/ThirdParty/VFX_Klaus/Materials/Mat_fx_HCFX_set_add.mat; Assets/ThirdParty/VFX_Klaus/Materials/Mat_fx_HCFX_set_apb.mat","Reusable resource component for materials, textures, shaders, data, prefabs, or new VFX assemblies."
"VFX_Klaus","Hyper Casual FX","Utility/Resource","","","HCFX_Feathers","Assets/ThirdParty/VFX_Klaus/Prefabs/Hyper Casual FX/HCFX_Feathers.prefab","2","2","2","0","0","0","0","0","0","0","0","1","0","0","0","ParticleSystem:2; ParticleSystemRenderer:2; GameObject:2; Transform:2","Assets/ThirdParty/VFX_Klaus/Materials/Mat_fx_HCFX_set_apb.mat; Assets/ThirdParty/VFX_Klaus/Meshes/fbx_fx_cylinder_03.FBX","Reusable resource component for materials, textures, shaders, data, prefabs, or new VFX assemblies."
"VFX_Klaus","Hyper Casual FX","Utility/Resource","","","HCFX_Flash_01","Assets/ThirdParty/VFX_Klaus/Prefabs/Hyper Casual FX/HCFX_Flash_01.prefab","2","2","2","0","0","0","0","0","0","0","0","1","0","0","0","ParticleSystem:2; ParticleSystemRenderer:2; GameObject:2; Transform:2","Assets/ThirdParty/VFX_Klaus/Materials/Mat_fx_HCFX_set_add.mat","Reusable resource component for materials, textures, shaders, data, prefabs, or new VFX assemblies."
"VFX_Klaus","Hyper Casual FX","Utility/Resource","","","HCFX_Flash_02","Assets/ThirdParty/VFX_Klaus/Prefabs/Hyper Casual FX/HCFX_Flash_02.prefab","2","2","2","0","0","0","0","0","0","0","0","1","0","0","0","ParticleSystem:2; ParticleSystemRenderer:2; GameObject:2; Transform:2","Assets/ThirdParty/VFX_Klaus/Materials/Mat_fx_HCFX_set_add.mat","Reusable resource component for materials, textures, shaders, data, prefabs, or new VFX assemblies."
"VFX_Klaus","Hyper Casual FX","Utility/Resource","","","HCFX_Flash_03","Assets/ThirdParty/VFX_Klaus/Prefabs/Hyper Casual FX/HCFX_Flash_03.prefab","3","3","3","0","0","0","0","0","0","0","0","2","0","0","0","ParticleSystem:3; ParticleSystemRenderer:3; GameObject:3; Transform:3","Assets/ThirdParty/VFX_Klaus/Materials/Mat_fx_HCFX_set_add.mat; Assets/ThirdParty/VFX_Klaus/Materials/Mat_fx_HCFX_set_apb.mat","Reusable resource component for materials, textures, shaders, data, prefabs, or new VFX assemblies."
"VFX_Klaus","Hyper Casual FX","Utility/Resource","","","HCFX_Flash_04","Assets/ThirdParty/VFX_Klaus/Prefabs/Hyper Casual FX/HCFX_Flash_04.prefab","3","3","3","0","0","0","0","0","0","0","0","1","0","0","0","ParticleSystem:3; ParticleSystemRenderer:3; GameObject:3; Transform:3","Assets/ThirdParty/VFX_Klaus/Materials/Mat_fx_HCFX_set_add.mat","Reusable resource component for materials, textures, shaders, data, prefabs, or new VFX assemblies."
"VFX_Klaus","Hyper Casual FX","Utility/Resource","","","HCFX_Flash_05","Assets/ThirdParty/VFX_Klaus/Prefabs/Hyper Casual FX/HCFX_Flash_05.prefab","7","7","7","0","0","0","0","0","0","0","0","2","0","0","0","ParticleSystem:7; ParticleSystemRenderer:7; GameObject:7; Transform:7","Assets/ThirdParty/VFX_Klaus/Materials/Mat_fx_HCFX_set_add.mat; Assets/ThirdParty/VFX_Klaus/Materials/Mat_fx_HCFX_set_apb.mat","Reusable resource component for materials, textures, shaders, data, prefabs, or new VFX assemblies."
"VFX_Klaus","Hyper Casual FX","Utility/Resource","","","HCFX_Heart","Assets/ThirdParty/VFX_Klaus/Prefabs/Hyper Casual FX/HCFX_Heart.prefab","5","5","5","0","0","0","0","0","0","0","0","2","0","0","0","ParticleSystem:5; ParticleSystemRenderer:5; GameObject:5; Transform:5","Assets/ThirdParty/VFX_Klaus/Materials/Mat_fx_HCFX_set_apb.mat; Assets/ThirdParty/VFX_Klaus/Materials/Mat_fx_HCFX_set_add.mat; Assets/ThirdParty/VFX_Klaus/Meshes/fbx_fx_circle_01.FBX","Reusable resource component for materials, textures, shaders, data, prefabs, or new VFX assemblies."
"VFX_Klaus","Hyper Casual FX","Utility/Resource","","","HCFX_Heart_Air","Assets/ThirdParty/VFX_Klaus/Prefabs/Hyper Casual FX/HCFX_Heart_Air.prefab","0","0","0","0","0","0","0","0","0","0","1","0","0","0","1","PrefabInstance:1","Assets/ThirdParty/VFX_Klaus/Prefabs/Hyper Casual FX/HCFX_Heart.prefab","Reusable resource component for materials, textures, shaders, data, prefabs, or new VFX assemblies."
"VFX_Klaus","Hyper Casual FX","Utility/Resource","","","HCFX_Marble_01","Assets/ThirdParty/VFX_Klaus/Prefabs/Hyper Casual FX/HCFX_Marble_01.prefab","3","3","3","0","0","0","0","0","0","0","0","1","0","0","0","ParticleSystem:3; ParticleSystemRenderer:3; GameObject:3; Transform:3","Assets/ThirdParty/VFX_Klaus/Materials/Mat_fx_HCFX_set_apb.mat","Reusable resource component for materials, textures, shaders, data, prefabs, or new VFX assemblies."
"VFX_Klaus","Hyper Casual FX","Utility/Resource","","","HCFX_Marble_01_Get","Assets/ThirdParty/VFX_Klaus/Prefabs/Hyper Casual FX/HCFX_Marble_01_Get.prefab","5","5","5","0","0","0","0","0","0","0","0","2","0","0","0","ParticleSystem:5; ParticleSystemRenderer:5; GameObject:5; Transform:5","Assets/ThirdParty/VFX_Klaus/Materials/Mat_fx_HCFX_set_apb.mat; Assets/ThirdParty/VFX_Klaus/Materials/Mat_fx_HCFX_set_add.mat","Reusable resource component for materials, textures, shaders, data, prefabs, or new VFX assemblies."
"VFX_Klaus","Hyper Casual FX","Utility/Resource","","","HCFX_Marble_02","Assets/ThirdParty/VFX_Klaus/Prefabs/Hyper Casual FX/HCFX_Marble_02.prefab","0","0","0","0","0","0","0","0","0","0","1","0","0","0","1","PrefabInstance:1","Assets/ThirdParty/VFX_Klaus/Prefabs/Hyper Casual FX/HCFX_Marble_01.prefab","Reusable resource component for materials, textures, shaders, data, prefabs, or new VFX assemblies."
"VFX_Klaus","Hyper Casual FX","Utility/Resource","","","HCFX_Marble_02_Get","Assets/ThirdParty/VFX_Klaus/Prefabs/Hyper Casual FX/HCFX_Marble_02_Get.prefab","0","0","0","0","0","0","0","0","0","0","1","0","0","0","1","PrefabInstance:1","Assets/ThirdParty/VFX_Klaus/Prefabs/Hyper Casual FX/HCFX_Marble_01_Get.prefab","Reusable resource component for materials, textures, shaders, data, prefabs, or new VFX assemblies."
"VFX_Klaus","Hyper Casual FX","Utility/Resource","","","HCFX_Marble_03","Assets/ThirdParty/VFX_Klaus/Prefabs/Hyper Casual FX/HCFX_Marble_03.prefab","0","0","0","0","0","0","0","0","0","0","1","0","0","0","1","PrefabInstance:1","Assets/ThirdParty/VFX_Klaus/Prefabs/Hyper Casual FX/HCFX_Marble_01.prefab","Reusable resource component for materials, textures, shaders, data, prefabs, or new VFX assemblies."
"VFX_Klaus","Hyper Casual FX","Utility/Resource","","","HCFX_Marble_03_Get","Assets/ThirdParty/VFX_Klaus/Prefabs/Hyper Casual FX/HCFX_Marble_03_Get.prefab","0","0","0","0","0","0","0","0","0","0","1","0","0","0","1","PrefabInstance:1","Assets/ThirdParty/VFX_Klaus/Prefabs/Hyper Casual FX/HCFX_Marble_01_Get.prefab","Reusable resource component for materials, textures, shaders, data, prefabs, or new VFX assemblies."
"VFX_Klaus","Hyper Casual FX","Utility/Resource","","","HCFX_Marble_04","Assets/ThirdParty/VFX_Klaus/Prefabs/Hyper Casual FX/HCFX_Marble_04.prefab","0","0","0","0","0","0","0","0","0","0","1","0","0","0","1","PrefabInstance:1","Assets/ThirdParty/VFX_Klaus/Prefabs/Hyper Casual FX/HCFX_Marble_01.prefab","Reusable resource component for materials, textures, shaders, data, prefabs, or new VFX assemblies."
"VFX_Klaus","Hyper Casual FX","Utility/Resource","","","HCFX_Marble_04_Get","Assets/ThirdParty/VFX_Klaus/Prefabs/Hyper Casual FX/HCFX_Marble_04_Get.prefab","0","0","0","0","0","0","0","0","0","0","1","0","0","0","1","PrefabInstance:1","Assets/ThirdParty/VFX_Klaus/Prefabs/Hyper Casual FX/HCFX_Marble_01_Get.prefab","Reusable resource component for materials, textures, shaders, data, prefabs, or new VFX assemblies."
"VFX_Klaus","Hyper Casual FX","Utility/Resource","","","HCFX_Stun","Assets/ThirdParty/VFX_Klaus/Prefabs/Hyper Casual FX/HCFX_Stun.prefab","2","2","2","0","0","0","0","0","0","0","0","1","0","0","0","ParticleSystem:2; ParticleSystemRenderer:2; GameObject:2; Transform:2","Assets/ThirdParty/VFX_Klaus/Materials/Mat_fx_HCFX_set_add.mat","Reusable resource component for materials, textures, shaders, data, prefabs, or new VFX assemblies."
"VFX_Klaus","Stylized Element Splash Vol.1","Elemental Splash / Burst","Splash","","FX_splash_demon_air","Assets/ThirdParty/VFX_Klaus/Prefabs/Stylized_Element_Splash_vol.1/FX_splash_demon_air.prefab","6","6","6","0","0","0","0","0","0","0","0","1","0","0","0","ParticleSystem:6; ParticleSystemRenderer:6; GameObject:6; Transform:6","Assets/ThirdParty/VFX_Klaus/Materials/Mat_fx_elements_set_01_highlight_inner.mat; Assets/ThirdParty/VFX_Klaus/Meshes/fbx_fx_circle_03.FBX","Use for spell bursts and ground impacts; air variants attach to targets, floor variants sit on ground."
"VFX_Klaus","Stylized Element Splash Vol.1","Elemental Splash / Burst","Splash","Ground/Area","FX_splash_demon_floor","Assets/ThirdParty/VFX_Klaus/Prefabs/Stylized_Element_Splash_vol.1/FX_splash_demon_floor.prefab","8","8","8","0","0","0","0","0","0","0","0","1","0","0","0","ParticleSystem:8; ParticleSystemRenderer:8; GameObject:8; Transform:8","Assets/ThirdParty/VFX_Klaus/Materials/Mat_fx_elements_set_01_highlight_inner.mat; Assets/ThirdParty/VFX_Klaus/Meshes/fbx_fx_circle_03.FBX","Use for spell bursts and ground impacts; air variants attach to targets, floor variants sit on ground."
"VFX_Klaus","Stylized Element Splash Vol.1","Elemental Splash / Burst","Splash; Air/Dust/Fog","","FX_splash_dust_air","Assets/ThirdParty/VFX_Klaus/Prefabs/Stylized_Element_Splash_vol.1/FX_splash_dust_air.prefab","5","5","5","0","0","0","0","0","0","0","0","2","0","0","0","ParticleSystem:5; ParticleSystemRenderer:5; GameObject:5; Transform:5","Assets/ThirdParty/VFX_Klaus/Materials/Mat_fx_splash_set_highlight_inner.mat; Assets/ThirdParty/VFX_Klaus/Materials/Mat_fx_elements_set_01_highlight_inner.mat; Assets/ThirdParty/VFX_Klaus/Meshes/fbx_fx_circle_03.FBX","Use for spell bursts and ground impacts; air variants attach to targets, floor variants sit on ground."
"VFX_Klaus","Stylized Element Splash Vol.1","Elemental Splash / Burst","Splash; Air/Dust/Fog","Ground/Area","FX_splash_dust_floor","Assets/ThirdParty/VFX_Klaus/Prefabs/Stylized_Element_Splash_vol.1/FX_splash_dust_floor.prefab","6","6","6","0","0","0","0","0","0","0","0","2","0","0","0","ParticleSystem:6; ParticleSystemRenderer:6; GameObject:6; Transform:6","Assets/ThirdParty/VFX_Klaus/Materials/Mat_fx_elements_set_01_highlight_inner.mat; Assets/ThirdParty/VFX_Klaus/Materials/Mat_fx_splash_set_highlight_inner.mat; Assets/ThirdParty/VFX_Klaus/Meshes/fbx_fx_circle_03.FBX","Use for spell bursts and ground impacts; air variants attach to targets, floor variants sit on ground."
"VFX_Klaus","Stylized Element Splash Vol.1","Elemental Splash / Burst","Splash; Electric","","FX_splash_electric_air","Assets/ThirdParty/VFX_Klaus/Prefabs/Stylized_Element_Splash_vol.1/FX_splash_electric_air.prefab","8","8","8","0","0","0","0","0","0","0","0","2","0","0","0","ParticleSystem:8; ParticleSystemRenderer:8; GameObject:8; Transform:8","Assets/ThirdParty/VFX_Klaus/Materials/Mat_fx_elements_set_01_highlight_inner.mat; Assets/ThirdParty/VFX_Klaus/Meshes/fbx_fx_circle_01.FBX; Assets/ThirdParty/VFX_Klaus/Meshes/fbx_fx_half_sphere.FBX; Assets/ThirdParty/VFX_Klaus/Meshes/fbx_fx_circle_03.FBX; Assets/ThirdParty/VFX_Klaus/Materials/Mat_fx_splash_set_highlight_inner.mat","Use for spell bursts and ground impacts; air variants attach to targets, floor variants sit on ground."
"VFX_Klaus","Stylized Element Splash Vol.1","Elemental Splash / Burst","Splash; Electric","Ground/Area","FX_splash_electric_floor","Assets/ThirdParty/VFX_Klaus/Prefabs/Stylized_Element_Splash_vol.1/FX_splash_electric_floor.prefab","10","10","10","0","0","0","0","0","0","0","0","2","0","0","0","ParticleSystem:10; ParticleSystemRenderer:10; GameObject:10; Transform:10","Assets/ThirdParty/VFX_Klaus/Materials/Mat_fx_elements_set_01_highlight_inner.mat; Assets/ThirdParty/VFX_Klaus/Meshes/fbx_fx_half_sphere.FBX; Assets/ThirdParty/VFX_Klaus/Materials/Mat_fx_splash_set_highlight_inner.mat; Assets/ThirdParty/VFX_Klaus/Meshes/fbx_fx_circle_03.FBX; Assets/ThirdParty/VFX_Klaus/Meshes/fbx_fx_circle_01.FBX","Use for spell bursts and ground impacts; air variants attach to targets, floor variants sit on ground."
"VFX_Klaus","Stylized Element Splash Vol.1","Elemental Splash / Burst","Splash; Magic/Energy","","FX_splash_energy_01_air","Assets/ThirdParty/VFX_Klaus/Prefabs/Stylized_Element_Splash_vol.1/FX_splash_energy_01_air.prefab","3","3","3","0","0","0","0","0","0","0","0","2","0","0","0","ParticleSystem:3; ParticleSystemRenderer:3; GameObject:3; Transform:3","Assets/ThirdParty/VFX_Klaus/Materials/Mat_fx_splash_set_highlight_inner.mat; Assets/ThirdParty/VFX_Klaus/Materials/Mat_fx_elements_set_01_highlight_inner.mat; Assets/ThirdParty/VFX_Klaus/Meshes/fbx_fx_circle_03.FBX","Use for spell bursts and ground impacts; air variants attach to targets, floor variants sit on ground."
"VFX_Klaus","Stylized Element Splash Vol.1","Elemental Splash / Burst","Splash; Magic/Energy","Ground/Area","FX_splash_energy_01_floor","Assets/ThirdParty/VFX_Klaus/Prefabs/Stylized_Element_Splash_vol.1/FX_splash_energy_01_floor.prefab","4","4","4","0","0","0","0","0","0","0","0","2","0","0","0","ParticleSystem:4; ParticleSystemRenderer:4; GameObject:4; Transform:4","Assets/ThirdParty/VFX_Klaus/Materials/Mat_fx_elements_set_01_highlight_inner.mat; Assets/ThirdParty/VFX_Klaus/Meshes/fbx_fx_circle_03.FBX; Assets/ThirdParty/VFX_Klaus/Materials/Mat_fx_splash_set_highlight_inner.mat","Use for spell bursts and ground impacts; air variants attach to targets, floor variants sit on ground."
"VFX_Klaus","Stylized Element Splash Vol.1","Elemental Splash / Burst","Splash; Magic/Energy","","FX_splash_energy_02_air","Assets/ThirdParty/VFX_Klaus/Prefabs/Stylized_Element_Splash_vol.1/FX_splash_energy_02_air.prefab","5","5","5","0","0","0","0","0","0","0","0","1","0","0","0","ParticleSystem:5; ParticleSystemRenderer:5; GameObject:5; Transform:5","Assets/ThirdParty/VFX_Klaus/Materials/Mat_fx_splash_set_highlight_outer.mat; Assets/ThirdParty/VFX_Klaus/Meshes/fbx_fx_circle_03.FBX","Use for spell bursts and ground impacts; air variants attach to targets, floor variants sit on ground."
"VFX_Klaus","Stylized Element Splash Vol.1","Elemental Splash / Burst","Splash; Magic/Energy","Ground/Area","FX_splash_energy_02_floor","Assets/ThirdParty/VFX_Klaus/Prefabs/Stylized_Element_Splash_vol.1/FX_splash_energy_02_floor.prefab","6","6","6","0","0","0","0","0","0","0","0","1","0","0","0","ParticleSystem:6; ParticleSystemRenderer:6; GameObject:6; Transform:6","Assets/ThirdParty/VFX_Klaus/Materials/Mat_fx_splash_set_highlight_outer.mat; Assets/ThirdParty/VFX_Klaus/Meshes/fbx_fx_circle_03.FBX","Use for spell bursts and ground impacts; air variants attach to targets, floor variants sit on ground."
"VFX_Klaus","Stylized Element Splash Vol.1","Elemental Splash / Burst","Splash; Explosion","","FX_splash_explosion_01_air","Assets/ThirdParty/VFX_Klaus/Prefabs/Stylized_Element_Splash_vol.1/FX_splash_explosion_01_air.prefab","6","6","6","0","0","0","0","0","0","0","0","2","0","0","0","ParticleSystem:6; ParticleSystemRenderer:6; GameObject:6; Transform:6","Assets/ThirdParty/VFX_Klaus/Materials/Mat_fx_elements_set_01_highlight_inner.mat; Assets/ThirdParty/VFX_Klaus/Meshes/fbx_fx_circle_03.FBX; Assets/ThirdParty/VFX_Klaus/Materials/Mat_fx_splash_set_highlight_inner.mat","Use for spell bursts and ground impacts; air variants attach to targets, floor variants sit on ground."
"VFX_Klaus","Stylized Element Splash Vol.1","Elemental Splash / Burst","Splash; Explosion","Ground/Area","FX_splash_explosion_01_floor","Assets/ThirdParty/VFX_Klaus/Prefabs/Stylized_Element_Splash_vol.1/FX_splash_explosion_01_floor.prefab","8","8","8","0","0","0","0","0","0","0","0","2","0","0","0","ParticleSystem:8; ParticleSystemRenderer:8; GameObject:8; Transform:8","Assets/ThirdParty/VFX_Klaus/Materials/Mat_fx_elements_set_01_highlight_inner.mat; Assets/ThirdParty/VFX_Klaus/Materials/Mat_fx_splash_set_highlight_inner.mat; Assets/ThirdParty/VFX_Klaus/Meshes/fbx_fx_circle_03.FBX","Use for spell bursts and ground impacts; air variants attach to targets, floor variants sit on ground."
"VFX_Klaus","Stylized Element Splash Vol.1","Elemental Splash / Burst","Splash; Explosion","","FX_splash_explosion_02_air","Assets/ThirdParty/VFX_Klaus/Prefabs/Stylized_Element_Splash_vol.1/FX_splash_explosion_02_air.prefab","6","6","6","0","0","0","0","0","0","0","0","2","0","0","0","ParticleSystem:6; ParticleSystemRenderer:6; GameObject:6; Transform:6","Assets/ThirdParty/VFX_Klaus/Materials/Mat_fx_splash_set_highlight_inner.mat; Assets/ThirdParty/VFX_Klaus/Materials/Mat_fx_elements_set_01_highlight_inner.mat","Use for spell bursts and ground impacts; air variants attach to targets, floor variants sit on ground."
"VFX_Klaus","Stylized Element Splash Vol.1","Elemental Splash / Burst","Splash; Explosion","Ground/Area","FX_splash_explosion_02_floor","Assets/ThirdParty/VFX_Klaus/Prefabs/Stylized_Element_Splash_vol.1/FX_splash_explosion_02_floor.prefab","9","9","9","0","0","0","0","0","0","0","0","2","0","0","0","ParticleSystem:9; ParticleSystemRenderer:9; GameObject:9; Transform:9","Assets/ThirdParty/VFX_Klaus/Materials/Mat_fx_elements_set_01_highlight_inner.mat; Assets/ThirdParty/VFX_Klaus/Materials/Mat_fx_splash_set_highlight_inner.mat","Use for spell bursts and ground impacts; air variants attach to targets, floor variants sit on ground."
"VFX_Klaus","Stylized Element Splash Vol.1","Elemental Splash / Burst","Splash","Ground/Area","FX_splash_force_01_floor","Assets/ThirdParty/VFX_Klaus/Prefabs/Stylized_Element_Splash_vol.1/FX_splash_force_01_floor.prefab","12","12","12","0","0","0","0","0","0","0","0","2","0","0","0","ParticleSystem:12; ParticleSystemRenderer:12; GameObject:12; Transform:12","Assets/ThirdParty/VFX_Klaus/Materials/Mat_fx_elements_set_01_highlight_inner.mat; Assets/ThirdParty/VFX_Klaus/Meshes/fbx_fx_circle_03.FBX; Assets/ThirdParty/VFX_Klaus/Meshes/fbx_fx_cylinder_02.FBX; Assets/ThirdParty/VFX_Klaus/Materials/Mat_fx_splash_set_highlight_inner.mat","Use for spell bursts and ground impacts; air variants attach to targets, floor variants sit on ground."
"VFX_Klaus","Stylized Element Splash Vol.1","Elemental Splash / Burst","Splash","","FX_splash_force_02_air","Assets/ThirdParty/VFX_Klaus/Prefabs/Stylized_Element_Splash_vol.1/FX_splash_force_02_air.prefab","11","11","11","0","0","0","0","0","0","0","0","2","0","0","0","ParticleSystem:11; ParticleSystemRenderer:11; GameObject:11; Transform:11","Assets/ThirdParty/VFX_Klaus/Materials/Mat_fx_elements_set_01_highlight_inner.mat; Assets/ThirdParty/VFX_Klaus/Materials/Mat_fx_splash_set_highlight_inner.mat; Assets/ThirdParty/VFX_Klaus/Meshes/fbx_fx_circle_03.FBX","Use for spell bursts and ground impacts; air variants attach to targets, floor variants sit on ground."
"VFX_Klaus","Stylized Element Splash Vol.1","Elemental Splash / Burst","Splash","Ground/Area","FX_splash_force_02_floor","Assets/ThirdParty/VFX_Klaus/Prefabs/Stylized_Element_Splash_vol.1/FX_splash_force_02_floor.prefab","12","12","12","0","0","0","0","0","0","0","0","2","0","0","0","ParticleSystem:12; ParticleSystemRenderer:12; GameObject:12; Transform:12","Assets/ThirdParty/VFX_Klaus/Materials/Mat_fx_elements_set_01_highlight_inner.mat; Assets/ThirdParty/VFX_Klaus/Materials/Mat_fx_splash_set_highlight_inner.mat; Assets/ThirdParty/VFX_Klaus/Meshes/fbx_fx_circle_03.FBX","Use for spell bursts and ground impacts; air variants attach to targets, floor variants sit on ground."
"VFX_Klaus","Stylized Element Splash Vol.1","Elemental Splash / Burst","Splash; Ice/Crystal","","FX_splash_ice_air","Assets/ThirdParty/VFX_Klaus/Prefabs/Stylized_Element_Splash_vol.1/FX_splash_ice_air.prefab","8","8","8","0","0","0","0","0","0","0","0","1","0","0","0","ParticleSystem:8; ParticleSystemRenderer:8; GameObject:8; Transform:8","Assets/ThirdParty/VFX_Klaus/Materials/Mat_fx_elements_set_01_highlight_inner.mat","Use for spell bursts and ground impacts; air variants attach to targets, floor variants sit on ground."
"VFX_Klaus","Stylized Element Splash Vol.1","Elemental Splash / Burst","Splash; Ice/Crystal","Ground/Area","FX_splash_ice_floor","Assets/ThirdParty/VFX_Klaus/Prefabs/Stylized_Element_Splash_vol.1/FX_splash_ice_floor.prefab","10","10","10","0","0","0","0","0","0","0","0","1","0","0","0","ParticleSystem:10; ParticleSystemRenderer:10; GameObject:10; Transform:10","Assets/ThirdParty/VFX_Klaus/Materials/Mat_fx_elements_set_01_highlight_inner.mat","Use for spell bursts and ground impacts; air variants attach to targets, floor variants sit on ground."
"VFX_Klaus","Stylized Element Splash Vol.1","Elemental Splash / Burst","Splash; Fire","","FX_splash_lava_air","Assets/ThirdParty/VFX_Klaus/Prefabs/Stylized_Element_Splash_vol.1/FX_splash_lava_air.prefab","7","7","7","0","0","0","0","0","0","0","0","2","0","0","0","ParticleSystem:7; ParticleSystemRenderer:7; GameObject:7; Transform:7","Assets/ThirdParty/VFX_Klaus/Materials/Mat_fx_elements_set_01_highlight_inner.mat; Assets/ThirdParty/VFX_Klaus/Materials/Mat_fx_splash_set_highlight_inner.mat; Assets/ThirdParty/VFX_Klaus/Meshes/fbx_fx_circle_03.FBX","Use for spell bursts and ground impacts; air variants attach to targets, floor variants sit on ground."
"VFX_Klaus","Stylized Element Splash Vol.1","Elemental Splash / Burst","Splash; Fire","Ground/Area","FX_splash_lava_floor","Assets/ThirdParty/VFX_Klaus/Prefabs/Stylized_Element_Splash_vol.1/FX_splash_lava_floor.prefab","8","8","8","0","0","0","0","0","0","0","0","2","0","0","0","ParticleSystem:8; ParticleSystemRenderer:8; GameObject:8; Transform:8","Assets/ThirdParty/VFX_Klaus/Materials/Mat_fx_splash_set_highlight_inner.mat; Assets/ThirdParty/VFX_Klaus/Materials/Mat_fx_elements_set_01_highlight_inner.mat; Assets/ThirdParty/VFX_Klaus/Meshes/fbx_fx_circle_01.FBX; Assets/ThirdParty/VFX_Klaus/Meshes/fbx_fx_circle_03.FBX","Use for spell bursts and ground impacts; air variants attach to targets, floor variants sit on ground."
"VFX_Klaus","Stylized Element Splash Vol.1","Elemental Splash / Burst","Splash","","FX_splash_light_air","Assets/ThirdParty/VFX_Klaus/Prefabs/Stylized_Element_Splash_vol.1/FX_splash_light_air.prefab","7","7","7","0","0","0","0","0","0","0","0","2","0","0","0","ParticleSystem:7; ParticleSystemRenderer:7; GameObject:7; Transform:7","Assets/ThirdParty/VFX_Klaus/Materials/Mat_fx_splash_set_highlight_inner.mat; Assets/ThirdParty/VFX_Klaus/Materials/Mat_fx_elements_set_01_highlight_inner.mat; Assets/ThirdParty/VFX_Klaus/Meshes/fbx_fx_circle_03.FBX","Use for spell bursts and ground impacts; air variants attach to targets, floor variants sit on ground."
"VFX_Klaus","Stylized Element Splash Vol.1","Elemental Splash / Burst","Splash","Ground/Area","FX_splash_light_floor","Assets/ThirdParty/VFX_Klaus/Prefabs/Stylized_Element_Splash_vol.1/FX_splash_light_floor.prefab","8","8","8","0","0","0","0","0","0","0","0","2","0","0","0","ParticleSystem:8; ParticleSystemRenderer:8; GameObject:8; Transform:8","Assets/ThirdParty/VFX_Klaus/Materials/Mat_fx_elements_set_01_highlight_inner.mat; Assets/ThirdParty/VFX_Klaus/Materials/Mat_fx_splash_set_highlight_inner.mat; Assets/ThirdParty/VFX_Klaus/Meshes/fbx_fx_circle_03.FBX","Use for spell bursts and ground impacts; air variants attach to targets, floor variants sit on ground."
"VFX_Klaus","Stylized Element Splash Vol.1","Elemental Splash / Burst","Splash; Poison/Gas","","FX_splash_poison_air","Assets/ThirdParty/VFX_Klaus/Prefabs/Stylized_Element_Splash_vol.1/FX_splash_poison_air.prefab","6","6","6","0","0","0","0","0","0","0","0","2","0","0","0","ParticleSystem:6; ParticleSystemRenderer:6; GameObject:6; Transform:6","Assets/ThirdParty/VFX_Klaus/Materials/Mat_fx_splash_set_highlight_inner.mat; Assets/ThirdParty/VFX_Klaus/Meshes/fbx_fx_circle_01.FBX; Assets/ThirdParty/VFX_Klaus/Materials/Mat_fx_elements_set_01_highlight_inner.mat","Use for spell bursts and ground impacts; air variants attach to targets, floor variants sit on ground."
"VFX_Klaus","Stylized Element Splash Vol.1","Elemental Splash / Burst","Splash; Poison/Gas","Ground/Area","FX_splash_poison_floor","Assets/ThirdParty/VFX_Klaus/Prefabs/Stylized_Element_Splash_vol.1/FX_splash_poison_floor.prefab","9","9","9","0","0","0","0","0","0","0","0","2","0","0","0","ParticleSystem:9; ParticleSystemRenderer:9; GameObject:9; Transform:9","Assets/ThirdParty/VFX_Klaus/Materials/Mat_fx_elements_set_01_highlight_inner.mat; Assets/ThirdParty/VFX_Klaus/Meshes/fbx_fx_half_sphere.FBX; Assets/ThirdParty/VFX_Klaus/Materials/Mat_fx_splash_set_highlight_inner.mat; Assets/ThirdParty/VFX_Klaus/Meshes/fbx_fx_circle_01.FBX","Use for spell bursts and ground impacts; air variants attach to targets, floor variants sit on ground."
"VFX_Klaus","Stylized Element Splash Vol.1","Elemental Splash / Burst","Splash; Magic/Energy","Ground/Area","FX_splash_portal_floor","Assets/ThirdParty/VFX_Klaus/Prefabs/Stylized_Element_Splash_vol.1/FX_splash_portal_floor.prefab","10","10","10","0","0","0","0","0","0","0","0","2","0","0","0","ParticleSystem:10; ParticleSystemRenderer:10; GameObject:10; Transform:10","Assets/ThirdParty/VFX_Klaus/Materials/Mat_fx_elements_set_01_highlight_inner.mat; Assets/ThirdParty/VFX_Klaus/Materials/Mat_fx_splash_set_highlight_inner.mat; Assets/ThirdParty/VFX_Klaus/Meshes/fbx_fx_circle_02.FBX; Assets/ThirdParty/VFX_Klaus/Meshes/fbx_fx_circle_01.FBX; Assets/ThirdParty/VFX_Klaus/Meshes/fbx_fx_cylinder_02.FBX","Use for spell bursts and ground impacts; air variants attach to targets, floor variants sit on ground."
"VFX_Klaus","Stylized Element Splash Vol.1","Elemental Splash / Burst","Splash; Liquid/Blood","","FX_splash_water_air","Assets/ThirdParty/VFX_Klaus/Prefabs/Stylized_Element_Splash_vol.1/FX_splash_water_air.prefab","4","4","4","0","0","0","0","0","0","0","0","1","0","0","0","ParticleSystem:4; ParticleSystemRenderer:4; GameObject:4; Transform:4","Assets/ThirdParty/VFX_Klaus/Materials/Mat_fx_splash_set_highlight_inner.mat; Assets/ThirdParty/VFX_Klaus/Meshes/fbx_fx_circle_01.FBX","Use for spell bursts and ground impacts; air variants attach to targets, floor variants sit on ground."
"VFX_Klaus","Stylized Element Splash Vol.1","Elemental Splash / Burst","Splash; Liquid/Blood","Ground/Area","FX_splash_water_floor","Assets/ThirdParty/VFX_Klaus/Prefabs/Stylized_Element_Splash_vol.1/FX_splash_water_floor.prefab","6","6","6","0","0","0","0","0","0","0","0","1","0","0","0","ParticleSystem:6; ParticleSystemRenderer:6; GameObject:6; Transform:6","Assets/ThirdParty/VFX_Klaus/Materials/Mat_fx_splash_set_highlight_inner.mat; Assets/ThirdParty/VFX_Klaus/Meshes/fbx_fx_circle_01.FBX","Use for spell bursts and ground impacts; air variants attach to targets, floor variants sit on ground."
"VFX_Klaus","Stylized Element Splash Vol.1","Elemental Splash / Burst","Splash; Air/Dust/Fog","","FX_splash_wind_air","Assets/ThirdParty/VFX_Klaus/Prefabs/Stylized_Element_Splash_vol.1/FX_splash_wind_air.prefab","7","7","7","0","0","0","0","0","0","0","0","2","0","0","0","ParticleSystem:7; ParticleSystemRenderer:7; GameObject:7; Transform:7","Assets/ThirdParty/VFX_Klaus/Materials/Mat_fx_splash_set_highlight_inner.mat; Assets/ThirdParty/VFX_Klaus/Meshes/fbx_fx_cylinder_03.FBX; Assets/ThirdParty/VFX_Klaus/Materials/Mat_fx_elements_set_01_highlight_inner.mat","Use for spell bursts and ground impacts; air variants attach to targets, floor variants sit on ground."
"VFX_Klaus","Stylized Element Splash Vol.1","Elemental Splash / Burst","Splash; Air/Dust/Fog","Ground/Area","FX_splash_wind_floor","Assets/ThirdParty/VFX_Klaus/Prefabs/Stylized_Element_Splash_vol.1/FX_splash_wind_floor.prefab","7","7","7","0","0","0","0","0","0","0","0","2","0","0","0","ParticleSystem:7; ParticleSystemRenderer:7; GameObject:7; Transform:7","Assets/ThirdParty/VFX_Klaus/Materials/Mat_fx_elements_set_01_highlight_inner.mat; Assets/ThirdParty/VFX_Klaus/Materials/Mat_fx_splash_set_highlight_inner.mat; Assets/ThirdParty/VFX_Klaus/Meshes/fbx_fx_cylinder_03.FBX","Use for spell bursts and ground impacts; air variants attach to targets, floor variants sit on ground."
"VFX_Klaus","Stylized Element Splash Vol.2","Elemental Splash / Burst","Splash; Ice/Crystal","","FX_splash_crystal_air","Assets/ThirdParty/VFX_Klaus/Prefabs/Stylized_Element_Splash_vol.2/FX_splash_crystal_air.prefab","9","9","9","0","0","0","0","0","0","0","0","3","0","0","0","ParticleSystem:9; ParticleSystemRenderer:9; GameObject:9; Transform:9","Assets/ThirdParty/VFX_Klaus/Materials/Mat_fx_elements_set_01_highlight_inner.mat; Assets/ThirdParty/VFX_Klaus/Meshes/fbx_fx_cylinder_03.FBX; Assets/ThirdParty/VFX_Klaus/Materials/Mat_fx_elements_set_02_highlight_inner.mat; Assets/ThirdParty/VFX_Klaus/Materials/Mat_fx_splash_set_highlight_inner.mat","Use for spell bursts and ground impacts; air variants attach to targets, floor variants sit on ground."
"VFX_Klaus","Stylized Element Splash Vol.2","Elemental Splash / Burst","Splash; Ice/Crystal","Ground/Area","FX_splash_crystal_floor","Assets/ThirdParty/VFX_Klaus/Prefabs/Stylized_Element_Splash_vol.2/FX_splash_crystal_floor.prefab","10","10","10","0","0","0","0","0","0","0","0","3","0","0","0","ParticleSystem:10; ParticleSystemRenderer:10; GameObject:10; Transform:10","Assets/ThirdParty/VFX_Klaus/Materials/Mat_fx_elements_set_01_highlight_inner.mat; Assets/ThirdParty/VFX_Klaus/Meshes/fbx_fx_cylinder_03.FBX; Assets/ThirdParty/VFX_Klaus/Materials/Mat_fx_elements_set_02_highlight_inner.mat; Assets/ThirdParty/VFX_Klaus/Materials/Mat_fx_splash_set_highlight_inner.mat","Use for spell bursts and ground impacts; air variants attach to targets, floor variants sit on ground."
"VFX_Klaus","Stylized Element Splash Vol.2","Elemental Splash / Burst","Splash; Magic/Energy","Ground/Area","FX_splash_energy_floor","Assets/ThirdParty/VFX_Klaus/Prefabs/Stylized_Element_Splash_vol.2/FX_splash_energy_floor.prefab","6","6","6","0","0","0","0","0","0","0","0","2","0","0","0","ParticleSystem:6; ParticleSystemRenderer:6; GameObject:6; Transform:6","Assets/ThirdParty/VFX_Klaus/Materials/Mat_fx_elements_set_01_highlight_inner.mat; Assets/ThirdParty/VFX_Klaus/Meshes/fbx_fx_circle_03.FBX; Assets/ThirdParty/VFX_Klaus/Materials/Mat_fx_splash_set_highlight_inner.mat; Assets/ThirdParty/VFX_Klaus/Meshes/fbx_fx_helix_01.FBX","Use for spell bursts and ground impacts; air variants attach to targets, floor variants sit on ground."
"VFX_Klaus","Stylized Element Splash Vol.2","Elemental Splash / Burst","Splash; Explosion","","FX_splash_explosion_air","Assets/ThirdParty/VFX_Klaus/Prefabs/Stylized_Element_Splash_vol.2/FX_splash_explosion_air.prefab","6","6","6","0","0","0","0","0","0","0","0","3","0","0","0","ParticleSystem:6; ParticleSystemRenderer:6; GameObject:6; Transform:6","Assets/ThirdParty/VFX_Klaus/Materials/Mat_fx_splash_set_highlight_inner.mat; Assets/ThirdParty/VFX_Klaus/Materials/Mat_fx_elements_set_01_highlight_inner.mat; Assets/ThirdParty/VFX_Klaus/Meshes/fbx_fx_circle_03.FBX; Assets/ThirdParty/VFX_Klaus/Materials/Mat_fx_elements_set_02_highlight_inner.mat","Use for spell bursts and ground impacts; air variants attach to targets, floor variants sit on ground."
"VFX_Klaus","Stylized Element Splash Vol.2","Elemental Splash / Burst","Splash; Explosion","Ground/Area","FX_splash_explosion_floor","Assets/ThirdParty/VFX_Klaus/Prefabs/Stylized_Element_Splash_vol.2/FX_splash_explosion_floor.prefab","11","11","11","0","0","0","0","0","0","0","0","3","0","0","0","ParticleSystem:11; ParticleSystemRenderer:11; GameObject:11; Transform:11","Assets/ThirdParty/VFX_Klaus/Materials/Mat_fx_splash_set_highlight_inner.mat; Assets/ThirdParty/VFX_Klaus/Materials/Mat_fx_elements_set_02_highlight_inner.mat; Assets/ThirdParty/VFX_Klaus/Materials/Mat_fx_elements_set_01_highlight_inner.mat; Assets/ThirdParty/VFX_Klaus/Meshes/fbx_fx_circle_03.FBX","Use for spell bursts and ground impacts; air variants attach to targets, floor variants sit on ground."
"VFX_Klaus","Stylized Element Splash Vol.2","Elemental Splash / Burst","Splash","","FX_splash_eye_air","Assets/ThirdParty/VFX_Klaus/Prefabs/Stylized_Element_Splash_vol.2/FX_splash_eye_air.prefab","6","6","6","0","0","0","0","0","0","0","0","3","0","0","0","ParticleSystem:6; ParticleSystemRenderer:6; GameObject:6; Transform:6","Assets/ThirdParty/VFX_Klaus/Materials/Mat_fx_elements_set_01_highlight_inner.mat; Assets/ThirdParty/VFX_Klaus/Meshes/fbx_fx_circle_03.FBX; Assets/ThirdParty/VFX_Klaus/Materials/Mat_fx_elements_set_02_highlight_inner.mat; Assets/ThirdParty/VFX_Klaus/Materials/Mat_fx_splash_set_highlight_inner.mat","Use for spell bursts and ground impacts; air variants attach to targets, floor variants sit on ground."
"VFX_Klaus","Stylized Element Splash Vol.2","Elemental Splash / Burst","Splash","Ground/Area","FX_splash_eye_floor","Assets/ThirdParty/VFX_Klaus/Prefabs/Stylized_Element_Splash_vol.2/FX_splash_eye_floor.prefab","8","8","8","0","0","0","0","0","0","0","0","3","0","0","0","ParticleSystem:8; ParticleSystemRenderer:8; GameObject:8; Transform:8","Assets/ThirdParty/VFX_Klaus/Materials/Mat_fx_elements_set_01_highlight_inner.mat; Assets/ThirdParty/VFX_Klaus/Meshes/fbx_fx_circle_03.FBX; Assets/ThirdParty/VFX_Klaus/Materials/Mat_fx_elements_set_02_highlight_inner.mat; Assets/ThirdParty/VFX_Klaus/Meshes/fbx_fx_cylinder_02.FBX; Assets/ThirdParty/VFX_Klaus/Materials/Mat_fx_splash_set_highlight_inner.mat","Use for spell bursts and ground impacts; air variants attach to targets, floor variants sit on ground."
"VFX_Klaus","Stylized Element Splash Vol.2","Elemental Splash / Burst","Splash","","FX_splash_glass_air","Assets/ThirdParty/VFX_Klaus/Prefabs/Stylized_Element_Splash_vol.2/FX_splash_glass_air.prefab","6","6","6","0","0","0","0","0","0","0","0","3","0","0","0","ParticleSystem:6; ParticleSystemRenderer:6; GameObject:6; Transform:6","Assets/ThirdParty/VFX_Klaus/Materials/Mat_fx_elements_set_01_highlight_inner.mat; Assets/ThirdParty/VFX_Klaus/Materials/Mat_fx_elements_set_02_highlight_inner.mat; Assets/ThirdParty/VFX_Klaus/Materials/Mat_fx_splash_set_highlight_inner.mat; Assets/ThirdParty/VFX_Klaus/Meshes/fbx_fx_cylinder_03.FBX","Use for spell bursts and ground impacts; air variants attach to targets, floor variants sit on ground."
"VFX_Klaus","Stylized Element Splash Vol.2","Elemental Splash / Burst","Splash","Ground/Area","FX_splash_glass_floor","Assets/ThirdParty/VFX_Klaus/Prefabs/Stylized_Element_Splash_vol.2/FX_splash_glass_floor.prefab","8","8","8","0","0","0","0","0","0","0","0","3","0","0","0","ParticleSystem:8; ParticleSystemRenderer:8; GameObject:8; Transform:8","Assets/ThirdParty/VFX_Klaus/Materials/Mat_fx_elements_set_01_highlight_inner.mat; Assets/ThirdParty/VFX_Klaus/Materials/Mat_fx_elements_set_02_highlight_inner.mat; Assets/ThirdParty/VFX_Klaus/Materials/Mat_fx_splash_set_highlight_inner.mat; Assets/ThirdParty/VFX_Klaus/Meshes/fbx_fx_cylinder_03.FBX","Use for spell bursts and ground impacts; air variants attach to targets, floor variants sit on ground."
"VFX_Klaus","Stylized Element Splash Vol.2","Elemental Splash / Burst","Hit/Impact; Splash","","FX_splash_hit_01_air","Assets/ThirdParty/VFX_Klaus/Prefabs/Stylized_Element_Splash_vol.2/FX_splash_hit_01_air.prefab","4","4","4","0","0","0","0","0","0","0","0","3","0","0","0","ParticleSystem:4; ParticleSystemRenderer:4; GameObject:4; Transform:4","Assets/ThirdParty/VFX_Klaus/Materials/Mat_fx_splash_set_highlight_inner.mat; Assets/ThirdParty/VFX_Klaus/Materials/Mat_fx_elements_set_02_highlight_inner.mat; Assets/ThirdParty/VFX_Klaus/Materials/Mat_fx_elements_set_01_highlight_inner.mat","Use for spell bursts and ground impacts; air variants attach to targets, floor variants sit on ground."
"VFX_Klaus","Stylized Element Splash Vol.2","Elemental Splash / Burst","Hit/Impact; Splash","Ground/Area","FX_splash_hit_01_floor","Assets/ThirdParty/VFX_Klaus/Prefabs/Stylized_Element_Splash_vol.2/FX_splash_hit_01_floor.prefab","8","8","8","0","0","0","0","0","0","0","0","3","0","0","0","ParticleSystem:8; ParticleSystemRenderer:8; GameObject:8; Transform:8","Assets/ThirdParty/VFX_Klaus/Materials/Mat_fx_splash_set_highlight_inner.mat; Assets/ThirdParty/VFX_Klaus/Materials/Mat_fx_elements_set_01_highlight_inner.mat; Assets/ThirdParty/VFX_Klaus/Materials/Mat_fx_elements_set_02_highlight_inner.mat","Use for spell bursts and ground impacts; air variants attach to targets, floor variants sit on ground."
"VFX_Klaus","Stylized Element Splash Vol.2","Elemental Splash / Burst","Hit/Impact; Splash","","FX_splash_hit_02_air","Assets/ThirdParty/VFX_Klaus/Prefabs/Stylized_Element_Splash_vol.2/FX_splash_hit_02_air.prefab","3","3","3","0","0","0","0","0","0","0","0","2","0","0","0","ParticleSystem:3; ParticleSystemRenderer:3; GameObject:3; Transform:3","Assets/ThirdParty/VFX_Klaus/Materials/Mat_fx_elements_set_02_highlight_inner.mat; Assets/ThirdParty/VFX_Klaus/Materials/Mat_fx_splash_set_highlight_inner.mat","Use for spell bursts and ground impacts; air variants attach to targets, floor variants sit on ground."
"VFX_Klaus","Stylized Element Splash Vol.2","Elemental Splash / Burst","Hit/Impact; Splash","Ground/Area","FX_splash_hit_02_floor","Assets/ThirdParty/VFX_Klaus/Prefabs/Stylized_Element_Splash_vol.2/FX_splash_hit_02_floor.prefab","8","8","8","0","0","0","0","0","0","0","0","3","0","0","0","ParticleSystem:8; ParticleSystemRenderer:8; GameObject:8; Transform:8","Assets/ThirdParty/VFX_Klaus/Materials/Mat_fx_elements_set_02_highlight_inner.mat; Assets/ThirdParty/VFX_Klaus/Materials/Mat_fx_elements_set_01_highlight_inner.mat; Assets/ThirdParty/VFX_Klaus/Materials/Mat_fx_splash_set_highlight_inner.mat","Use for spell bursts and ground impacts; air variants attach to targets, floor variants sit on ground."
"VFX_Klaus","Stylized Element Splash Vol.2","Elemental Splash / Burst","Splash","","FX_splash_light_air","Assets/ThirdParty/VFX_Klaus/Prefabs/Stylized_Element_Splash_vol.2/FX_splash_light_air.prefab","6","6","6","0","0","0","0","0","0","0","0","2","0","0","0","ParticleSystem:6; ParticleSystemRenderer:6; GameObject:6; Transform:6","Assets/ThirdParty/VFX_Klaus/Materials/Mat_fx_elements_set_01_highlight_inner.mat; Assets/ThirdParty/VFX_Klaus/Materials/Mat_fx_splash_set_highlight_inner.mat; Assets/ThirdParty/VFX_Klaus/Meshes/fbx_fx_helix_01.FBX; Assets/ThirdParty/VFX_Klaus/Meshes/fbx_fx_helix_02.FBX; Assets/ThirdParty/VFX_Klaus/Meshes/fbx_fx_cylinder_03.FBX","Use for spell bursts and ground impacts; air variants attach to targets, floor variants sit on ground."
"VFX_Klaus","Stylized Element Splash Vol.2","Elemental Splash / Burst","Splash","Ground/Area","FX_splash_light_floor","Assets/ThirdParty/VFX_Klaus/Prefabs/Stylized_Element_Splash_vol.2/FX_splash_light_floor.prefab","6","6","6","0","0","0","0","0","0","0","0","2","0","0","0","ParticleSystem:6; ParticleSystemRenderer:6; GameObject:6; Transform:6","Assets/ThirdParty/VFX_Klaus/Materials/Mat_fx_elements_set_01_highlight_inner.mat; Assets/ThirdParty/VFX_Klaus/Materials/Mat_fx_splash_set_highlight_inner.mat; Assets/ThirdParty/VFX_Klaus/Meshes/fbx_fx_helix_01.FBX; Assets/ThirdParty/VFX_Klaus/Meshes/fbx_fx_helix_02.FBX; Assets/ThirdParty/VFX_Klaus/Meshes/fbx_fx_cylinder_03.FBX","Use for spell bursts and ground impacts; air variants attach to targets, floor variants sit on ground."
"VFX_Klaus","Stylized Element Splash Vol.2","Elemental Splash / Burst","Splash; Magic/Energy","","FX_splash_magic_01_air","Assets/ThirdParty/VFX_Klaus/Prefabs/Stylized_Element_Splash_vol.2/FX_splash_magic_01_air.prefab","7","7","7","0","0","0","0","0","0","0","0","3","0","0","0","ParticleSystem:7; ParticleSystemRenderer:7; GameObject:7; Transform:7","Assets/ThirdParty/VFX_Klaus/Materials/Mat_fx_elements_set_01_highlight_inner.mat; Assets/ThirdParty/VFX_Klaus/Meshes/fbx_fx_half_sphere.FBX; Assets/ThirdParty/VFX_Klaus/Materials/Mat_fx_splash_set_highlight_inner.mat; Assets/ThirdParty/VFX_Klaus/Materials/Mat_fx_elements_set_02_highlight_inner.mat","Use for spell bursts and ground impacts; air variants attach to targets, floor variants sit on ground."
"VFX_Klaus","Stylized Element Splash Vol.2","Elemental Splash / Burst","Splash; Magic/Energy","Ground/Area","FX_splash_magic_01_floor","Assets/ThirdParty/VFX_Klaus/Prefabs/Stylized_Element_Splash_vol.2/FX_splash_magic_01_floor.prefab","9","9","9","0","0","0","0","0","0","0","0","3","0","0","0","ParticleSystem:9; ParticleSystemRenderer:9; GameObject:9; Transform:9","Assets/ThirdParty/VFX_Klaus/Materials/Mat_fx_elements_set_01_highlight_inner.mat; Assets/ThirdParty/VFX_Klaus/Materials/Mat_fx_elements_set_02_highlight_inner.mat; Assets/ThirdParty/VFX_Klaus/Materials/Mat_fx_splash_set_highlight_inner.mat; Assets/ThirdParty/VFX_Klaus/Meshes/fbx_fx_half_sphere.FBX","Use for spell bursts and ground impacts; air variants attach to targets, floor variants sit on ground."
"VFX_Klaus","Stylized Element Splash Vol.2","Elemental Splash / Burst","Splash; Magic/Energy","Ground/Area","FX_splash_magic_02_floor","Assets/ThirdParty/VFX_Klaus/Prefabs/Stylized_Element_Splash_vol.2/FX_splash_magic_02_floor.prefab","13","13","13","0","0","0","0","0","0","0","0","4","0","0","0","ParticleSystem:13; ParticleSystemRenderer:13; GameObject:13; Transform:13","Assets/ThirdParty/VFX_Klaus/Materials/Mat_fx_splash_set_highlight_inner.mat; Assets/ThirdParty/VFX_Klaus/Meshes/fbx_fx_circle_03.FBX; Assets/ThirdParty/VFX_Klaus/Materials/Mat_fx_elements_set_02_highlight_inner.mat; Assets/ThirdParty/VFX_Klaus/Materials/Mat_fx_elements_set_01_highlight_inner.mat; Assets/ThirdParty/VFX_Klaus/Meshes/fbx_fx_cylinder_02.FBX; Assets/ThirdParty/VFX_Klaus/Meshes/fbx_fx_half_sphere.FBX; Assets/ThirdParty/VFX_Klaus/Materials/Mat_fx_elements_set_01_highlight_outer.mat; Assets/ThirdParty/VFX_Klaus/Meshes/fbx_fx_circle_02.FBX","Use for spell bursts and ground impacts; air variants attach to targets, floor variants sit on ground."
"VFX_Klaus","Stylized Element Splash Vol.2","Elemental Splash / Burst","Splash; Magic/Energy","","FX_splash_magic_03_air","Assets/ThirdParty/VFX_Klaus/Prefabs/Stylized_Element_Splash_vol.2/FX_splash_magic_03_air.prefab","9","9","9","0","0","0","0","0","0","0","0","3","0","0","0","ParticleSystem:9; ParticleSystemRenderer:9; GameObject:9; Transform:9","Assets/ThirdParty/VFX_Klaus/Materials/Mat_fx_elements_set_01_highlight_inner.mat; Assets/ThirdParty/VFX_Klaus/Meshes/fbx_fx_half_sphere.FBX; Assets/ThirdParty/VFX_Klaus/Materials/Mat_fx_elements_set_02_highlight_inner.mat; Assets/ThirdParty/VFX_Klaus/Materials/Mat_fx_splash_set_highlight_inner.mat; Assets/ThirdParty/VFX_Klaus/Meshes/fbx_fx_circle_03.FBX","Use for spell bursts and ground impacts; air variants attach to targets, floor variants sit on ground."
"VFX_Klaus","Stylized Element Splash Vol.2","Elemental Splash / Burst","Splash; Magic/Energy","Ground/Area","FX_splash_magic_03_floor","Assets/ThirdParty/VFX_Klaus/Prefabs/Stylized_Element_Splash_vol.2/FX_splash_magic_03_floor.prefab","12","12","12","0","0","0","0","0","0","0","0","3","0","0","0","ParticleSystem:12; ParticleSystemRenderer:12; GameObject:12; Transform:12","Assets/ThirdParty/VFX_Klaus/Materials/Mat_fx_elements_set_02_highlight_inner.mat; Assets/ThirdParty/VFX_Klaus/Meshes/fbx_fx_half_sphere.FBX; Assets/ThirdParty/VFX_Klaus/Materials/Mat_fx_elements_set_01_highlight_inner.mat; Assets/ThirdParty/VFX_Klaus/Materials/Mat_fx_splash_set_highlight_inner.mat; Assets/ThirdParty/VFX_Klaus/Meshes/fbx_fx_circle_03.FBX","Use for spell bursts and ground impacts; air variants attach to targets, floor variants sit on ground."
"VFX_Klaus","Stylized Element Splash Vol.2","Elemental Splash / Burst","Splash; Magic/Energy","Ground/Area","FX_splash_magic_04_floor","Assets/ThirdParty/VFX_Klaus/Prefabs/Stylized_Element_Splash_vol.2/FX_splash_magic_04_floor.prefab","7","7","7","0","0","0","0","0","0","0","0","3","0","0","0","ParticleSystem:7; ParticleSystemRenderer:7; GameObject:7; Transform:7","Assets/ThirdParty/VFX_Klaus/Materials/Mat_fx_splash_set_highlight_inner.mat; Assets/ThirdParty/VFX_Klaus/Materials/Mat_fx_elements_set_01_highlight_inner.mat; Assets/ThirdParty/VFX_Klaus/Materials/Mat_fx_elements_set_02_highlight_inner.mat; Assets/ThirdParty/VFX_Klaus/Meshes/fbx_fx_cylinder_03.FBX; Assets/ThirdParty/VFX_Klaus/Meshes/fbx_fx_helix_01.FBX","Use for spell bursts and ground impacts; air variants attach to targets, floor variants sit on ground."
"VFX_Klaus","Stylized Element Splash Vol.2","Elemental Splash / Burst","Splash; Magic/Energy","Ground/Area","FX_splash_portal_floor","Assets/ThirdParty/VFX_Klaus/Prefabs/Stylized_Element_Splash_vol.2/FX_splash_portal_floor.prefab","5","5","5","0","0","0","0","0","0","0","0","2","0","0","0","ParticleSystem:5; ParticleSystemRenderer:5; GameObject:5; Transform:5","Assets/ThirdParty/VFX_Klaus/Materials/Mat_fx_elements_set_01_highlight_outer.mat; Assets/ThirdParty/VFX_Klaus/Meshes/fbx_fx_half_sphere.FBX; Assets/ThirdParty/VFX_Klaus/Materials/Mat_fx_splash_set_highlight_outer.mat; Assets/ThirdParty/VFX_Klaus/Meshes/fbx_fx_circle_03.FBX","Use for spell bursts and ground impacts; air variants attach to targets, floor variants sit on ground."
"VFX_Klaus","Stylized Element Splash Vol.2","Elemental Splash / Burst","Hit/Impact; Splash","Ground/Area","FX_splash_power_floor","Assets/ThirdParty/VFX_Klaus/Prefabs/Stylized_Element_Splash_vol.2/FX_splash_power_floor.prefab","8","8","8","0","0","0","0","0","0","0","0","3","0","0","0","ParticleSystem:8; ParticleSystemRenderer:8; GameObject:8; Transform:8","Assets/ThirdParty/VFX_Klaus/Materials/Mat_fx_elements_set_02_highlight_inner.mat; Assets/ThirdParty/VFX_Klaus/Materials/Mat_fx_elements_set_01_highlight_inner.mat; Assets/ThirdParty/VFX_Klaus/Meshes/fbx_fx_cylinder_02.FBX; Assets/ThirdParty/VFX_Klaus/Materials/Mat_fx_splash_set_highlight_inner.mat; Assets/ThirdParty/VFX_Klaus/Meshes/fbx_fx_circle_01.FBX; Assets/ThirdParty/VFX_Klaus/Meshes/fbx_fx_half_sphere.FBX; Assets/ThirdParty/VFX_Klaus/Meshes/fbx_fx_circle_03.FBX","Use for spell bursts and ground impacts; air variants attach to targets, floor variants sit on ground."
"VFX_Klaus","Stylized Element Splash Vol.2","Elemental Splash / Burst","Splash","Ground/Area","FX_splash_scar_floor","Assets/ThirdParty/VFX_Klaus/Prefabs/Stylized_Element_Splash_vol.2/FX_splash_scar_floor.prefab","11","11","11","0","0","0","0","0","0","0","0","2","0","0","0","ParticleSystem:11; ParticleSystemRenderer:11; GameObject:11; Transform:11","Assets/ThirdParty/VFX_Klaus/Materials/Mat_fx_splash_set_highlight_inner.mat; Assets/ThirdParty/VFX_Klaus/Meshes/fbx_fx_circle_03.FBX; Assets/ThirdParty/VFX_Klaus/Materials/Mat_fx_elements_set_01_highlight_inner.mat","Use for spell bursts and ground impacts; air variants attach to targets, floor variants sit on ground."
"VFX_Klaus","Stylized Element Splash Vol.2","Elemental Splash / Burst","Splash","","FX_splash_shadow_air","Assets/ThirdParty/VFX_Klaus/Prefabs/Stylized_Element_Splash_vol.2/FX_splash_shadow_air.prefab","5","5","5","0","0","0","0","0","0","0","0","2","0","0","0","ParticleSystem:5; ParticleSystemRenderer:5; GameObject:5; Transform:5","Assets/ThirdParty/VFX_Klaus/Materials/Mat_fx_elements_set_01_highlight_inner.mat; Assets/ThirdParty/VFX_Klaus/Materials/Mat_fx_elements_set_02_highlight_inner.mat; Assets/ThirdParty/VFX_Klaus/Meshes/fbx_fx_circle_03.FBX","Use for spell bursts and ground impacts; air variants attach to targets, floor variants sit on ground."
"VFX_Klaus","Stylized Element Splash Vol.2","Elemental Splash / Burst","Splash","Ground/Area","FX_splash_shadow_floor","Assets/ThirdParty/VFX_Klaus/Prefabs/Stylized_Element_Splash_vol.2/FX_splash_shadow_floor.prefab","5","5","5","0","0","0","0","0","0","0","0","2","0","0","0","ParticleSystem:5; ParticleSystemRenderer:5; GameObject:5; Transform:5","Assets/ThirdParty/VFX_Klaus/Materials/Mat_fx_elements_set_02_highlight_inner.mat; Assets/ThirdParty/VFX_Klaus/Materials/Mat_fx_elements_set_01_highlight_inner.mat; Assets/ThirdParty/VFX_Klaus/Meshes/fbx_fx_circle_03.FBX","Use for spell bursts and ground impacts; air variants attach to targets, floor variants sit on ground."
"VFX_Klaus","Stylized Element Splash Vol.2","Elemental Splash / Burst","Splash; Electric","","FX_splash_spark_air","Assets/ThirdParty/VFX_Klaus/Prefabs/Stylized_Element_Splash_vol.2/FX_splash_spark_air.prefab","5","5","5","0","0","0","0","0","0","0","0","3","0","0","0","ParticleSystem:5; ParticleSystemRenderer:5; GameObject:5; Transform:5","Assets/ThirdParty/VFX_Klaus/Materials/Mat_fx_elements_set_01_highlight_inner.mat; Assets/ThirdParty/VFX_Klaus/Materials/Mat_fx_splash_set_highlight_inner.mat; Assets/ThirdParty/VFX_Klaus/Materials/Mat_fx_elements_set_02_highlight_inner.mat","Use for spell bursts and ground impacts; air variants attach to targets, floor variants sit on ground."
"VFX_Klaus","Stylized Element Splash Vol.2","Elemental Splash / Burst","Splash; Electric","Ground/Area","FX_splash_spark_floor","Assets/ThirdParty/VFX_Klaus/Prefabs/Stylized_Element_Splash_vol.2/FX_splash_spark_floor.prefab","5","5","5","0","0","0","0","0","0","0","0","3","0","0","0","ParticleSystem:5; ParticleSystemRenderer:5; GameObject:5; Transform:5","Assets/ThirdParty/VFX_Klaus/Materials/Mat_fx_elements_set_02_highlight_inner.mat; Assets/ThirdParty/VFX_Klaus/Materials/Mat_fx_splash_set_highlight_inner.mat; Assets/ThirdParty/VFX_Klaus/Materials/Mat_fx_elements_set_01_highlight_inner.mat","Use for spell bursts and ground impacts; air variants attach to targets, floor variants sit on ground."
"VFX_Klaus","Stylized Element Splash Vol.2","Elemental Splash / Burst","Splash","Ground/Area","FX_splash_spear_floor","Assets/ThirdParty/VFX_Klaus/Prefabs/Stylized_Element_Splash_vol.2/FX_splash_spear_floor.prefab","11","11","11","0","0","0","0","0","0","0","0","3","0","0","0","ParticleSystem:11; ParticleSystemRenderer:11; GameObject:11; Transform:11","Assets/ThirdParty/VFX_Klaus/Materials/Mat_fx_elements_set_01_highlight_inner.mat; Assets/ThirdParty/VFX_Klaus/Materials/Mat_fx_elements_set_02_highlight_inner.mat; Assets/ThirdParty/VFX_Klaus/Materials/Mat_fx_splash_set_highlight_inner.mat; Assets/ThirdParty/VFX_Klaus/Meshes/fbx_fx_helix_02.FBX; Assets/ThirdParty/VFX_Klaus/Meshes/fbx_fx_cylinder_03.FBX","Use for spell bursts and ground impacts; air variants attach to targets, floor variants sit on ground."
"VFX_Klaus","Stylized Element Splash Vol.2","Elemental Splash / Burst","Splash; Electric","Ground/Area","FX_splash_thunder_floor","Assets/ThirdParty/VFX_Klaus/Prefabs/Stylized_Element_Splash_vol.2/FX_splash_thunder_floor.prefab","12","12","12","0","0","0","0","0","0","0","0","2","0","0","0","ParticleSystem:12; ParticleSystemRenderer:12; GameObject:12; Transform:12","Assets/ThirdParty/VFX_Klaus/Materials/Mat_fx_elements_set_01_highlight_inner.mat; Assets/ThirdParty/VFX_Klaus/Meshes/fbx_fx_circle_01.FBX; Assets/ThirdParty/VFX_Klaus/Meshes/fbx_fx_circle_03.FBX; Assets/ThirdParty/VFX_Klaus/Materials/Mat_fx_splash_set_highlight_inner.mat","Use for spell bursts and ground impacts; air variants attach to targets, floor variants sit on ground."
"VFX_Klaus","Stylized Element Splash Vol.3","Elemental Splash / Burst","Splash; Liquid/Blood","","FX_splash_blood_air","Assets/ThirdParty/VFX_Klaus/Prefabs/Stylized_Element_Splash_vol.3/FX_splash_blood_air.prefab","3","3","3","0","0","0","0","0","0","0","0","1","0","0","0","ParticleSystem:3; ParticleSystemRenderer:3; GameObject:3; Transform:3","Assets/ThirdParty/VFX_Klaus/Materials/Mat_fx_elements_set_03_highlight_inner.mat; Assets/ThirdParty/VFX_Klaus/Meshes/fbx_fx_circle_03.FBX","Use for spell bursts and ground impacts; air variants attach to targets, floor variants sit on ground."
"VFX_Klaus","Stylized Element Splash Vol.3","Elemental Splash / Burst","Splash; Liquid/Blood","Ground/Area","FX_splash_blood_floor","Assets/ThirdParty/VFX_Klaus/Prefabs/Stylized_Element_Splash_vol.3/FX_splash_blood_floor.prefab","5","5","5","0","0","0","0","0","0","0","0","1","0","0","0","ParticleSystem:5; ParticleSystemRenderer:5; GameObject:5; Transform:5","Assets/ThirdParty/VFX_Klaus/Materials/Mat_fx_elements_set_03_highlight_inner.mat; Assets/ThirdParty/VFX_Klaus/Meshes/fbx_fx_circle_01.FBX; Assets/ThirdParty/VFX_Klaus/Meshes/fbx_fx_circle_03.FBX","Use for spell bursts and ground impacts; air variants attach to targets, floor variants sit on ground."
"VFX_Klaus","Stylized Element Splash Vol.3","Elemental Splash / Burst","Splash","","FX_splash_bug_air","Assets/ThirdParty/VFX_Klaus/Prefabs/Stylized_Element_Splash_vol.3/FX_splash_bug_air.prefab","5","5","5","0","0","0","0","0","0","0","0","3","0","0","0","ParticleSystem:5; ParticleSystemRenderer:5; GameObject:5; Transform:5","Assets/ThirdParty/VFX_Klaus/Materials/Mat_fx_elements_set_01_highlight_inner.mat; Assets/ThirdParty/VFX_Klaus/Materials/Mat_fx_splash_set_highlight_inner.mat; Assets/ThirdParty/VFX_Klaus/Materials/Mat_fx_elements_set_03_highlight_inner.mat; Assets/ThirdParty/VFX_Klaus/Meshes/fbx_fx_circle_03.FBX","Use for spell bursts and ground impacts; air variants attach to targets, floor variants sit on ground."
"VFX_Klaus","Stylized Element Splash Vol.3","Elemental Splash / Burst","Splash","Ground/Area","FX_splash_bug_floor","Assets/ThirdParty/VFX_Klaus/Prefabs/Stylized_Element_Splash_vol.3/FX_splash_bug_floor.prefab","8","8","8","0","0","0","0","0","0","0","0","3","0","0","0","ParticleSystem:8; ParticleSystemRenderer:8; GameObject:8; Transform:8","Assets/ThirdParty/VFX_Klaus/Materials/Mat_fx_elements_set_01_highlight_inner.mat; Assets/ThirdParty/VFX_Klaus/Materials/Mat_fx_splash_set_highlight_inner.mat; Assets/ThirdParty/VFX_Klaus/Materials/Mat_fx_elements_set_03_highlight_inner.mat; Assets/ThirdParty/VFX_Klaus/Meshes/fbx_fx_half_sphere.FBX; Assets/ThirdParty/VFX_Klaus/Meshes/fbx_fx_circle_03.FBX","Use for spell bursts and ground impacts; air variants attach to targets, floor variants sit on ground."
"VFX_Klaus","Stylized Element Splash Vol.3","Elemental Splash / Burst","Splash; Magic/Energy","Ground/Area","FX_splash_charge_floor","Assets/ThirdParty/VFX_Klaus/Prefabs/Stylized_Element_Splash_vol.3/FX_splash_charge_floor.prefab","10","10","10","0","0","0","0","0","0","0","0","3","0","0","0","ParticleSystem:10; ParticleSystemRenderer:10; GameObject:10; Transform:10","Assets/ThirdParty/VFX_Klaus/Materials/Mat_fx_splash_set_highlight_inner.mat; Assets/ThirdParty/VFX_Klaus/Materials/Mat_fx_elements_set_01_highlight_inner.mat; Assets/ThirdParty/VFX_Klaus/Meshes/fbx_fx_circle_03.FBX; Assets/ThirdParty/VFX_Klaus/Meshes/fbx_fx_circle_01.FBX; Assets/ThirdParty/VFX_Klaus/Materials/Mat_fx_elements_set_03_highlight_inner.mat; Assets/ThirdParty/VFX_Klaus/Meshes/fbx_fx_cylinder_03.FBX","Use for spell bursts and ground impacts; air variants attach to targets, floor variants sit on ground."
"VFX_Klaus","Stylized Element Splash Vol.3","Elemental Splash / Burst","Splash","","FX_splash_coin_air","Assets/ThirdParty/VFX_Klaus/Prefabs/Stylized_Element_Splash_vol.3/FX_splash_coin_air.prefab","7","7","7","0","0","0","0","0","0","0","0","2","0","0","0","ParticleSystem:7; ParticleSystemRenderer:7; GameObject:7; Transform:7","Assets/ThirdParty/VFX_Klaus/Materials/Mat_fx_elements_set_03_highlight_inner.mat; Assets/ThirdParty/VFX_Klaus/Meshes/fbx_fx_circle_03.FBX; Assets/ThirdParty/VFX_Klaus/Materials/Mat_fx_elements_set_01_highlight_inner.mat","Use for spell bursts and ground impacts; air variants attach to targets, floor variants sit on ground."
"VFX_Klaus","Stylized Element Splash Vol.3","Elemental Splash / Burst","Splash","Ground/Area","FX_splash_coin_floor","Assets/ThirdParty/VFX_Klaus/Prefabs/Stylized_Element_Splash_vol.3/FX_splash_coin_floor.prefab","8","8","8","0","0","0","0","0","0","0","0","2","0","0","0","ParticleSystem:8; ParticleSystemRenderer:8; GameObject:8; Transform:8","Assets/ThirdParty/VFX_Klaus/Materials/Mat_fx_elements_set_03_highlight_inner.mat; Assets/ThirdParty/VFX_Klaus/Meshes/fbx_fx_circle_03.FBX; Assets/ThirdParty/VFX_Klaus/Materials/Mat_fx_elements_set_01_highlight_inner.mat","Use for spell bursts and ground impacts; air variants attach to targets, floor variants sit on ground."
"VFX_Klaus","Stylized Element Splash Vol.3","Elemental Splash / Burst","Splash; Air/Dust/Fog","Ground/Area","FX_splash_dust_floor","Assets/ThirdParty/VFX_Klaus/Prefabs/Stylized_Element_Splash_vol.3/FX_splash_dust_floor.prefab","5","5","5","0","0","0","0","0","0","0","0","2","0","0","0","ParticleSystem:5; ParticleSystemRenderer:5; GameObject:5; Transform:5","Assets/ThirdParty/VFX_Klaus/Materials/Mat_fx_elements_set_01_highlight_inner.mat; Assets/ThirdParty/VFX_Klaus/Materials/Mat_fx_elements_set_03_highlight_inner.mat; Assets/ThirdParty/VFX_Klaus/Meshes/fbx_fx_circle_03.FBX","Use for spell bursts and ground impacts; air variants attach to targets, floor variants sit on ground."
"VFX_Klaus","Stylized Element Splash Vol.3","Elemental Splash / Burst","Splash; Magic/Energy","Ground/Area","FX_splash_energy_01_floor","Assets/ThirdParty/VFX_Klaus/Prefabs/Stylized_Element_Splash_vol.3/FX_splash_energy_01_floor.prefab","10","10","10","0","0","0","0","0","0","0","0","3","0","0","0","ParticleSystem:10; ParticleSystemRenderer:10; GameObject:10; Transform:10","Assets/ThirdParty/VFX_Klaus/Materials/Mat_fx_splash_set_highlight_inner.mat; Assets/ThirdParty/VFX_Klaus/Materials/Mat_fx_elements_set_03_highlight_inner.mat; Assets/ThirdParty/VFX_Klaus/Materials/Mat_fx_elements_set_01_highlight_inner.mat","Use for spell bursts and ground impacts; air variants attach to targets, floor variants sit on ground."
"VFX_Klaus","Stylized Element Splash Vol.3","Elemental Splash / Burst","Splash; Magic/Energy","Ground/Area","FX_splash_energy_02_floor","Assets/ThirdParty/VFX_Klaus/Prefabs/Stylized_Element_Splash_vol.3/FX_splash_energy_02_floor.prefab","10","10","10","0","0","0","0","0","0","0","0","2","0","0","0","ParticleSystem:10; ParticleSystemRenderer:10; GameObject:10; Transform:10","Assets/ThirdParty/VFX_Klaus/Materials/Mat_fx_elements_set_01_highlight_inner.mat; Assets/ThirdParty/VFX_Klaus/Materials/Mat_fx_elements_set_03_highlight_inner.mat; Assets/ThirdParty/VFX_Klaus/Meshes/fbx_fx_half_sphere.FBX","Use for spell bursts and ground impacts; air variants attach to targets, floor variants sit on ground."
"VFX_Klaus","Stylized Element Splash Vol.3","Elemental Splash / Burst","Splash; Explosion","","FX_splash_explosion_air","Assets/ThirdParty/VFX_Klaus/Prefabs/Stylized_Element_Splash_vol.3/FX_splash_explosion_air.prefab","6","6","6","0","0","0","0","0","0","0","0","2","0","0","0","ParticleSystem:6; ParticleSystemRenderer:6; GameObject:6; Transform:6","Assets/ThirdParty/VFX_Klaus/Materials/Mat_fx_elements_set_01_highlight_inner.mat; Assets/ThirdParty/VFX_Klaus/Materials/Mat_fx_elements_set_03_highlight_inner.mat; Assets/ThirdParty/VFX_Klaus/Meshes/fbx_fx_half_sphere.FBX","Use for spell bursts and ground impacts; air variants attach to targets, floor variants sit on ground."
"VFX_Klaus","Stylized Element Splash Vol.3","Elemental Splash / Burst","Splash; Explosion","Ground/Area","FX_splash_explosion_floor","Assets/ThirdParty/VFX_Klaus/Prefabs/Stylized_Element_Splash_vol.3/FX_splash_explosion_floor.prefab","8","8","8","0","0","0","0","0","0","0","0","2","0","0","0","ParticleSystem:8; ParticleSystemRenderer:8; GameObject:8; Transform:8","Assets/ThirdParty/VFX_Klaus/Materials/Mat_fx_elements_set_01_highlight_inner.mat; Assets/ThirdParty/VFX_Klaus/Materials/Mat_fx_elements_set_03_highlight_inner.mat; Assets/ThirdParty/VFX_Klaus/Meshes/fbx_fx_half_sphere.FBX","Use for spell bursts and ground impacts; air variants attach to targets, floor variants sit on ground."
"VFX_Klaus","Stylized Element Splash Vol.3","Elemental Splash / Burst","Splash; Fire","","FX_splash_fire_air","Assets/ThirdParty/VFX_Klaus/Prefabs/Stylized_Element_Splash_vol.3/FX_splash_fire_air.prefab","6","6","6","0","0","0","0","0","0","0","0","1","0","0","0","ParticleSystem:6; ParticleSystemRenderer:6; GameObject:6; Transform:6","Assets/ThirdParty/VFX_Klaus/Materials/Mat_fx_elements_set_01_highlight_inner.mat","Use for spell bursts and ground impacts; air variants attach to targets, floor variants sit on ground."
"VFX_Klaus","Stylized Element Splash Vol.3","Elemental Splash / Burst","Splash; Fire","Ground/Area","FX_splash_fire_floor","Assets/ThirdParty/VFX_Klaus/Prefabs/Stylized_Element_Splash_vol.3/FX_splash_fire_floor.prefab","7","7","7","0","0","0","0","0","0","0","0","1","0","0","0","ParticleSystem:7; ParticleSystemRenderer:7; GameObject:7; Transform:7","Assets/ThirdParty/VFX_Klaus/Materials/Mat_fx_elements_set_01_highlight_inner.mat","Use for spell bursts and ground impacts; air variants attach to targets, floor variants sit on ground."
"VFX_Klaus","Stylized Element Splash Vol.3","Elemental Splash / Burst","Splash","","FX_splash_flash_air","Assets/ThirdParty/VFX_Klaus/Prefabs/Stylized_Element_Splash_vol.3/FX_splash_flash_air.prefab","8","8","8","0","0","0","0","0","0","0","0","1","0","0","0","ParticleSystem:8; ParticleSystemRenderer:8; GameObject:8; Transform:8","Assets/ThirdParty/VFX_Klaus/Materials/Mat_fx_elements_set_03_highlight_inner.mat; Assets/ThirdParty/VFX_Klaus/Meshes/fbx_fx_cylinder_03.FBX","Use for spell bursts and ground impacts; air variants attach to targets, floor variants sit on ground."
"VFX_Klaus","Stylized Element Splash Vol.3","Elemental Splash / Burst","Splash","Ground/Area","FX_splash_flash_floor","Assets/ThirdParty/VFX_Klaus/Prefabs/Stylized_Element_Splash_vol.3/FX_splash_flash_floor.prefab","12","12","12","0","0","0","0","0","0","0","0","1","0","0","0","ParticleSystem:12; ParticleSystemRenderer:12; GameObject:12; Transform:12","Assets/ThirdParty/VFX_Klaus/Materials/Mat_fx_elements_set_03_highlight_inner.mat; Assets/ThirdParty/VFX_Klaus/Meshes/fbx_fx_cylinder_03.FBX","Use for spell bursts and ground impacts; air variants attach to targets, floor variants sit on ground."
"VFX_Klaus","Stylized Element Splash Vol.3","Elemental Splash / Burst","Splash; Poison/Gas","","FX_splash_gas_air","Assets/ThirdParty/VFX_Klaus/Prefabs/Stylized_Element_Splash_vol.3/FX_splash_gas_air.prefab","8","8","8","0","0","0","0","0","0","0","0","3","0","0","0","ParticleSystem:8; ParticleSystemRenderer:8; GameObject:8; Transform:8","Assets/ThirdParty/VFX_Klaus/Materials/Mat_fx_elements_set_01_highlight_inner.mat; Assets/ThirdParty/VFX_Klaus/Meshes/fbx_fx_cylinder_03.FBX; Assets/ThirdParty/VFX_Klaus/Materials/Mat_fx_splash_set_highlight_inner.mat; Assets/ThirdParty/VFX_Klaus/Materials/Mat_fx_elements_set_03_highlight_inner.mat","Use for spell bursts and ground impacts; air variants attach to targets, floor variants sit on ground."
"VFX_Klaus","Stylized Element Splash Vol.3","Elemental Splash / Burst","Splash; Poison/Gas","Ground/Area","FX_splash_gas_floor","Assets/ThirdParty/VFX_Klaus/Prefabs/Stylized_Element_Splash_vol.3/FX_splash_gas_floor.prefab","9","9","9","0","0","0","0","0","0","0","0","3","0","0","0","ParticleSystem:9; ParticleSystemRenderer:9; GameObject:9; Transform:9","Assets/ThirdParty/VFX_Klaus/Materials/Mat_fx_elements_set_01_highlight_inner.mat; Assets/ThirdParty/VFX_Klaus/Meshes/fbx_fx_cylinder_03.FBX; Assets/ThirdParty/VFX_Klaus/Materials/Mat_fx_elements_set_03_highlight_inner.mat; Assets/ThirdParty/VFX_Klaus/Materials/Mat_fx_splash_set_highlight_inner.mat","Use for spell bursts and ground impacts; air variants attach to targets, floor variants sit on ground."
"VFX_Klaus","Stylized Element Splash Vol.3","Elemental Splash / Burst","Splash","Ground/Area","FX_splash_hand_floor","Assets/ThirdParty/VFX_Klaus/Prefabs/Stylized_Element_Splash_vol.3/FX_splash_hand_floor.prefab","10","10","10","0","0","0","0","0","0","0","0","2","0","0","0","ParticleSystem:10; ParticleSystemRenderer:10; GameObject:10; Transform:10","Assets/ThirdParty/VFX_Klaus/Materials/Mat_fx_elements_set_01_highlight_inner.mat; Assets/ThirdParty/VFX_Klaus/Materials/Mat_fx_elements_set_03_highlight_inner.mat; Assets/ThirdParty/VFX_Klaus/Meshes/fbx_fx_circle_01.FBX; Assets/ThirdParty/VFX_Klaus/Meshes/fbx_fx_circle_03.FBX","Use for spell bursts and ground impacts; air variants attach to targets, floor variants sit on ground."
"VFX_Klaus","Stylized Element Splash Vol.3","Elemental Splash / Burst","Splash","Ground/Area","FX_splash_meteor_floor","Assets/ThirdParty/VFX_Klaus/Prefabs/Stylized_Element_Splash_vol.3/FX_splash_meteor_floor.prefab","9","9","9","0","0","0","0","0","0","0","0","2","0","0","0","ParticleSystem:9; ParticleSystemRenderer:9; GameObject:9; Transform:9","Assets/ThirdParty/VFX_Klaus/Materials/Mat_fx_elements_set_03_highlight_inner.mat; Assets/ThirdParty/VFX_Klaus/Materials/Mat_fx_elements_set_01_highlight_inner.mat","Use for spell bursts and ground impacts; air variants attach to targets, floor variants sit on ground."
"VFX_Klaus","Stylized Element Splash Vol.3","Elemental Splash / Burst","Splash","Ground/Area","FX_splash_reaper_floor","Assets/ThirdParty/VFX_Klaus/Prefabs/Stylized_Element_Splash_vol.3/FX_splash_reaper_floor.prefab","9","9","9","0","0","0","0","0","0","0","0","3","0","0","0","ParticleSystem:9; ParticleSystemRenderer:9; GameObject:9; Transform:9","Assets/ThirdParty/VFX_Klaus/Materials/Mat_fx_elements_set_02_highlight_inner.mat; Assets/ThirdParty/VFX_Klaus/Materials/Mat_fx_elements_set_01_highlight_inner.mat; Assets/ThirdParty/VFX_Klaus/Meshes/fbx_fx_helix_02.FBX; Assets/ThirdParty/VFX_Klaus/Materials/Mat_fx_elements_set_03_highlight_inner.mat; Assets/ThirdParty/VFX_Klaus/Meshes/fbx_fx_circle_03.FBX","Use for spell bursts and ground impacts; air variants attach to targets, floor variants sit on ground."
"VFX_Klaus","Stylized Element Splash Vol.3","Elemental Splash / Burst","Splash","","FX_splash_stone_air","Assets/ThirdParty/VFX_Klaus/Prefabs/Stylized_Element_Splash_vol.3/FX_splash_stone_air.prefab","13","13","13","0","0","0","0","0","0","0","0","3","0","0","0","ParticleSystem:13; ParticleSystemRenderer:13; GameObject:13; Transform:13","Assets/ThirdParty/VFX_Klaus/Materials/Mat_fx_elements_set_01_highlight_inner.mat; Assets/ThirdParty/VFX_Klaus/Meshes/fbx_fx_circle_03.FBX; Assets/ThirdParty/VFX_Klaus/Materials/Mat_fx_elements_set_02_highlight_inner.mat; Assets/ThirdParty/VFX_Klaus/Materials/Mat_fx_elements_set_03_highlight_inner.mat","Use for spell bursts and ground impacts; air variants attach to targets, floor variants sit on ground."
"VFX_Klaus","Stylized Element Splash Vol.3","Elemental Splash / Burst","Splash","Ground/Area","FX_splash_stone_floor","Assets/ThirdParty/VFX_Klaus/Prefabs/Stylized_Element_Splash_vol.3/FX_splash_stone_floor.prefab","12","12","12","0","0","0","0","0","0","0","0","3","0","0","0","ParticleSystem:12; ParticleSystemRenderer:12; GameObject:12; Transform:12","Assets/ThirdParty/VFX_Klaus/Materials/Mat_fx_elements_set_03_highlight_inner.mat; Assets/ThirdParty/VFX_Klaus/Materials/Mat_fx_elements_set_01_highlight_inner.mat; Assets/ThirdParty/VFX_Klaus/Meshes/fbx_fx_circle_03.FBX; Assets/ThirdParty/VFX_Klaus/Materials/Mat_fx_elements_set_02_highlight_inner.mat","Use for spell bursts and ground impacts; air variants attach to targets, floor variants sit on ground."
"VFX_Klaus","Stylized Element Splash Vol.3","Elemental Splash / Burst","Splash","Ground/Area","FX_splash_tar_floor","Assets/ThirdParty/VFX_Klaus/Prefabs/Stylized_Element_Splash_vol.3/FX_splash_tar_floor.prefab","9","9","9","0","0","0","0","0","0","0","0","3","0","0","0","ParticleSystem:9; ParticleSystemRenderer:9; GameObject:9; Transform:9","Assets/ThirdParty/VFX_Klaus/Materials/Mat_fx_elements_set_03_highlight_inner.mat; Assets/ThirdParty/VFX_Klaus/Meshes/fbx_fx_half_sphere.FBX; Assets/ThirdParty/VFX_Klaus/Meshes/fbx_fx_circle_01.FBX; Assets/ThirdParty/VFX_Klaus/Materials/Mat_fx_splash_set_highlight_inner.mat; Assets/ThirdParty/VFX_Klaus/Materials/Mat_fx_elements_set_01_highlight_inner.mat","Use for spell bursts and ground impacts; air variants attach to targets, floor variants sit on ground."
"VFX_Klaus","Stylized Element Splash Vol.3","Elemental Splash / Burst","Splash; Nature","Ground/Area","FX_splash_thorn_01_floor","Assets/ThirdParty/VFX_Klaus/Prefabs/Stylized_Element_Splash_vol.3/FX_splash_thorn_01_floor.prefab","15","15","15","0","0","0","0","0","0","0","0","4","0","0","0","ParticleSystem:15; ParticleSystemRenderer:15; GameObject:15; Transform:15","Assets/ThirdParty/VFX_Klaus/Materials/Mat_fx_elements_set_03_highlight_inner.mat; Assets/ThirdParty/VFX_Klaus/Materials/Mat_fx_elements_set_02_highlight_inner.mat; Assets/ThirdParty/VFX_Klaus/Materials/Mat_fx_splash_set_highlight_inner.mat; Assets/ThirdParty/VFX_Klaus/Materials/Mat_fx_elements_set_01_highlight_inner.mat; Assets/ThirdParty/VFX_Klaus/Meshes/fbx_fx_circle_03.FBX","Use for spell bursts and ground impacts; air variants attach to targets, floor variants sit on ground."
"VFX_Klaus","Stylized Element Splash Vol.3","Elemental Splash / Burst","Splash; Nature","Ground/Area","FX_splash_thorn_02_floor","Assets/ThirdParty/VFX_Klaus/Prefabs/Stylized_Element_Splash_vol.3/FX_splash_thorn_02_floor.prefab","10","10","10","0","0","0","0","0","0","0","0","2","0","0","0","ParticleSystem:10; ParticleSystemRenderer:10; GameObject:10; Transform:10","Assets/ThirdParty/VFX_Klaus/Materials/Mat_fx_elements_set_03_highlight_inner.mat; Assets/ThirdParty/VFX_Klaus/Materials/Mat_fx_elements_set_01_highlight_inner.mat; Assets/ThirdParty/VFX_Klaus/Meshes/fbx_fx_circle_03.FBX","Use for spell bursts and ground impacts; air variants attach to targets, floor variants sit on ground."
"VFX_Klaus","Stylized Element Splash Vol.3","Melee Slash / Weapon Trail","Slash/Trail; Splash; Comic Text","","FX_splash_slash_air","Assets/ThirdParty/VFX_Klaus/Prefabs/Stylized_Element_Splash_vol.3/FX_splash_slash_air.prefab","6","6","6","0","0","0","0","0","0","0","0","4","0","0","0","ParticleSystem:6; ParticleSystemRenderer:6; GameObject:6; Transform:6","Assets/ThirdParty/VFX_Klaus/Materials/Mat_fx_elements_set_03_highlight_inner.mat; Assets/ThirdParty/VFX_Klaus/Materials/Mat_fx_elements_set_02_highlight_inner.mat; Assets/ThirdParty/VFX_Klaus/Meshes/Fbx_fx_slash.FBX; Assets/ThirdParty/VFX_Klaus/Materials/Mat_fx_splash_set_highlight_inner.mat; Assets/ThirdParty/VFX_Klaus/Materials/Mat_fx_elements_set_01_highlight_inner.mat; Assets/ThirdParty/VFX_Klaus/Meshes/fbx_fx_cylinder_03.FBX","Use for melee swings, sword arcs, and weapon trails; layer with hit sparks and speed lines."
"VFX_Klaus","Stylized Element Splash Vol.3","Melee Slash / Weapon Trail","Slash/Trail; Splash; Comic Text","Ground/Area","FX_splash_slash_floor","Assets/ThirdParty/VFX_Klaus/Prefabs/Stylized_Element_Splash_vol.3/FX_splash_slash_floor.prefab","6","6","6","0","0","0","0","0","0","0","0","4","0","0","0","ParticleSystem:6; ParticleSystemRenderer:6; GameObject:6; Transform:6","Assets/ThirdParty/VFX_Klaus/Materials/Mat_fx_elements_set_03_highlight_inner.mat; Assets/ThirdParty/VFX_Klaus/Meshes/Fbx_fx_slash.FBX; Assets/ThirdParty/VFX_Klaus/Materials/Mat_fx_elements_set_01_highlight_inner.mat; Assets/ThirdParty/VFX_Klaus/Meshes/fbx_fx_cylinder_03.FBX; Assets/ThirdParty/VFX_Klaus/Materials/Mat_fx_splash_set_highlight_inner.mat; Assets/ThirdParty/VFX_Klaus/Materials/Mat_fx_elements_set_02_highlight_inner.mat","Use for melee swings, sword arcs, and weapon trails; layer with hit sparks and speed lines."
"VFX_Klaus","Stylized Element Splash Vol.3","Melee Slash / Weapon Trail","Slash/Trail; Splash","Ground/Area","FX_splash_sword_floor","Assets/ThirdParty/VFX_Klaus/Prefabs/Stylized_Element_Splash_vol.3/FX_splash_sword_floor.prefab","20","20","20","0","0","0","0","0","0","0","0","3","0","0","0","ParticleSystem:20; ParticleSystemRenderer:20; GameObject:20; Transform:20","Assets/ThirdParty/VFX_Klaus/Materials/Mat_fx_elements_set_03_highlight_inner.mat; Assets/ThirdParty/VFX_Klaus/Meshes/fbx_fx_circle_03.FBX; Assets/ThirdParty/VFX_Klaus/Materials/Mat_fx_elements_set_01_highlight_inner.mat; Assets/ThirdParty/VFX_Klaus/Materials/Mat_fx_splash_set_highlight_inner.mat","Use for melee swings, sword arcs, and weapon trails; layer with hit sparks and speed lines."
"VFX_Klaus","Stylized Element Splash Vol.3","Projectile / Shoot Chain","Projectile; Splash","Ground/Area","FX_splash_arrow_floor","Assets/ThirdParty/VFX_Klaus/Prefabs/Stylized_Element_Splash_vol.3/FX_splash_arrow_floor.prefab","11","11","11","0","0","0","0","0","0","0","0","3","0","0","0","ParticleSystem:11; ParticleSystemRenderer:11; GameObject:11; Transform:11","Assets/ThirdParty/VFX_Klaus/Materials/Mat_fx_elements_set_03_highlight_inner.mat; Assets/ThirdParty/VFX_Klaus/Materials/Mat_fx_elements_set_01_highlight_inner.mat; Assets/ThirdParty/VFX_Klaus/Meshes/fbx_fx_circle_03.FBX; Assets/ThirdParty/VFX_Klaus/Materials/Mat_fx_splash_set_highlight_inner.mat; Assets/ThirdParty/VFX_Klaus/Meshes/fbx_fx_helix_02.FBX","Complete shoot chain or reusable part; split into muzzle/projectile/hit stages."
"VFX_Klaus","Stylized Hit & Slash","Melee Slash / Weapon Trail","Hit/Impact; Slash/Trail","","FX_hit_01","Assets/ThirdParty/VFX_Klaus/Prefabs/Stylized Hit & Slash/FX_hit_01.prefab","3","3","3","0","0","0","0","0","0","0","0","2","0","0","0","ParticleSystem:3; ParticleSystemRenderer:3; GameObject:3; Transform:3","Assets/ThirdParty/VFX_Klaus/Materials/Mat_fx_Hit&Slash_add.mat; Assets/ThirdParty/VFX_Klaus/Materials/Mat_fx_Hit&Slash_apb.mat","Use for melee swings, sword arcs, and weapon trails; layer with hit sparks and speed lines."
"VFX_Klaus","Stylized Hit & Slash","Melee Slash / Weapon Trail","Hit/Impact; Slash/Trail","","FX_hit_02","Assets/ThirdParty/VFX_Klaus/Prefabs/Stylized Hit & Slash/FX_hit_02.prefab","5","5","5","0","0","0","0","0","0","0","0","2","0","0","0","ParticleSystem:5; ParticleSystemRenderer:5; GameObject:5; Transform:5","Assets/ThirdParty/VFX_Klaus/Materials/Mat_fx_Hit&Slash_apb.mat; Assets/ThirdParty/VFX_Klaus/Materials/Mat_fx_Hit&Slash_add.mat","Use for melee swings, sword arcs, and weapon trails; layer with hit sparks and speed lines."
"VFX_Klaus","Stylized Hit & Slash","Melee Slash / Weapon Trail","Hit/Impact; Slash/Trail","","FX_hit_03","Assets/ThirdParty/VFX_Klaus/Prefabs/Stylized Hit & Slash/FX_hit_03.prefab","7","7","7","0","0","0","0","0","0","0","0","2","0","0","0","ParticleSystem:7; ParticleSystemRenderer:7; GameObject:7; Transform:7","Assets/ThirdParty/VFX_Klaus/Materials/Mat_fx_Hit&Slash_apb.mat; Assets/ThirdParty/VFX_Klaus/Materials/Mat_fx_Hit&Slash_add.mat","Use for melee swings, sword arcs, and weapon trails; layer with hit sparks and speed lines."
"VFX_Klaus","Stylized Hit & Slash","Melee Slash / Weapon Trail","Hit/Impact; Slash/Trail","","FX_hit_04","Assets/ThirdParty/VFX_Klaus/Prefabs/Stylized Hit & Slash/FX_hit_04.prefab","5","5","5","0","0","0","0","0","0","0","0","2","0","0","0","ParticleSystem:5; ParticleSystemRenderer:5; GameObject:5; Transform:5","Assets/ThirdParty/VFX_Klaus/Materials/Mat_fx_Hit&Slash_apb.mat; Assets/ThirdParty/VFX_Klaus/Materials/Mat_fx_Hit&Slash_add.mat","Use for melee swings, sword arcs, and weapon trails; layer with hit sparks and speed lines."
"VFX_Klaus","Stylized Hit & Slash","Melee Slash / Weapon Trail","Hit/Impact; Slash/Trail","","FX_hit_05","Assets/ThirdParty/VFX_Klaus/Prefabs/Stylized Hit & Slash/FX_hit_05.prefab","5","5","5","0","0","0","0","0","0","0","0","2","0","0","0","ParticleSystem:5; ParticleSystemRenderer:5; GameObject:5; Transform:5","Assets/ThirdParty/VFX_Klaus/Materials/Mat_fx_Hit&Slash_add.mat; Assets/ThirdParty/VFX_Klaus/Materials/Mat_fx_Hit&Slash_apb.mat","Use for melee swings, sword arcs, and weapon trails; layer with hit sparks and speed lines."
"VFX_Klaus","Stylized Hit & Slash","Melee Slash / Weapon Trail","Hit/Impact; Slash/Trail","","FX_hit_06","Assets/ThirdParty/VFX_Klaus/Prefabs/Stylized Hit & Slash/FX_hit_06.prefab","4","4","4","0","0","0","0","0","0","0","0","1","0","0","0","ParticleSystem:4; ParticleSystemRenderer:4; GameObject:4; Transform:4","Assets/ThirdParty/VFX_Klaus/Materials/Mat_fx_Hit&Slash_add.mat","Use for melee swings, sword arcs, and weapon trails; layer with hit sparks and speed lines."
"VFX_Klaus","Stylized Hit & Slash","Melee Slash / Weapon Trail","Hit/Impact; Slash/Trail","","FX_hit_07","Assets/ThirdParty/VFX_Klaus/Prefabs/Stylized Hit & Slash/FX_hit_07.prefab","6","6","6","0","0","0","0","0","0","0","0","2","0","0","0","ParticleSystem:6; ParticleSystemRenderer:6; GameObject:6; Transform:6","Assets/ThirdParty/VFX_Klaus/Materials/Mat_fx_Hit&Slash_add.mat; Assets/ThirdParty/VFX_Klaus/Materials/Mat_fx_Hit&Slash_apb.mat","Use for melee swings, sword arcs, and weapon trails; layer with hit sparks and speed lines."
"VFX_Klaus","Stylized Hit & Slash","Melee Slash / Weapon Trail","Hit/Impact; Slash/Trail","","FX_hit_08","Assets/ThirdParty/VFX_Klaus/Prefabs/Stylized Hit & Slash/FX_hit_08.prefab","5","5","5","0","0","0","0","0","0","0","0","2","0","0","0","ParticleSystem:5; ParticleSystemRenderer:5; GameObject:5; Transform:5","Assets/ThirdParty/VFX_Klaus/Materials/Mat_fx_Hit&Slash_apb.mat; Assets/ThirdParty/VFX_Klaus/Materials/Mat_fx_Hit&Slash_add.mat","Use for melee swings, sword arcs, and weapon trails; layer with hit sparks and speed lines."
"VFX_Klaus","Stylized Hit & Slash","Melee Slash / Weapon Trail","Hit/Impact; Slash/Trail","","FX_hit_09","Assets/ThirdParty/VFX_Klaus/Prefabs/Stylized Hit & Slash/FX_hit_09.prefab","6","6","6","0","0","0","0","0","0","0","0","2","0","0","0","ParticleSystem:6; ParticleSystemRenderer:6; GameObject:6; Transform:6","Assets/ThirdParty/VFX_Klaus/Materials/Mat_fx_Hit&Slash_add.mat; Assets/ThirdParty/VFX_Klaus/Materials/Mat_fx_Hit&Slash_apb.mat","Use for melee swings, sword arcs, and weapon trails; layer with hit sparks and speed lines."
"VFX_Klaus","Stylized Hit & Slash","Melee Slash / Weapon Trail","Hit/Impact; Slash/Trail","","FX_hit_10","Assets/ThirdParty/VFX_Klaus/Prefabs/Stylized Hit & Slash/FX_hit_10.prefab","4","4","4","0","0","0","0","0","0","0","0","2","0","0","0","ParticleSystem:4; ParticleSystemRenderer:4; GameObject:4; Transform:4","Assets/ThirdParty/VFX_Klaus/Materials/Mat_fx_Hit&Slash_add.mat; Assets/ThirdParty/VFX_Klaus/Materials/Mat_fx_Hit&Slash_apb.mat","Use for melee swings, sword arcs, and weapon trails; layer with hit sparks and speed lines."
"VFX_Klaus","Stylized Hit & Slash","Melee Slash / Weapon Trail","Hit/Impact; Slash/Trail","","FX_hit_11","Assets/ThirdParty/VFX_Klaus/Prefabs/Stylized Hit & Slash/FX_hit_11.prefab","6","6","6","0","0","0","0","0","0","0","0","2","0","0","0","ParticleSystem:6; ParticleSystemRenderer:6; GameObject:6; Transform:6","Assets/ThirdParty/VFX_Klaus/Materials/Mat_fx_Hit&Slash_apb.mat; Assets/ThirdParty/VFX_Klaus/Materials/Mat_fx_Hit&Slash_add.mat","Use for melee swings, sword arcs, and weapon trails; layer with hit sparks and speed lines."
"VFX_Klaus","Stylized Hit & Slash","Melee Slash / Weapon Trail","Hit/Impact; Slash/Trail","","FX_hit_12","Assets/ThirdParty/VFX_Klaus/Prefabs/Stylized Hit & Slash/FX_hit_12.prefab","11","11","11","0","0","0","0","0","0","0","0","2","0","0","0","ParticleSystem:11; ParticleSystemRenderer:11; GameObject:11; Transform:11","Assets/ThirdParty/VFX_Klaus/Materials/Mat_fx_Hit&Slash_apb.mat; Assets/ThirdParty/VFX_Klaus/Materials/Mat_fx_Hit&Slash_add.mat","Use for melee swings, sword arcs, and weapon trails; layer with hit sparks and speed lines."
"VFX_Klaus","Stylized Hit & Slash","Melee Slash / Weapon Trail","Hit/Impact; Slash/Trail","","FX_hit_13","Assets/ThirdParty/VFX_Klaus/Prefabs/Stylized Hit & Slash/FX_hit_13.prefab","4","4","4","0","0","0","0","0","0","0","0","1","0","0","0","ParticleSystem:4; ParticleSystemRenderer:4; GameObject:4; Transform:4","Assets/ThirdParty/VFX_Klaus/Materials/Mat_fx_Hit&Slash_add.mat","Use for melee swings, sword arcs, and weapon trails; layer with hit sparks and speed lines."
"VFX_Klaus","Stylized Hit & Slash","Melee Slash / Weapon Trail","Hit/Impact; Slash/Trail","","FX_hit_14","Assets/ThirdParty/VFX_Klaus/Prefabs/Stylized Hit & Slash/FX_hit_14.prefab","4","4","4","0","0","0","0","0","0","0","0","2","0","0","0","ParticleSystem:4; ParticleSystemRenderer:4; GameObject:4; Transform:4","Assets/ThirdParty/VFX_Klaus/Materials/Mat_fx_Hit&Slash_add.mat; Assets/ThirdParty/VFX_Klaus/Materials/Mat_fx_Hit&Slash_apb.mat","Use for melee swings, sword arcs, and weapon trails; layer with hit sparks and speed lines."
"VFX_Klaus","Stylized Hit & Slash","Melee Slash / Weapon Trail","Hit/Impact; Slash/Trail","","FX_hit_15","Assets/ThirdParty/VFX_Klaus/Prefabs/Stylized Hit & Slash/FX_hit_15.prefab","5","5","5","0","0","0","0","0","0","0","0","2","0","0","0","ParticleSystem:5; ParticleSystemRenderer:5; GameObject:5; Transform:5","Assets/ThirdParty/VFX_Klaus/Materials/Mat_fx_Hit&Slash_apb.mat; Assets/ThirdParty/VFX_Klaus/Materials/Mat_fx_Hit&Slash_add.mat","Use for melee swings, sword arcs, and weapon trails; layer with hit sparks and speed lines."
"VFX_Klaus","Stylized Hit & Slash","Melee Slash / Weapon Trail","Hit/Impact; Slash/Trail; Liquid/Blood","","FX_hit_blood","Assets/ThirdParty/VFX_Klaus/Prefabs/Stylized Hit & Slash/FX_hit_blood.prefab","2","2","2","0","0","0","0","0","0","0","0","1","0","0","0","ParticleSystem:2; ParticleSystemRenderer:2; GameObject:2; Transform:2","Assets/ThirdParty/VFX_Klaus/Materials/Mat_fx_Hit&Slash_apb.mat","Use for melee swings, sword arcs, and weapon trails; layer with hit sparks and speed lines."
"VFX_Klaus","Stylized Hit & Slash","Melee Slash / Weapon Trail","Hit/Impact; Slash/Trail; Electric","","FX_hit_electric","Assets/ThirdParty/VFX_Klaus/Prefabs/Stylized Hit & Slash/FX_hit_electric.prefab","2","2","2","0","0","0","0","0","0","0","0","1","0","0","0","ParticleSystem:2; ParticleSystemRenderer:2; GameObject:2; Transform:2","Assets/ThirdParty/VFX_Klaus/Materials/Mat_fx_Hit&Slash_add.mat","Use for melee swings, sword arcs, and weapon trails; layer with hit sparks and speed lines."
"VFX_Klaus","Stylized Hit & Slash","Melee Slash / Weapon Trail","Hit/Impact; Slash/Trail; Electric","","FX_hit_spark","Assets/ThirdParty/VFX_Klaus/Prefabs/Stylized Hit & Slash/FX_hit_spark.prefab","2","2","2","0","0","0","0","0","0","0","0","1","0","0","0","ParticleSystem:2; ParticleSystemRenderer:2; GameObject:2; Transform:2","Assets/ThirdParty/VFX_Klaus/Materials/Mat_fx_Hit&Slash_add.mat","Use for melee swings, sword arcs, and weapon trails; layer with hit sparks and speed lines."
"VFX_Klaus","Stylized Hit & Slash","Melee Slash / Weapon Trail","Hit/Impact; Slash/Trail; Comic Text","","FX_slash_01","Assets/ThirdParty/VFX_Klaus/Prefabs/Stylized Hit & Slash/FX_slash_01.prefab","3","3","3","0","0","0","0","0","0","0","0","2","0","0","0","ParticleSystem:3; ParticleSystemRenderer:3; GameObject:3; Transform:3","Assets/ThirdParty/VFX_Klaus/Materials/Mat_fx_Hit&Slash_apb.mat; Assets/ThirdParty/VFX_Klaus/Meshes/Fbx_fx_slash.FBX; Assets/ThirdParty/VFX_Klaus/Materials/Mat_fx_Hit&Slash_add.mat","Use for melee swings, sword arcs, and weapon trails; layer with hit sparks and speed lines."
"VFX_Klaus","Stylized Hit & Slash","Melee Slash / Weapon Trail","Hit/Impact; Slash/Trail; Comic Text","","FX_slash_02","Assets/ThirdParty/VFX_Klaus/Prefabs/Stylized Hit & Slash/FX_slash_02.prefab","8","8","8","0","0","0","0","0","0","0","0","2","0","0","0","ParticleSystem:8; ParticleSystemRenderer:8; GameObject:8; Transform:8","Assets/ThirdParty/VFX_Klaus/Materials/Mat_fx_Hit&Slash_apb.mat; Assets/ThirdParty/VFX_Klaus/Materials/Mat_fx_Hit&Slash_add.mat; Assets/ThirdParty/VFX_Klaus/Meshes/Fbx_fx_slash.FBX","Use for melee swings, sword arcs, and weapon trails; layer with hit sparks and speed lines."
"VFX_Klaus","Stylized Hit & Slash","Melee Slash / Weapon Trail","Hit/Impact; Slash/Trail; Comic Text","","FX_slash_03","Assets/ThirdParty/VFX_Klaus/Prefabs/Stylized Hit & Slash/FX_slash_03.prefab","7","7","7","0","0","0","0","0","0","0","0","2","0","0","0","ParticleSystem:7; ParticleSystemRenderer:7; GameObject:7; Transform:7","Assets/ThirdParty/VFX_Klaus/Materials/Mat_fx_Hit&Slash_apb.mat; Assets/ThirdParty/VFX_Klaus/Meshes/Fbx_fx_slash.FBX; Assets/ThirdParty/VFX_Klaus/Materials/Mat_fx_Hit&Slash_add.mat","Use for melee swings, sword arcs, and weapon trails; layer with hit sparks and speed lines."
"VFX_Klaus","Stylized Hit & Slash","Melee Slash / Weapon Trail","Hit/Impact; Slash/Trail; Comic Text","","FX_slash_04","Assets/ThirdParty/VFX_Klaus/Prefabs/Stylized Hit & Slash/FX_slash_04.prefab","3","3","3","0","0","0","0","0","0","0","0","1","0","0","0","ParticleSystem:3; ParticleSystemRenderer:3; GameObject:3; Transform:3","Assets/ThirdParty/VFX_Klaus/Materials/Mat_fx_Hit&Slash_apb.mat; Assets/ThirdParty/VFX_Klaus/Meshes/Fbx_fx_slash.FBX","Use for melee swings, sword arcs, and weapon trails; layer with hit sparks and speed lines."
"VFX_Klaus","Stylized Hit & Slash","Melee Slash / Weapon Trail","Hit/Impact; Slash/Trail; Comic Text","","FX_slash_05","Assets/ThirdParty/VFX_Klaus/Prefabs/Stylized Hit & Slash/FX_slash_05.prefab","3","3","3","0","0","0","0","0","0","0","0","2","0","0","0","ParticleSystem:3; ParticleSystemRenderer:3; GameObject:3; Transform:3","Assets/ThirdParty/VFX_Klaus/Materials/Mat_fx_Hit&Slash_add.mat; Assets/ThirdParty/VFX_Klaus/Meshes/Fbx_fx_slash.FBX; Assets/ThirdParty/VFX_Klaus/Materials/Mat_fx_Hit&Slash_apb.mat","Use for melee swings, sword arcs, and weapon trails; layer with hit sparks and speed lines."
"VFX_Klaus","Stylized Hit & Slash","Melee Slash / Weapon Trail","Hit/Impact; Slash/Trail; Comic Text","","FX_slash_06","Assets/ThirdParty/VFX_Klaus/Prefabs/Stylized Hit & Slash/FX_slash_06.prefab","5","5","5","0","0","0","0","0","0","0","0","1","0","0","0","ParticleSystem:5; ParticleSystemRenderer:5; GameObject:5; Transform:5","Assets/ThirdParty/VFX_Klaus/Materials/Mat_fx_Hit&Slash_add.mat; Assets/ThirdParty/VFX_Klaus/Meshes/Fbx_fx_slash.FBX","Use for melee swings, sword arcs, and weapon trails; layer with hit sparks and speed lines."
"VFX_Klaus","Stylized Hit & Slash","Melee Slash / Weapon Trail","Hit/Impact; Slash/Trail; Comic Text","","FX_slash_07","Assets/ThirdParty/VFX_Klaus/Prefabs/Stylized Hit & Slash/FX_slash_07.prefab","5","5","5","0","0","0","0","0","0","0","0","2","0","0","0","ParticleSystem:5; ParticleSystemRenderer:5; GameObject:5; Transform:5","Assets/ThirdParty/VFX_Klaus/Materials/Mat_fx_Hit&Slash_add.mat; Assets/ThirdParty/VFX_Klaus/Meshes/Fbx_fx_slash.FBX; Assets/ThirdParty/VFX_Klaus/Materials/Mat_fx_Hit&Slash_apb.mat","Use for melee swings, sword arcs, and weapon trails; layer with hit sparks and speed lines."
"VFX_Klaus","Stylized Hit & Slash","Melee Slash / Weapon Trail","Hit/Impact; Slash/Trail; Comic Text","","FX_slash_08","Assets/ThirdParty/VFX_Klaus/Prefabs/Stylized Hit & Slash/FX_slash_08.prefab","6","6","6","0","0","0","0","0","0","0","0","2","0","0","0","ParticleSystem:6; ParticleSystemRenderer:6; GameObject:6; Transform:6","Assets/ThirdParty/VFX_Klaus/Materials/Mat_fx_Hit&Slash_add.mat; Assets/ThirdParty/VFX_Klaus/Materials/Mat_fx_Hit&Slash_apb.mat; Assets/ThirdParty/VFX_Klaus/Meshes/Fbx_fx_slash.FBX","Use for melee swings, sword arcs, and weapon trails; layer with hit sparks and speed lines."
"VFX_Klaus","Stylized Hit & Slash","Melee Slash / Weapon Trail","Hit/Impact; Slash/Trail; Comic Text","","FX_slash_09","Assets/ThirdParty/VFX_Klaus/Prefabs/Stylized Hit & Slash/FX_slash_09.prefab","5","5","5","0","0","0","0","0","0","0","0","2","0","0","0","ParticleSystem:5; ParticleSystemRenderer:5; GameObject:5; Transform:5","Assets/ThirdParty/VFX_Klaus/Materials/Mat_fx_Hit&Slash_apb.mat; Assets/ThirdParty/VFX_Klaus/Meshes/Fbx_fx_slash.FBX; Assets/ThirdParty/VFX_Klaus/Materials/Mat_fx_Hit&Slash_add.mat","Use for melee swings, sword arcs, and weapon trails; layer with hit sparks and speed lines."
"VFX_Klaus","Stylized Hit & Slash","Melee Slash / Weapon Trail","Hit/Impact; Slash/Trail; Comic Text","","FX_slash_10","Assets/ThirdParty/VFX_Klaus/Prefabs/Stylized Hit & Slash/FX_slash_10.prefab","3","3","3","0","0","0","0","0","0","0","0","2","0","0","0","ParticleSystem:3; ParticleSystemRenderer:3; GameObject:3; Transform:3","Assets/ThirdParty/VFX_Klaus/Materials/Mat_fx_Hit&Slash_apb.mat; Assets/ThirdParty/VFX_Klaus/Meshes/Fbx_fx_slash.FBX; Assets/ThirdParty/VFX_Klaus/Materials/Mat_fx_Hit&Slash_add.mat","Use for melee swings, sword arcs, and weapon trails; layer with hit sparks and speed lines."
"VFX_Klaus","Stylized Hit & Slash","Melee Slash / Weapon Trail","Hit/Impact; Slash/Trail; Comic Text","","FX_slash_11","Assets/ThirdParty/VFX_Klaus/Prefabs/Stylized Hit & Slash/FX_slash_11.prefab","3","3","3","0","0","0","0","0","0","0","0","1","0","0","0","ParticleSystem:3; ParticleSystemRenderer:3; GameObject:3; Transform:3","Assets/ThirdParty/VFX_Klaus/Materials/Mat_fx_Hit&Slash_add.mat; Assets/ThirdParty/VFX_Klaus/Meshes/Fbx_fx_slash.FBX","Use for melee swings, sword arcs, and weapon trails; layer with hit sparks and speed lines."
"VFX_Klaus","Stylized Hit & Slash","Melee Slash / Weapon Trail","Hit/Impact; Slash/Trail; Comic Text","","FX_slash_12","Assets/ThirdParty/VFX_Klaus/Prefabs/Stylized Hit & Slash/FX_slash_12.prefab","3","3","3","0","0","0","0","0","0","0","0","1","0","0","0","ParticleSystem:3; ParticleSystemRenderer:3; GameObject:3; Transform:3","Assets/ThirdParty/VFX_Klaus/Materials/Mat_fx_Hit&Slash_apb.mat; Assets/ThirdParty/VFX_Klaus/Meshes/Fbx_fx_slash.FBX","Use for melee swings, sword arcs, and weapon trails; layer with hit sparks and speed lines."
"VFX_Klaus","Stylized Hit & Slash","Melee Slash / Weapon Trail","Hit/Impact; Slash/Trail; Comic Text","","FX_slash_13","Assets/ThirdParty/VFX_Klaus/Prefabs/Stylized Hit & Slash/FX_slash_13.prefab","5","5","5","0","0","0","0","0","0","0","0","1","0","0","0","ParticleSystem:5; ParticleSystemRenderer:5; GameObject:5; Transform:5","Assets/ThirdParty/VFX_Klaus/Materials/Mat_fx_Hit&Slash_add.mat; Assets/ThirdParty/VFX_Klaus/Meshes/Fbx_fx_slash.FBX","Use for melee swings, sword arcs, and weapon trails; layer with hit sparks and speed lines."
"VFX_Klaus","Stylized Hit & Slash","Melee Slash / Weapon Trail","Hit/Impact; Slash/Trail; Comic Text","","FX_slash_14","Assets/ThirdParty/VFX_Klaus/Prefabs/Stylized Hit & Slash/FX_slash_14.prefab","2","2","2","0","0","0","0","0","0","0","0","2","0","0","0","ParticleSystem:2; ParticleSystemRenderer:2; GameObject:2; Transform:2","Assets/ThirdParty/VFX_Klaus/Materials/Mat_fx_Hit&Slash_add.mat; Assets/ThirdParty/VFX_Klaus/Meshes/Fbx_fx_slash.FBX; Assets/ThirdParty/VFX_Klaus/Materials/Mat_fx_Hit&Slash_apb.mat","Use for melee swings, sword arcs, and weapon trails; layer with hit sparks and speed lines."
"VFX_Klaus","Stylized Hit & Slash","Melee Slash / Weapon Trail","Hit/Impact; Slash/Trail; Comic Text","","FX_slash_15","Assets/ThirdParty/VFX_Klaus/Prefabs/Stylized Hit & Slash/FX_slash_15.prefab","4","4","4","0","0","0","0","0","0","0","0","2","0","0","0","ParticleSystem:4; ParticleSystemRenderer:4; GameObject:4; Transform:4","Assets/ThirdParty/VFX_Klaus/Materials/Mat_fx_Hit&Slash_add.mat; Assets/ThirdParty/VFX_Klaus/Meshes/Fbx_fx_slash.FBX; Assets/ThirdParty/VFX_Klaus/Materials/Mat_fx_Hit&Slash_apb.mat","Use for melee swings, sword arcs, and weapon trails; layer with hit sparks and speed lines."
"VFX_Klaus","Stylized Shoot & Hit","Projectile / Shoot Chain","Projectile; Hit/Impact","","FX_Shoot_01","Assets/ThirdParty/VFX_Klaus/Prefabs/Stylized Shoot & Hit/Prefab/FX_Shoot_01.prefab","1","0","0","0","0","0","0","0","0","1","1","0","0","1","3","BoxCollider:1; Rigidbody:1; PrefabInstance:1; GameObject:1; Transform:1; MonoBehaviour:1","Assets/ThirdParty/VFX_Klaus/Scripts/ProjectileMove.cs; Assets/ThirdParty/VFX_Klaus/Prefabs/Stylized Shoot & Hit/FX_Shoot_01_muzzle.prefab; Assets/ThirdParty/VFX_Klaus/Prefabs/Stylized Shoot & Hit/FX_Shoot_01_hit.prefab; Assets/ThirdParty/VFX_Klaus/Prefabs/Stylized Shoot & Hit/FX_Shoot_01_projectile.prefab","Impact moment; pair with same-name muzzle/projectile prefabs when possible."
"VFX_Klaus","Stylized Shoot & Hit","Projectile / Shoot Chain","Projectile; Hit/Impact","","FX_Shoot_01_hit","Assets/ThirdParty/VFX_Klaus/Prefabs/Stylized Shoot & Hit/FX_Shoot_01_hit.prefab","3","3","3","0","0","0","0","0","0","0","0","1","0","0","0","ParticleSystem:3; ParticleSystemRenderer:3; GameObject:3; Transform:3","Assets/ThirdParty/VFX_Klaus/Materials/Mat_fx_Shoot&Hit_set_add.mat; Assets/ThirdParty/VFX_Klaus/Meshes/Fbx_fx_muzzle_fire.fbx","Impact moment; pair with same-name muzzle/projectile prefabs when possible."
"VFX_Klaus","Stylized Shoot & Hit","Projectile / Shoot Chain","Muzzle; Projectile; Hit/Impact","","FX_Shoot_01_muzzle","Assets/ThirdParty/VFX_Klaus/Prefabs/Stylized Shoot & Hit/FX_Shoot_01_muzzle.prefab","3","3","3","0","0","0","0","0","0","0","0","1","0","0","0","ParticleSystem:3; ParticleSystemRenderer:3; GameObject:3; Transform:3","Assets/ThirdParty/VFX_Klaus/Materials/Mat_fx_Shoot&Hit_set_add.mat; Assets/ThirdParty/VFX_Klaus/Meshes/Fbx_fx_muzzle_fire.fbx","Spawn at caster, muzzle, or weapon tip; pair with same-name projectile and hit prefabs."
"VFX_Klaus","Stylized Shoot & Hit","Projectile / Shoot Chain","Projectile; Hit/Impact","","FX_Shoot_01_projectile","Assets/ThirdParty/VFX_Klaus/Prefabs/Stylized Shoot & Hit/FX_Shoot_01_projectile.prefab","1","1","1","0","0","0","0","0","0","0","0","1","0","0","0","ParticleSystem:1; ParticleSystemRenderer:1; GameObject:1; Transform:1","Assets/ThirdParty/VFX_Klaus/Materials/Mat_fx_Shoot&Hit_set_add.mat","Flying segment; usually needs gameplay code for direction, speed, collision, and hit spawning."
"VFX_Klaus","Stylized Shoot & Hit","Projectile / Shoot Chain","Projectile; Hit/Impact","","FX_Shoot_02","Assets/ThirdParty/VFX_Klaus/Prefabs/Stylized Shoot & Hit/Prefab/FX_Shoot_02.prefab","1","0","0","0","0","0","0","0","0","1","1","0","0","1","3","BoxCollider:1; Rigidbody:1; PrefabInstance:1; GameObject:1; Transform:1; MonoBehaviour:1","Assets/ThirdParty/VFX_Klaus/Scripts/ProjectileMove.cs; Assets/ThirdParty/VFX_Klaus/Prefabs/Stylized Shoot & Hit/FX_Shoot_02_muzzle.prefab; Assets/ThirdParty/VFX_Klaus/Prefabs/Stylized Shoot & Hit/FX_Shoot_02_hit.prefab; Assets/ThirdParty/VFX_Klaus/Prefabs/Stylized Shoot & Hit/FX_Shoot_02_projectile.prefab","Impact moment; pair with same-name muzzle/projectile prefabs when possible."
"VFX_Klaus","Stylized Shoot & Hit","Projectile / Shoot Chain","Projectile; Hit/Impact","","FX_Shoot_02_hit","Assets/ThirdParty/VFX_Klaus/Prefabs/Stylized Shoot & Hit/FX_Shoot_02_hit.prefab","3","3","3","0","0","0","0","0","0","0","0","1","0","0","0","ParticleSystem:3; ParticleSystemRenderer:3; GameObject:3; Transform:3","Assets/ThirdParty/VFX_Klaus/Materials/Mat_fx_Shoot&Hit_set_add.mat; Assets/ThirdParty/VFX_Klaus/Meshes/Fbx_fx_muzzle_fire.fbx","Impact moment; pair with same-name muzzle/projectile prefabs when possible."
"VFX_Klaus","Stylized Shoot & Hit","Projectile / Shoot Chain","Muzzle; Projectile; Hit/Impact","","FX_Shoot_02_muzzle","Assets/ThirdParty/VFX_Klaus/Prefabs/Stylized Shoot & Hit/FX_Shoot_02_muzzle.prefab","4","4","4","0","0","0","0","0","0","0","0","1","0","0","0","ParticleSystem:4; ParticleSystemRenderer:4; GameObject:4; Transform:4","Assets/ThirdParty/VFX_Klaus/Materials/Mat_fx_Shoot&Hit_set_add.mat","Spawn at caster, muzzle, or weapon tip; pair with same-name projectile and hit prefabs."
"VFX_Klaus","Stylized Shoot & Hit","Projectile / Shoot Chain","Projectile; Hit/Impact","","FX_Shoot_02_projectile","Assets/ThirdParty/VFX_Klaus/Prefabs/Stylized Shoot & Hit/FX_Shoot_02_projectile.prefab","3","3","3","0","0","0","0","0","0","0","0","1","0","0","0","ParticleSystem:3; ParticleSystemRenderer:3; GameObject:3; Transform:3","Assets/ThirdParty/VFX_Klaus/Materials/Mat_fx_Shoot&Hit_set_add.mat; Assets/ThirdParty/VFX_Klaus/Meshes/Fbx_fx_square_cone.fbx","Flying segment; usually needs gameplay code for direction, speed, collision, and hit spawning."
"VFX_Klaus","Stylized Shoot & Hit","Projectile / Shoot Chain","Projectile; Hit/Impact","","FX_Shoot_03","Assets/ThirdParty/VFX_Klaus/Prefabs/Stylized Shoot & Hit/Prefab/FX_Shoot_03.prefab","1","0","0","0","0","0","0","0","0","1","1","0","0","1","3","BoxCollider:1; Rigidbody:1; PrefabInstance:1; GameObject:1; Transform:1; MonoBehaviour:1","Assets/ThirdParty/VFX_Klaus/Scripts/ProjectileMove.cs; Assets/ThirdParty/VFX_Klaus/Prefabs/Stylized Shoot & Hit/FX_Shoot_03_muzzle.prefab; Assets/ThirdParty/VFX_Klaus/Prefabs/Stylized Shoot & Hit/FX_Shoot_03_hit.prefab; Assets/ThirdParty/VFX_Klaus/Prefabs/Stylized Shoot & Hit/FX_Shoot_03_projectile.prefab","Impact moment; pair with same-name muzzle/projectile prefabs when possible."
"VFX_Klaus","Stylized Shoot & Hit","Projectile / Shoot Chain","Projectile; Hit/Impact","","FX_Shoot_03_hit","Assets/ThirdParty/VFX_Klaus/Prefabs/Stylized Shoot & Hit/FX_Shoot_03_hit.prefab","3","3","3","0","0","0","0","0","0","0","0","1","0","0","0","ParticleSystem:3; ParticleSystemRenderer:3; GameObject:3; Transform:3","Assets/ThirdParty/VFX_Klaus/Materials/Mat_fx_Shoot&Hit_set_add.mat; Assets/ThirdParty/VFX_Klaus/Meshes/Fbx_fx_muzzle_fire.fbx","Impact moment; pair with same-name muzzle/projectile prefabs when possible."
"VFX_Klaus","Stylized Shoot & Hit","Projectile / Shoot Chain","Muzzle; Projectile; Hit/Impact","","FX_Shoot_03_muzzle","Assets/ThirdParty/VFX_Klaus/Prefabs/Stylized Shoot & Hit/FX_Shoot_03_muzzle.prefab","3","3","3","0","0","0","0","0","0","0","0","1","0","0","0","ParticleSystem:3; ParticleSystemRenderer:3; GameObject:3; Transform:3","Assets/ThirdParty/VFX_Klaus/Materials/Mat_fx_Shoot&Hit_set_add.mat; Assets/ThirdParty/VFX_Klaus/Meshes/Fbx_fx_muzzle_fire.fbx","Spawn at caster, muzzle, or weapon tip; pair with same-name projectile and hit prefabs."
"VFX_Klaus","Stylized Shoot & Hit","Projectile / Shoot Chain","Projectile; Hit/Impact","","FX_Shoot_03_projectile","Assets/ThirdParty/VFX_Klaus/Prefabs/Stylized Shoot & Hit/FX_Shoot_03_projectile.prefab","2","2","2","0","0","0","0","0","0","0","0","1","0","0","0","ParticleSystem:2; ParticleSystemRenderer:2; GameObject:2; Transform:2","Assets/ThirdParty/VFX_Klaus/Materials/Mat_fx_Shoot&Hit_set_add.mat; Assets/ThirdParty/VFX_Klaus/Meshes/Fbx_fx_square_cone.fbx","Flying segment; usually needs gameplay code for direction, speed, collision, and hit spawning."
"VFX_Klaus","Stylized Shoot & Hit","Projectile / Shoot Chain","Projectile; Hit/Impact","","FX_Shoot_04","Assets/ThirdParty/VFX_Klaus/Prefabs/Stylized Shoot & Hit/Prefab/FX_Shoot_04.prefab","1","0","0","0","0","0","0","0","0","1","1","0","0","1","3","BoxCollider:1; Rigidbody:1; PrefabInstance:1; GameObject:1; Transform:1; MonoBehaviour:1","Assets/ThirdParty/VFX_Klaus/Scripts/ProjectileMove.cs; Assets/ThirdParty/VFX_Klaus/Prefabs/Stylized Shoot & Hit/FX_Shoot_04_muzzle.prefab; Assets/ThirdParty/VFX_Klaus/Prefabs/Stylized Shoot & Hit/FX_Shoot_04_hit.prefab; Assets/ThirdParty/VFX_Klaus/Prefabs/Stylized Shoot & Hit/FX_Shoot_04_projectile.prefab","Impact moment; pair with same-name muzzle/projectile prefabs when possible."
"VFX_Klaus","Stylized Shoot & Hit","Projectile / Shoot Chain","Projectile; Hit/Impact","","FX_Shoot_04_hit","Assets/ThirdParty/VFX_Klaus/Prefabs/Stylized Shoot & Hit/FX_Shoot_04_hit.prefab","4","4","4","0","0","0","0","0","0","0","0","1","0","0","0","ParticleSystem:4; ParticleSystemRenderer:4; GameObject:4; Transform:4","Assets/ThirdParty/VFX_Klaus/Materials/Mat_fx_Shoot&Hit_set_apb.mat; Assets/ThirdParty/VFX_Klaus/Meshes/Fbx_fx_square_cone.fbx; Assets/ThirdParty/VFX_Klaus/Meshes/Fbx_fx_muzzle_fire.fbx","Impact moment; pair with same-name muzzle/projectile prefabs when possible."
"VFX_Klaus","Stylized Shoot & Hit","Projectile / Shoot Chain","Muzzle; Projectile; Hit/Impact","","FX_Shoot_04_muzzle","Assets/ThirdParty/VFX_Klaus/Prefabs/Stylized Shoot & Hit/FX_Shoot_04_muzzle.prefab","4","4","4","0","0","0","0","0","0","0","0","1","0","0","0","ParticleSystem:4; ParticleSystemRenderer:4; GameObject:4; Transform:4","Assets/ThirdParty/VFX_Klaus/Materials/Mat_fx_Shoot&Hit_set_apb.mat; Assets/ThirdParty/VFX_Klaus/Meshes/Fbx_fx_square_cone.fbx; Assets/ThirdParty/VFX_Klaus/Meshes/Fbx_fx_muzzle_fire.fbx","Spawn at caster, muzzle, or weapon tip; pair with same-name projectile and hit prefabs."
"VFX_Klaus","Stylized Shoot & Hit","Projectile / Shoot Chain","Projectile; Hit/Impact","","FX_Shoot_04_projectile","Assets/ThirdParty/VFX_Klaus/Prefabs/Stylized Shoot & Hit/FX_Shoot_04_projectile.prefab","3","3","3","0","0","0","0","0","0","0","0","1","0","0","0","ParticleSystem:3; ParticleSystemRenderer:3; GameObject:3; Transform:3","Assets/ThirdParty/VFX_Klaus/Materials/Mat_fx_Shoot&Hit_set_apb.mat","Flying segment; usually needs gameplay code for direction, speed, collision, and hit spawning."
"VFX_Klaus","Stylized Shoot & Hit","Projectile / Shoot Chain","Projectile; Hit/Impact","","FX_Shoot_05","Assets/ThirdParty/VFX_Klaus/Prefabs/Stylized Shoot & Hit/Prefab/FX_Shoot_05.prefab","1","0","0","0","0","0","0","0","0","1","1","0","0","1","3","BoxCollider:1; Rigidbody:1; PrefabInstance:1; GameObject:1; Transform:1; MonoBehaviour:1","Assets/ThirdParty/VFX_Klaus/Scripts/ProjectileMove.cs; Assets/ThirdParty/VFX_Klaus/Prefabs/Stylized Shoot & Hit/FX_Shoot_05_muzzle.prefab; Assets/ThirdParty/VFX_Klaus/Prefabs/Stylized Shoot & Hit/FX_Shoot_05_hit.prefab; Assets/ThirdParty/VFX_Klaus/Prefabs/Stylized Shoot & Hit/FX_Shoot_05_projectile.prefab","Impact moment; pair with same-name muzzle/projectile prefabs when possible."
"VFX_Klaus","Stylized Shoot & Hit","Projectile / Shoot Chain","Projectile; Hit/Impact","","FX_Shoot_05_hit","Assets/ThirdParty/VFX_Klaus/Prefabs/Stylized Shoot & Hit/FX_Shoot_05_hit.prefab","4","4","4","0","0","0","0","0","0","0","0","2","0","0","0","ParticleSystem:4; ParticleSystemRenderer:4; GameObject:4; Transform:4","Assets/ThirdParty/VFX_Klaus/Materials/Mat_fx_Shoot&Hit_set_add.mat; Assets/ThirdParty/VFX_Klaus/Meshes/Fbx_fx_square_cone.fbx; Assets/ThirdParty/VFX_Klaus/Meshes/Fbx_fx_muzzle_fire.fbx; Assets/ThirdParty/VFX_Klaus/Materials/Mat_fx_Shoot&Hit_set_apb.mat","Impact moment; pair with same-name muzzle/projectile prefabs when possible."
"VFX_Klaus","Stylized Shoot & Hit","Projectile / Shoot Chain","Muzzle; Projectile; Hit/Impact","","FX_Shoot_05_muzzle","Assets/ThirdParty/VFX_Klaus/Prefabs/Stylized Shoot & Hit/FX_Shoot_05_muzzle.prefab","5","5","5","0","0","0","0","0","0","0","0","2","0","0","0","ParticleSystem:5; ParticleSystemRenderer:5; GameObject:5; Transform:5","Assets/ThirdParty/VFX_Klaus/Materials/Mat_fx_Shoot&Hit_set_add.mat; Assets/ThirdParty/VFX_Klaus/Materials/Mat_fx_Shoot&Hit_set_apb.mat; Assets/ThirdParty/VFX_Klaus/Meshes/Fbx_fx_square_cone.fbx","Spawn at caster, muzzle, or weapon tip; pair with same-name projectile and hit prefabs."
"VFX_Klaus","Stylized Shoot & Hit","Projectile / Shoot Chain","Projectile; Hit/Impact","","FX_Shoot_05_projectile","Assets/ThirdParty/VFX_Klaus/Prefabs/Stylized Shoot & Hit/FX_Shoot_05_projectile.prefab","4","4","4","0","0","0","0","0","0","0","0","1","0","0","0","ParticleSystem:4; ParticleSystemRenderer:4; GameObject:4; Transform:4","Assets/ThirdParty/VFX_Klaus/Materials/Mat_fx_Shoot&Hit_set_add.mat","Flying segment; usually needs gameplay code for direction, speed, collision, and hit spawning."
"VFX_Klaus","Stylized Shoot & Hit","Projectile / Shoot Chain","Projectile; Hit/Impact","","FX_Shoot_06","Assets/ThirdParty/VFX_Klaus/Prefabs/Stylized Shoot & Hit/Prefab/FX_Shoot_06.prefab","1","0","0","0","0","0","0","0","0","1","1","0","0","1","3","BoxCollider:1; Rigidbody:1; PrefabInstance:1; GameObject:1; Transform:1; MonoBehaviour:1","Assets/ThirdParty/VFX_Klaus/Scripts/ProjectileMove.cs; Assets/ThirdParty/VFX_Klaus/Prefabs/Stylized Shoot & Hit/FX_Shoot_06_muzzle.prefab; Assets/ThirdParty/VFX_Klaus/Prefabs/Stylized Shoot & Hit/FX_Shoot_06_hit.prefab; Assets/ThirdParty/VFX_Klaus/Prefabs/Stylized Shoot & Hit/FX_Shoot_06_projectile.prefab","Impact moment; pair with same-name muzzle/projectile prefabs when possible."
"VFX_Klaus","Stylized Shoot & Hit","Projectile / Shoot Chain","Projectile; Hit/Impact","","FX_Shoot_06_hit","Assets/ThirdParty/VFX_Klaus/Prefabs/Stylized Shoot & Hit/FX_Shoot_06_hit.prefab","5","5","5","0","0","0","0","0","0","0","0","2","0","0","0","ParticleSystem:5; ParticleSystemRenderer:5; GameObject:5; Transform:5","Assets/ThirdParty/VFX_Klaus/Materials/Mat_fx_Shoot&Hit_set_add.mat; Assets/ThirdParty/VFX_Klaus/Meshes/Fbx_fx_muzzle_fire.fbx; Assets/ThirdParty/VFX_Klaus/Meshes/Fbx_fx_square_cone.fbx; Assets/ThirdParty/VFX_Klaus/Materials/Mat_fx_Shoot&Hit_set_apb.mat","Impact moment; pair with same-name muzzle/projectile prefabs when possible."
"VFX_Klaus","Stylized Shoot & Hit","Projectile / Shoot Chain","Muzzle; Projectile; Hit/Impact","","FX_Shoot_06_muzzle","Assets/ThirdParty/VFX_Klaus/Prefabs/Stylized Shoot & Hit/FX_Shoot_06_muzzle.prefab","6","6","6","0","0","0","0","0","0","0","0","2","0","0","0","ParticleSystem:6; ParticleSystemRenderer:6; GameObject:6; Transform:6","Assets/ThirdParty/VFX_Klaus/Materials/Mat_fx_Shoot&Hit_set_apb.mat; Assets/ThirdParty/VFX_Klaus/Materials/Mat_fx_Shoot&Hit_set_add.mat; Assets/ThirdParty/VFX_Klaus/Meshes/Fbx_fx_square_cone.fbx","Spawn at caster, muzzle, or weapon tip; pair with same-name projectile and hit prefabs."
"VFX_Klaus","Stylized Shoot & Hit","Projectile / Shoot Chain","Projectile; Hit/Impact","","FX_Shoot_06_projectile","Assets/ThirdParty/VFX_Klaus/Prefabs/Stylized Shoot & Hit/FX_Shoot_06_projectile.prefab","5","5","5","0","0","0","0","0","0","0","0","1","0","0","0","ParticleSystem:5; ParticleSystemRenderer:5; GameObject:5; Transform:5","Assets/ThirdParty/VFX_Klaus/Materials/Mat_fx_Shoot&Hit_set_add.mat","Flying segment; usually needs gameplay code for direction, speed, collision, and hit spawning."
"VFX_Klaus","Stylized Shoot & Hit","Projectile / Shoot Chain","Projectile; Hit/Impact","","FX_Shoot_07","Assets/ThirdParty/VFX_Klaus/Prefabs/Stylized Shoot & Hit/Prefab/FX_Shoot_07.prefab","1","0","0","0","0","0","0","0","0","1","1","0","0","1","3","BoxCollider:1; Rigidbody:1; PrefabInstance:1; GameObject:1; Transform:1; MonoBehaviour:1","Assets/ThirdParty/VFX_Klaus/Scripts/ProjectileMove.cs; Assets/ThirdParty/VFX_Klaus/Prefabs/Stylized Shoot & Hit/FX_Shoot_07_muzzle.prefab; Assets/ThirdParty/VFX_Klaus/Prefabs/Stylized Shoot & Hit/FX_Shoot_07_hit.prefab; Assets/ThirdParty/VFX_Klaus/Prefabs/Stylized Shoot & Hit/FX_Shoot_07_projectile.prefab","Impact moment; pair with same-name muzzle/projectile prefabs when possible."
"VFX_Klaus","Stylized Shoot & Hit","Projectile / Shoot Chain","Projectile; Hit/Impact","","FX_Shoot_07_hit","Assets/ThirdParty/VFX_Klaus/Prefabs/Stylized Shoot & Hit/FX_Shoot_07_hit.prefab","3","3","3","0","0","0","0","0","0","0","0","1","0","0","0","ParticleSystem:3; ParticleSystemRenderer:3; GameObject:3; Transform:3","Assets/ThirdParty/VFX_Klaus/Materials/Mat_fx_Shoot&Hit_set_apb.mat; Assets/ThirdParty/VFX_Klaus/Meshes/Fbx_fx_muzzle_fire.fbx; Assets/ThirdParty/VFX_Klaus/Meshes/Fbx_fx_square_cone.fbx","Impact moment; pair with same-name muzzle/projectile prefabs when possible."
"VFX_Klaus","Stylized Shoot & Hit","Projectile / Shoot Chain","Muzzle; Projectile; Hit/Impact","","FX_Shoot_07_muzzle","Assets/ThirdParty/VFX_Klaus/Prefabs/Stylized Shoot & Hit/FX_Shoot_07_muzzle.prefab","3","3","3","0","0","0","0","0","0","0","0","1","0","0","0","ParticleSystem:3; ParticleSystemRenderer:3; GameObject:3; Transform:3","Assets/ThirdParty/VFX_Klaus/Materials/Mat_fx_Shoot&Hit_set_apb.mat","Spawn at caster, muzzle, or weapon tip; pair with same-name projectile and hit prefabs."
"VFX_Klaus","Stylized Shoot & Hit","Projectile / Shoot Chain","Projectile; Hit/Impact","","FX_Shoot_07_projectile","Assets/ThirdParty/VFX_Klaus/Prefabs/Stylized Shoot & Hit/FX_Shoot_07_projectile.prefab","3","3","3","0","0","0","0","0","0","0","0","1","0","0","0","ParticleSystem:3; ParticleSystemRenderer:3; GameObject:3; Transform:3","Assets/ThirdParty/VFX_Klaus/Materials/Mat_fx_Shoot&Hit_set_apb.mat; Assets/ThirdParty/VFX_Klaus/Meshes/Fbx_fx_square_cone.fbx","Flying segment; usually needs gameplay code for direction, speed, collision, and hit spawning."
"VFX_Klaus","Stylized Shoot & Hit","Projectile / Shoot Chain","Projectile; Hit/Impact","","FX_Shoot_08","Assets/ThirdParty/VFX_Klaus/Prefabs/Stylized Shoot & Hit/Prefab/FX_Shoot_08.prefab","1","0","0","0","0","0","0","0","0","1","1","0","0","1","3","BoxCollider:1; Rigidbody:1; PrefabInstance:1; GameObject:1; Transform:1; MonoBehaviour:1","Assets/ThirdParty/VFX_Klaus/Scripts/ProjectileMove.cs; Assets/ThirdParty/VFX_Klaus/Prefabs/Stylized Shoot & Hit/FX_Shoot_08_muzzle.prefab; Assets/ThirdParty/VFX_Klaus/Prefabs/Stylized Shoot & Hit/FX_Shoot_08_hit.prefab; Assets/ThirdParty/VFX_Klaus/Prefabs/Stylized Shoot & Hit/FX_Shoot_08_projectile.prefab","Impact moment; pair with same-name muzzle/projectile prefabs when possible."
"VFX_Klaus","Stylized Shoot & Hit","Projectile / Shoot Chain","Projectile; Hit/Impact","","FX_Shoot_08_hit","Assets/ThirdParty/VFX_Klaus/Prefabs/Stylized Shoot & Hit/FX_Shoot_08_hit.prefab","4","4","4","0","0","0","0","0","0","0","0","1","0","0","0","ParticleSystem:4; ParticleSystemRenderer:4; GameObject:4; Transform:4","Assets/ThirdParty/VFX_Klaus/Materials/Mat_fx_Shoot&Hit_set_add.mat; Assets/ThirdParty/VFX_Klaus/Meshes/Fbx_fx_muzzle_fire.fbx","Impact moment; pair with same-name muzzle/projectile prefabs when possible."
"VFX_Klaus","Stylized Shoot & Hit","Projectile / Shoot Chain","Muzzle; Projectile; Hit/Impact","","FX_Shoot_08_muzzle","Assets/ThirdParty/VFX_Klaus/Prefabs/Stylized Shoot & Hit/FX_Shoot_08_muzzle.prefab","4","4","4","0","0","0","0","0","0","0","0","1","0","0","0","ParticleSystem:4; ParticleSystemRenderer:4; GameObject:4; Transform:4","Assets/ThirdParty/VFX_Klaus/Materials/Mat_fx_Shoot&Hit_set_add.mat; Assets/ThirdParty/VFX_Klaus/Meshes/Fbx_fx_muzzle_fire.fbx","Spawn at caster, muzzle, or weapon tip; pair with same-name projectile and hit prefabs."
"VFX_Klaus","Stylized Shoot & Hit","Projectile / Shoot Chain","Projectile; Hit/Impact","","FX_Shoot_08_projectile","Assets/ThirdParty/VFX_Klaus/Prefabs/Stylized Shoot & Hit/FX_Shoot_08_projectile.prefab","3","3","3","0","0","0","0","0","0","0","0","1","0","0","0","ParticleSystem:3; ParticleSystemRenderer:3; GameObject:3; Transform:3","Assets/ThirdParty/VFX_Klaus/Materials/Mat_fx_Shoot&Hit_set_add.mat; Assets/ThirdParty/VFX_Klaus/Meshes/Fbx_fx_square_cone.fbx","Flying segment; usually needs gameplay code for direction, speed, collision, and hit spawning."
"VFX_Klaus","Stylized Shoot & Hit","Projectile / Shoot Chain","Projectile; Hit/Impact","","FX_Shoot_09","Assets/ThirdParty/VFX_Klaus/Prefabs/Stylized Shoot & Hit/Prefab/FX_Shoot_09.prefab","1","0","0","0","0","0","0","0","0","1","1","0","0","1","3","BoxCollider:1; Rigidbody:1; PrefabInstance:1; GameObject:1; Transform:1; MonoBehaviour:1","Assets/ThirdParty/VFX_Klaus/Scripts/ProjectileMove.cs; Assets/ThirdParty/VFX_Klaus/Prefabs/Stylized Shoot & Hit/FX_Shoot_09_muzzle.prefab; Assets/ThirdParty/VFX_Klaus/Prefabs/Stylized Shoot & Hit/FX_Shoot_09_hit.prefab; Assets/ThirdParty/VFX_Klaus/Prefabs/Stylized Shoot & Hit/FX_Shoot_09_projectile.prefab","Impact moment; pair with same-name muzzle/projectile prefabs when possible."
"VFX_Klaus","Stylized Shoot & Hit","Projectile / Shoot Chain","Projectile; Hit/Impact","","FX_Shoot_09_hit","Assets/ThirdParty/VFX_Klaus/Prefabs/Stylized Shoot & Hit/FX_Shoot_09_hit.prefab","5","5","5","0","0","0","0","0","0","0","0","1","0","0","0","ParticleSystem:5; ParticleSystemRenderer:5; GameObject:5; Transform:5","Assets/ThirdParty/VFX_Klaus/Materials/Mat_fx_Shoot&Hit_set_apb.mat; Assets/ThirdParty/VFX_Klaus/Meshes/Fbx_fx_muzzle_fire.fbx","Impact moment; pair with same-name muzzle/projectile prefabs when possible."
"VFX_Klaus","Stylized Shoot & Hit","Projectile / Shoot Chain","Muzzle; Projectile; Hit/Impact","","FX_Shoot_09_muzzle","Assets/ThirdParty/VFX_Klaus/Prefabs/Stylized Shoot & Hit/FX_Shoot_09_muzzle.prefab","4","4","4","0","0","0","0","0","0","0","0","1","0","0","0","ParticleSystem:4; ParticleSystemRenderer:4; GameObject:4; Transform:4","Assets/ThirdParty/VFX_Klaus/Materials/Mat_fx_Shoot&Hit_set_apb.mat; Assets/ThirdParty/VFX_Klaus/Meshes/Fbx_fx_muzzle_fire.fbx","Spawn at caster, muzzle, or weapon tip; pair with same-name projectile and hit prefabs."
"VFX_Klaus","Stylized Shoot & Hit","Projectile / Shoot Chain","Projectile; Hit/Impact","","FX_Shoot_09_projectile","Assets/ThirdParty/VFX_Klaus/Prefabs/Stylized Shoot & Hit/FX_Shoot_09_projectile.prefab","3","3","3","0","0","0","0","0","0","0","0","1","0","0","0","ParticleSystem:3; ParticleSystemRenderer:3; GameObject:3; Transform:3","Assets/ThirdParty/VFX_Klaus/Materials/Mat_fx_Shoot&Hit_set_apb.mat","Flying segment; usually needs gameplay code for direction, speed, collision, and hit spawning."
"VFX_Klaus","Stylized Shoot & Hit","Projectile / Shoot Chain","Projectile; Hit/Impact","","FX_Shoot_10","Assets/ThirdParty/VFX_Klaus/Prefabs/Stylized Shoot & Hit/Prefab/FX_Shoot_10.prefab","1","0","0","0","0","0","0","0","0","1","1","0","0","1","3","BoxCollider:1; Rigidbody:1; PrefabInstance:1; GameObject:1; Transform:1; MonoBehaviour:1","Assets/ThirdParty/VFX_Klaus/Scripts/ProjectileMove.cs; Assets/ThirdParty/VFX_Klaus/Prefabs/Stylized Shoot & Hit/FX_Shoot_10_muzzle.prefab; Assets/ThirdParty/VFX_Klaus/Prefabs/Stylized Shoot & Hit/FX_Shoot_10_hit.prefab; Assets/ThirdParty/VFX_Klaus/Prefabs/Stylized Shoot & Hit/FX_Shoot_10_projectile.prefab","Impact moment; pair with same-name muzzle/projectile prefabs when possible."
"VFX_Klaus","Stylized Shoot & Hit","Projectile / Shoot Chain","Projectile; Hit/Impact","","FX_Shoot_10_hit","Assets/ThirdParty/VFX_Klaus/Prefabs/Stylized Shoot & Hit/FX_Shoot_10_hit.prefab","3","3","3","0","0","0","0","0","0","0","0","1","0","0","0","ParticleSystem:3; ParticleSystemRenderer:3; GameObject:3; Transform:3","Assets/ThirdParty/VFX_Klaus/Materials/Mat_fx_Shoot&Hit_set_apb.mat; Assets/ThirdParty/VFX_Klaus/Meshes/Fbx_fx_square_cone.fbx","Impact moment; pair with same-name muzzle/projectile prefabs when possible."
"VFX_Klaus","Stylized Shoot & Hit","Projectile / Shoot Chain","Muzzle; Projectile; Hit/Impact","","FX_Shoot_10_muzzle","Assets/ThirdParty/VFX_Klaus/Prefabs/Stylized Shoot & Hit/FX_Shoot_10_muzzle.prefab","3","3","3","0","0","0","0","0","0","0","0","1","0","0","0","ParticleSystem:3; ParticleSystemRenderer:3; GameObject:3; Transform:3","Assets/ThirdParty/VFX_Klaus/Materials/Mat_fx_Shoot&Hit_set_apb.mat; Assets/ThirdParty/VFX_Klaus/Meshes/Fbx_fx_square_cone.fbx","Spawn at caster, muzzle, or weapon tip; pair with same-name projectile and hit prefabs."
"VFX_Klaus","Stylized Shoot & Hit","Projectile / Shoot Chain","Projectile; Hit/Impact","","FX_Shoot_10_projectile","Assets/ThirdParty/VFX_Klaus/Prefabs/Stylized Shoot & Hit/FX_Shoot_10_projectile.prefab","3","3","3","0","0","0","0","0","0","0","0","1","0","0","0","ParticleSystem:3; ParticleSystemRenderer:3; GameObject:3; Transform:3","Assets/ThirdParty/VFX_Klaus/Materials/Mat_fx_Shoot&Hit_set_apb.mat; Assets/ThirdParty/VFX_Klaus/Meshes/fbx_fx_helix_01.FBX; Assets/ThirdParty/VFX_Klaus/Meshes/Fbx_fx_square_cone.fbx","Flying segment; usually needs gameplay code for direction, speed, collision, and hit spawning."
"VFX_Klaus","Stylized Shoot & Hit","Projectile / Shoot Chain","Projectile; Hit/Impact","","FX_Shoot_11","Assets/ThirdParty/VFX_Klaus/Prefabs/Stylized Shoot & Hit/Prefab/FX_Shoot_11.prefab","1","0","0","0","0","0","0","0","0","1","1","0","0","1","3","BoxCollider:1; Rigidbody:1; PrefabInstance:1; GameObject:1; Transform:1; MonoBehaviour:1","Assets/ThirdParty/VFX_Klaus/Scripts/ProjectileMove.cs; Assets/ThirdParty/VFX_Klaus/Prefabs/Stylized Shoot & Hit/FX_Shoot_11_muzzle.prefab; Assets/ThirdParty/VFX_Klaus/Prefabs/Stylized Shoot & Hit/FX_Shoot_11_hit.prefab; Assets/ThirdParty/VFX_Klaus/Prefabs/Stylized Shoot & Hit/FX_Shoot_11_projectile.prefab","Impact moment; pair with same-name muzzle/projectile prefabs when possible."
"VFX_Klaus","Stylized Shoot & Hit","Projectile / Shoot Chain","Projectile; Hit/Impact","","FX_Shoot_11_hit","Assets/ThirdParty/VFX_Klaus/Prefabs/Stylized Shoot & Hit/FX_Shoot_11_hit.prefab","6","6","6","0","0","0","0","0","0","0","0","2","0","0","0","ParticleSystem:6; ParticleSystemRenderer:6; GameObject:6; Transform:6","Assets/ThirdParty/VFX_Klaus/Materials/Mat_fx_Shoot&Hit_set_add.mat; Assets/ThirdParty/VFX_Klaus/Materials/Mat_fx_Shoot&Hit_set_apb.mat; Assets/ThirdParty/VFX_Klaus/Meshes/Fbx_fx_square_cone.fbx; Assets/ThirdParty/VFX_Klaus/Meshes/Fbx_fx_muzzle_fire.fbx","Impact moment; pair with same-name muzzle/projectile prefabs when possible."
"VFX_Klaus","Stylized Shoot & Hit","Projectile / Shoot Chain","Muzzle; Projectile; Hit/Impact","","FX_Shoot_11_muzzle","Assets/ThirdParty/VFX_Klaus/Prefabs/Stylized Shoot & Hit/FX_Shoot_11_muzzle.prefab","3","3","3","0","0","0","0","0","0","0","0","1","0","0","0","ParticleSystem:3; ParticleSystemRenderer:3; GameObject:3; Transform:3","Assets/ThirdParty/VFX_Klaus/Materials/Mat_fx_Shoot&Hit_set_apb.mat; Assets/ThirdParty/VFX_Klaus/Meshes/Fbx_fx_square_cone.fbx","Spawn at caster, muzzle, or weapon tip; pair with same-name projectile and hit prefabs."
"VFX_Klaus","Stylized Shoot & Hit","Projectile / Shoot Chain","Projectile; Hit/Impact","","FX_Shoot_11_projectile","Assets/ThirdParty/VFX_Klaus/Prefabs/Stylized Shoot & Hit/FX_Shoot_11_projectile.prefab","4","4","4","0","0","0","0","0","0","0","0","1","0","0","0","ParticleSystem:4; ParticleSystemRenderer:4; GameObject:4; Transform:4","Assets/ThirdParty/VFX_Klaus/Materials/Mat_fx_Shoot&Hit_set_apb.mat","Flying segment; usually needs gameplay code for direction, speed, collision, and hit spawning."
"VFX_Klaus","Stylized Shoot & Hit","Projectile / Shoot Chain","Projectile; Hit/Impact","","FX_Shoot_12","Assets/ThirdParty/VFX_Klaus/Prefabs/Stylized Shoot & Hit/Prefab/FX_Shoot_12.prefab","1","0","0","0","0","0","0","0","0","1","1","0","0","1","3","BoxCollider:1; Rigidbody:1; PrefabInstance:1; GameObject:1; Transform:1; MonoBehaviour:1","Assets/ThirdParty/VFX_Klaus/Scripts/ProjectileMove.cs; Assets/ThirdParty/VFX_Klaus/Prefabs/Stylized Shoot & Hit/FX_Shoot_12_muzzle.prefab; Assets/ThirdParty/VFX_Klaus/Prefabs/Stylized Shoot & Hit/FX_Shoot_12_hit.prefab; Assets/ThirdParty/VFX_Klaus/Prefabs/Stylized Shoot & Hit/FX_Shoot_12_projectile.prefab","Impact moment; pair with same-name muzzle/projectile prefabs when possible."
"VFX_Klaus","Stylized Shoot & Hit","Projectile / Shoot Chain","Projectile; Hit/Impact","","FX_Shoot_12_hit","Assets/ThirdParty/VFX_Klaus/Prefabs/Stylized Shoot & Hit/FX_Shoot_12_hit.prefab","3","3","3","0","0","0","0","0","0","0","0","1","0","0","0","ParticleSystem:3; ParticleSystemRenderer:3; GameObject:3; Transform:3","Assets/ThirdParty/VFX_Klaus/Materials/Mat_fx_Shoot&Hit_set_apb.mat; Assets/ThirdParty/VFX_Klaus/Meshes/Fbx_fx_square_cone.fbx","Impact moment; pair with same-name muzzle/projectile prefabs when possible."
"VFX_Klaus","Stylized Shoot & Hit","Projectile / Shoot Chain","Muzzle; Projectile; Hit/Impact","","FX_Shoot_12_muzzle","Assets/ThirdParty/VFX_Klaus/Prefabs/Stylized Shoot & Hit/FX_Shoot_12_muzzle.prefab","2","2","2","0","0","0","0","0","0","0","0","1","0","0","0","ParticleSystem:2; ParticleSystemRenderer:2; GameObject:2; Transform:2","Assets/ThirdParty/VFX_Klaus/Materials/Mat_fx_Shoot&Hit_set_apb.mat; Assets/ThirdParty/VFX_Klaus/Meshes/Fbx_fx_square_cone.fbx","Spawn at caster, muzzle, or weapon tip; pair with same-name projectile and hit prefabs."
"VFX_Klaus","Stylized Shoot & Hit","Projectile / Shoot Chain","Projectile; Hit/Impact","","FX_Shoot_12_projectile","Assets/ThirdParty/VFX_Klaus/Prefabs/Stylized Shoot & Hit/FX_Shoot_12_projectile.prefab","2","2","2","0","0","0","0","0","0","0","0","1","0","0","0","ParticleSystem:2; ParticleSystemRenderer:2; GameObject:2; Transform:2","Assets/ThirdParty/VFX_Klaus/Materials/Mat_fx_Shoot&Hit_set_apb.mat; Assets/ThirdParty/VFX_Klaus/Meshes/Fbx_fx_square_cone.fbx","Flying segment; usually needs gameplay code for direction, speed, collision, and hit spawning."
"VFX_Klaus","Stylized Shoot & Hit","Projectile / Shoot Chain","Projectile; Hit/Impact","","FX_Shoot_13","Assets/ThirdParty/VFX_Klaus/Prefabs/Stylized Shoot & Hit/Prefab/FX_Shoot_13.prefab","1","0","0","0","0","0","0","0","0","1","1","0","0","1","3","BoxCollider:1; Rigidbody:1; PrefabInstance:1; GameObject:1; Transform:1; MonoBehaviour:1","Assets/ThirdParty/VFX_Klaus/Scripts/ProjectileMove.cs; Assets/ThirdParty/VFX_Klaus/Prefabs/Stylized Shoot & Hit/FX_Shoot_13_muzzle.prefab; Assets/ThirdParty/VFX_Klaus/Prefabs/Stylized Shoot & Hit/FX_Shoot_13_hit.prefab; Assets/ThirdParty/VFX_Klaus/Prefabs/Stylized Shoot & Hit/FX_Shoot_13_projectile.prefab","Impact moment; pair with same-name muzzle/projectile prefabs when possible."
"VFX_Klaus","Stylized Shoot & Hit","Projectile / Shoot Chain","Projectile; Hit/Impact","","FX_Shoot_13_hit","Assets/ThirdParty/VFX_Klaus/Prefabs/Stylized Shoot & Hit/FX_Shoot_13_hit.prefab","4","4","4","0","0","0","0","0","0","0","0","1","0","0","0","ParticleSystem:4; ParticleSystemRenderer:4; GameObject:4; Transform:4","Assets/ThirdParty/VFX_Klaus/Materials/Mat_fx_Shoot&Hit_set_add.mat; Assets/ThirdParty/VFX_Klaus/Meshes/fbx_fx_circle_03.FBX; Assets/ThirdParty/VFX_Klaus/Meshes/fbx_fx_helix_02.FBX","Impact moment; pair with same-name muzzle/projectile prefabs when possible."
"VFX_Klaus","Stylized Shoot & Hit","Projectile / Shoot Chain","Muzzle; Projectile; Hit/Impact","","FX_Shoot_13_muzzle","Assets/ThirdParty/VFX_Klaus/Prefabs/Stylized Shoot & Hit/FX_Shoot_13_muzzle.prefab","4","4","4","0","0","0","0","0","0","0","0","1","0","0","0","ParticleSystem:4; ParticleSystemRenderer:4; GameObject:4; Transform:4","Assets/ThirdParty/VFX_Klaus/Materials/Mat_fx_Shoot&Hit_set_add.mat; Assets/ThirdParty/VFX_Klaus/Meshes/fbx_fx_helix_02.FBX; Assets/ThirdParty/VFX_Klaus/Meshes/fbx_fx_circle_03.FBX","Spawn at caster, muzzle, or weapon tip; pair with same-name projectile and hit prefabs."
"VFX_Klaus","Stylized Shoot & Hit","Projectile / Shoot Chain","Projectile; Hit/Impact","","FX_Shoot_13_projectile","Assets/ThirdParty/VFX_Klaus/Prefabs/Stylized Shoot & Hit/FX_Shoot_13_projectile.prefab","4","4","4","0","0","0","0","0","0","0","0","1","0","0","0","ParticleSystem:4; ParticleSystemRenderer:4; GameObject:4; Transform:4","Assets/ThirdParty/VFX_Klaus/Materials/Mat_fx_Shoot&Hit_set_add.mat; Assets/ThirdParty/VFX_Klaus/Meshes/Fbx_fx_square_cone.fbx; Assets/ThirdParty/VFX_Klaus/Meshes/fbx_fx_helix_02.FBX","Flying segment; usually needs gameplay code for direction, speed, collision, and hit spawning."
"VFX_Klaus","Stylized Shoot & Hit","Projectile / Shoot Chain","Projectile; Hit/Impact","","FX_Shoot_14","Assets/ThirdParty/VFX_Klaus/Prefabs/Stylized Shoot & Hit/Prefab/FX_Shoot_14.prefab","1","0","0","0","0","0","0","0","0","1","1","0","0","1","3","BoxCollider:1; Rigidbody:1; PrefabInstance:1; GameObject:1; Transform:1; MonoBehaviour:1","Assets/ThirdParty/VFX_Klaus/Scripts/ProjectileMove.cs; Assets/ThirdParty/VFX_Klaus/Prefabs/Stylized Shoot & Hit/FX_Shoot_14_muzzle.prefab; Assets/ThirdParty/VFX_Klaus/Prefabs/Stylized Shoot & Hit/FX_Shoot_14_hit.prefab; Assets/ThirdParty/VFX_Klaus/Prefabs/Stylized Shoot & Hit/FX_Shoot_14_projectile.prefab","Impact moment; pair with same-name muzzle/projectile prefabs when possible."
"VFX_Klaus","Stylized Shoot & Hit","Projectile / Shoot Chain","Projectile; Hit/Impact","","FX_Shoot_14_hit","Assets/ThirdParty/VFX_Klaus/Prefabs/Stylized Shoot & Hit/FX_Shoot_14_hit.prefab","4","4","4","0","0","0","0","0","0","0","0","1","0","0","0","ParticleSystem:4; ParticleSystemRenderer:4; GameObject:4; Transform:4","Assets/ThirdParty/VFX_Klaus/Materials/Mat_fx_Shoot&Hit_set_add.mat; Assets/ThirdParty/VFX_Klaus/Meshes/Fbx_fx_muzzle_fire.fbx","Impact moment; pair with same-name muzzle/projectile prefabs when possible."
"VFX_Klaus","Stylized Shoot & Hit","Projectile / Shoot Chain","Muzzle; Projectile; Hit/Impact","","FX_Shoot_14_muzzle","Assets/ThirdParty/VFX_Klaus/Prefabs/Stylized Shoot & Hit/FX_Shoot_14_muzzle.prefab","3","3","3","0","0","0","0","0","0","0","0","1","0","0","0","ParticleSystem:3; ParticleSystemRenderer:3; GameObject:3; Transform:3","Assets/ThirdParty/VFX_Klaus/Materials/Mat_fx_Shoot&Hit_set_add.mat; Assets/ThirdParty/VFX_Klaus/Meshes/Fbx_fx_muzzle_fire.fbx","Spawn at caster, muzzle, or weapon tip; pair with same-name projectile and hit prefabs."
"VFX_Klaus","Stylized Shoot & Hit","Projectile / Shoot Chain","Projectile; Hit/Impact","","FX_Shoot_14_projectile","Assets/ThirdParty/VFX_Klaus/Prefabs/Stylized Shoot & Hit/FX_Shoot_14_projectile.prefab","3","3","3","0","0","0","0","0","0","0","0","2","0","0","0","ParticleSystem:3; ParticleSystemRenderer:3; GameObject:3; Transform:3","Assets/ThirdParty/VFX_Klaus/Materials/Mat_fx_Shoot&Hit_set_apb.mat; Assets/ThirdParty/VFX_Klaus/Materials/Mat_fx_Shoot&Hit_set_add.mat; Assets/ThirdParty/VFX_Klaus/Meshes/fbx_fx_helix_01.FBX","Flying segment; usually needs gameplay code for direction, speed, collision, and hit spawning."
"VFX_Klaus","Stylized Shoot & Hit","Projectile / Shoot Chain","Projectile; Hit/Impact","","FX_Shoot_15","Assets/ThirdParty/VFX_Klaus/Prefabs/Stylized Shoot & Hit/Prefab/FX_Shoot_15.prefab","1","0","0","0","0","0","0","0","0","1","1","0","0","1","3","BoxCollider:1; Rigidbody:1; PrefabInstance:1; GameObject:1; Transform:1; MonoBehaviour:1","Assets/ThirdParty/VFX_Klaus/Scripts/ProjectileMove.cs; Assets/ThirdParty/VFX_Klaus/Prefabs/Stylized Shoot & Hit/FX_Shoot_15_muzzle.prefab; Assets/ThirdParty/VFX_Klaus/Prefabs/Stylized Shoot & Hit/FX_Shoot_15_hit.prefab; Assets/ThirdParty/VFX_Klaus/Prefabs/Stylized Shoot & Hit/FX_Shoot_15_projectile.prefab","Impact moment; pair with same-name muzzle/projectile prefabs when possible."
"VFX_Klaus","Stylized Shoot & Hit","Projectile / Shoot Chain","Projectile; Hit/Impact","","FX_Shoot_15_hit","Assets/ThirdParty/VFX_Klaus/Prefabs/Stylized Shoot & Hit/FX_Shoot_15_hit.prefab","3","3","3","0","0","0","0","0","0","0","0","1","0","0","0","ParticleSystem:3; ParticleSystemRenderer:3; GameObject:3; Transform:3","Assets/ThirdParty/VFX_Klaus/Materials/Mat_fx_Shoot&Hit_set_add.mat; Assets/ThirdParty/VFX_Klaus/Meshes/Fbx_fx_muzzle_fire.fbx","Impact moment; pair with same-name muzzle/projectile prefabs when possible."
"VFX_Klaus","Stylized Shoot & Hit","Projectile / Shoot Chain","Muzzle; Projectile; Hit/Impact","","FX_Shoot_15_muzzle","Assets/ThirdParty/VFX_Klaus/Prefabs/Stylized Shoot & Hit/FX_Shoot_15_muzzle.prefab","3","3","3","0","0","0","0","0","0","0","0","1","0","0","0","ParticleSystem:3; ParticleSystemRenderer:3; GameObject:3; Transform:3","Assets/ThirdParty/VFX_Klaus/Materials/Mat_fx_Shoot&Hit_set_add.mat; Assets/ThirdParty/VFX_Klaus/Meshes/Fbx_fx_muzzle_fire.fbx","Spawn at caster, muzzle, or weapon tip; pair with same-name projectile and hit prefabs."
"VFX_Klaus","Stylized Shoot & Hit","Projectile / Shoot Chain","Projectile; Hit/Impact","","FX_Shoot_15_projectile","Assets/ThirdParty/VFX_Klaus/Prefabs/Stylized Shoot & Hit/FX_Shoot_15_projectile.prefab","3","3","3","0","0","0","0","0","0","0","0","2","0","0","0","ParticleSystem:3; ParticleSystemRenderer:3; GameObject:3; Transform:3","Assets/ThirdParty/VFX_Klaus/Materials/Mat_fx_Shoot&Hit_set_apb.mat; Assets/ThirdParty/VFX_Klaus/Materials/Mat_fx_Shoot&Hit_set_add.mat","Flying segment; usually needs gameplay code for direction, speed, collision, and hit spawning."
"VFX_Klaus","Stylized Shoot & Hit","Projectile / Shoot Chain","Projectile; Hit/Impact","","FX_Shoot_16","Assets/ThirdParty/VFX_Klaus/Prefabs/Stylized Shoot & Hit/Prefab/FX_Shoot_16.prefab","1","0","0","0","0","0","0","0","0","1","1","0","0","1","3","BoxCollider:1; Rigidbody:1; PrefabInstance:1; GameObject:1; Transform:1; MonoBehaviour:1","Assets/ThirdParty/VFX_Klaus/Scripts/ProjectileMove.cs; Assets/ThirdParty/VFX_Klaus/Prefabs/Stylized Shoot & Hit/FX_Shoot_16_muzzle.prefab; Assets/ThirdParty/VFX_Klaus/Prefabs/Stylized Shoot & Hit/FX_Shoot_16_hit.prefab; Assets/ThirdParty/VFX_Klaus/Prefabs/Stylized Shoot & Hit/FX_Shoot_16_projectile.prefab","Impact moment; pair with same-name muzzle/projectile prefabs when possible."
"VFX_Klaus","Stylized Shoot & Hit","Projectile / Shoot Chain","Projectile; Hit/Impact","","FX_Shoot_16_hit","Assets/ThirdParty/VFX_Klaus/Prefabs/Stylized Shoot & Hit/FX_Shoot_16_hit.prefab","3","3","3","0","0","0","0","0","0","0","0","1","0","0","0","ParticleSystem:3; ParticleSystemRenderer:3; GameObject:3; Transform:3","Assets/ThirdParty/VFX_Klaus/Materials/Mat_fx_Shoot&Hit_set_apb.mat; Assets/ThirdParty/VFX_Klaus/Meshes/Fbx_fx_square_cone.fbx","Impact moment; pair with same-name muzzle/projectile prefabs when possible."
"VFX_Klaus","Stylized Shoot & Hit","Projectile / Shoot Chain","Muzzle; Projectile; Hit/Impact","","FX_Shoot_16_muzzle","Assets/ThirdParty/VFX_Klaus/Prefabs/Stylized Shoot & Hit/FX_Shoot_16_muzzle.prefab","3","3","3","0","0","0","0","0","0","0","0","1","0","0","0","ParticleSystem:3; ParticleSystemRenderer:3; GameObject:3; Transform:3","Assets/ThirdParty/VFX_Klaus/Materials/Mat_fx_Shoot&Hit_set_apb.mat; Assets/ThirdParty/VFX_Klaus/Meshes/Fbx_fx_square_cone.fbx","Spawn at caster, muzzle, or weapon tip; pair with same-name projectile and hit prefabs."
"VFX_Klaus","Stylized Shoot & Hit","Projectile / Shoot Chain","Projectile; Hit/Impact","","FX_Shoot_16_projectile","Assets/ThirdParty/VFX_Klaus/Prefabs/Stylized Shoot & Hit/FX_Shoot_16_projectile.prefab","3","3","3","0","0","0","0","0","0","0","0","1","0","0","0","ParticleSystem:3; ParticleSystemRenderer:3; GameObject:3; Transform:3","Assets/ThirdParty/VFX_Klaus/Materials/Mat_fx_Shoot&Hit_set_apb.mat","Flying segment; usually needs gameplay code for direction, speed, collision, and hit spawning."
"VFX_Klaus","Stylized Shoot & Hit Vol.2","Projectile / Shoot Chain","Projectile; Hit/Impact","","FX_Shoot_Arrow","Assets/ThirdParty/VFX_Klaus/Prefabs/Stylized Shoot & Hit Vol.2/Prefab/FX_Shoot_Arrow.prefab","1","0","0","0","0","0","0","0","0","1","1","0","0","1","3","BoxCollider:1; Rigidbody:1; PrefabInstance:1; GameObject:1; Transform:1; MonoBehaviour:1","Assets/ThirdParty/VFX_Klaus/Scripts/ProjectileMove.cs; Assets/ThirdParty/VFX_Klaus/Prefabs/Stylized Shoot & Hit Vol.2/FX_Shoot_Arrow_muzzle.prefab; Assets/ThirdParty/VFX_Klaus/Prefabs/Stylized Shoot & Hit Vol.2/FX_Shoot_Arrow_hit.prefab; Assets/ThirdParty/VFX_Klaus/Prefabs/Stylized Shoot & Hit Vol.2/FX_Shoot_Arrow_projectile.prefab","Impact moment; pair with same-name muzzle/projectile prefabs when possible."
"VFX_Klaus","Stylized Shoot & Hit Vol.2","Projectile / Shoot Chain","Projectile; Hit/Impact","","FX_Shoot_Arrow_hit","Assets/ThirdParty/VFX_Klaus/Prefabs/Stylized Shoot & Hit Vol.2/FX_Shoot_Arrow_hit.prefab","4","4","4","0","0","0","0","0","0","0","0","2","0","0","0","ParticleSystem:4; ParticleSystemRenderer:4; GameObject:4; Transform:4","Assets/ThirdParty/VFX_Klaus/Materials/Mat_fx_Shoot&Hit_set_add.mat; Assets/ThirdParty/VFX_Klaus/Meshes/Fbx_fx_square_cone.fbx; Assets/ThirdParty/VFX_Klaus/Materials/Mat_fx_Shoot&HitVol2_Modeling.mat; Assets/ThirdParty/VFX_Klaus/Meshes/Fbx_fx_Shoot&HitVol2_Arrow.fbx; Assets/ThirdParty/VFX_Klaus/Meshes/Fbx_fx_muzzle_fire.fbx","Impact moment; pair with same-name muzzle/projectile prefabs when possible."
"VFX_Klaus","Stylized Shoot & Hit Vol.2","Projectile / Shoot Chain","Muzzle; Projectile; Hit/Impact","","FX_Shoot_Arrow_muzzle","Assets/ThirdParty/VFX_Klaus/Prefabs/Stylized Shoot & Hit Vol.2/FX_Shoot_Arrow_muzzle.prefab","4","4","4","0","0","0","0","0","0","0","0","2","0","0","0","ParticleSystem:4; ParticleSystemRenderer:4; GameObject:4; Transform:4","Assets/ThirdParty/VFX_Klaus/Materials/Mat_fx_Shoot&Hit_set_add.mat; Assets/ThirdParty/VFX_Klaus/Materials/Mat_fx_Shoot&Hit_set_apb.mat; Assets/ThirdParty/VFX_Klaus/Meshes/Fbx_fx_square_cone.fbx; Assets/ThirdParty/VFX_Klaus/Meshes/fbx_fx_circle_03.FBX","Spawn at caster, muzzle, or weapon tip; pair with same-name projectile and hit prefabs."
"VFX_Klaus","Stylized Shoot & Hit Vol.2","Projectile / Shoot Chain","Projectile; Hit/Impact","","FX_Shoot_Arrow_projectile","Assets/ThirdParty/VFX_Klaus/Prefabs/Stylized Shoot & Hit Vol.2/FX_Shoot_Arrow_projectile.prefab","3","3","3","0","0","0","0","0","0","0","0","2","0","0","0","ParticleSystem:3; ParticleSystemRenderer:3; GameObject:3; Transform:3","Assets/ThirdParty/VFX_Klaus/Materials/Mat_fx_Shoot&HitVol2_Modeling.mat; Assets/ThirdParty/VFX_Klaus/Meshes/Fbx_fx_Shoot&HitVol2_Arrow.fbx; Assets/ThirdParty/VFX_Klaus/Materials/Mat_fx_Shoot&Hit_set_add.mat; Assets/ThirdParty/VFX_Klaus/Meshes/Fbx_fx_square_cone.fbx","Flying segment; usually needs gameplay code for direction, speed, collision, and hit spawning."
"VFX_Klaus","Stylized Shoot & Hit Vol.2","Projectile / Shoot Chain","Projectile; Hit/Impact","","FX_Shoot_Axe","Assets/ThirdParty/VFX_Klaus/Prefabs/Stylized Shoot & Hit Vol.2/Prefab/FX_Shoot_Axe.prefab","1","0","0","0","0","0","0","0","0","1","1","0","0","1","3","BoxCollider:1; Rigidbody:1; PrefabInstance:1; GameObject:1; Transform:1; MonoBehaviour:1","Assets/ThirdParty/VFX_Klaus/Scripts/ProjectileMove.cs; Assets/ThirdParty/VFX_Klaus/Prefabs/Stylized Shoot & Hit Vol.2/FX_Shoot_Axe_muzzle.prefab; Assets/ThirdParty/VFX_Klaus/Prefabs/Stylized Shoot & Hit Vol.2/FX_Shoot_Axe_hit.prefab; Assets/ThirdParty/VFX_Klaus/Prefabs/Stylized Shoot & Hit Vol.2/FX_Shoot_Axe_projectile.prefab","Impact moment; pair with same-name muzzle/projectile prefabs when possible."
"VFX_Klaus","Stylized Shoot & Hit Vol.2","Projectile / Shoot Chain","Projectile; Hit/Impact","","FX_Shoot_Axe_hit","Assets/ThirdParty/VFX_Klaus/Prefabs/Stylized Shoot & Hit Vol.2/FX_Shoot_Axe_hit.prefab","4","4","4","0","0","0","0","0","0","0","0","2","0","0","0","ParticleSystem:4; ParticleSystemRenderer:4; GameObject:4; Transform:4","Assets/ThirdParty/VFX_Klaus/Materials/Mat_fx_Shoot&Hit_set_add.mat; Assets/ThirdParty/VFX_Klaus/Meshes/Fbx_fx_square_cone.fbx; Assets/ThirdParty/VFX_Klaus/Materials/Mat_fx_Shoot&HitVol2_Modeling.mat; Assets/ThirdParty/VFX_Klaus/Meshes/Fbx_fx_Shoot&HitVol2_Axe.fbx; Assets/ThirdParty/VFX_Klaus/Meshes/Fbx_fx_muzzle_fire.fbx","Impact moment; pair with same-name muzzle/projectile prefabs when possible."
"VFX_Klaus","Stylized Shoot & Hit Vol.2","Projectile / Shoot Chain","Muzzle; Projectile; Hit/Impact","","FX_Shoot_Axe_muzzle","Assets/ThirdParty/VFX_Klaus/Prefabs/Stylized Shoot & Hit Vol.2/FX_Shoot_Axe_muzzle.prefab","2","2","2","0","0","0","0","0","0","0","0","1","0","0","0","ParticleSystem:2; ParticleSystemRenderer:2; GameObject:2; Transform:2","Assets/ThirdParty/VFX_Klaus/Materials/Mat_fx_Shoot&Hit_set_add.mat; Assets/ThirdParty/VFX_Klaus/Meshes/Fbx_fx_slash.FBX","Spawn at caster, muzzle, or weapon tip; pair with same-name projectile and hit prefabs."
"VFX_Klaus","Stylized Shoot & Hit Vol.2","Projectile / Shoot Chain","Projectile; Hit/Impact","","FX_Shoot_Axe_projectile","Assets/ThirdParty/VFX_Klaus/Prefabs/Stylized Shoot & Hit Vol.2/FX_Shoot_Axe_projectile.prefab","4","4","4","0","0","0","0","0","0","0","0","2","0","0","0","ParticleSystem:4; ParticleSystemRenderer:4; GameObject:4; Transform:4","Assets/ThirdParty/VFX_Klaus/Materials/Mat_fx_Shoot&Hit_set_add.mat; Assets/ThirdParty/VFX_Klaus/Meshes/Fbx_fx_slash.FBX; Assets/ThirdParty/VFX_Klaus/Materials/Mat_fx_Shoot&HitVol2_Modeling.mat; Assets/ThirdParty/VFX_Klaus/Meshes/Fbx_fx_Shoot&HitVol2_Axe.fbx","Flying segment; usually needs gameplay code for direction, speed, collision, and hit spawning."
"VFX_Klaus","Stylized Shoot & Hit Vol.2","Projectile / Shoot Chain","Projectile; Hit/Impact","","FX_Shoot_Bomb_01","Assets/ThirdParty/VFX_Klaus/Prefabs/Stylized Shoot & Hit Vol.2/Prefab/FX_Shoot_Bomb_01.prefab","1","0","0","0","0","0","0","0","0","1","1","0","0","1","3","BoxCollider:1; Rigidbody:1; PrefabInstance:1; GameObject:1; Transform:1; MonoBehaviour:1","Assets/ThirdParty/VFX_Klaus/Scripts/ProjectileMove.cs; Assets/ThirdParty/VFX_Klaus/Prefabs/Stylized Shoot & Hit Vol.2/FX_Shoot_Bomb_muzzle.prefab; Assets/ThirdParty/VFX_Klaus/Prefabs/Stylized Shoot & Hit Vol.2/FX_Shoot_Bomb_01_hit.prefab; Assets/ThirdParty/VFX_Klaus/Prefabs/Stylized Shoot & Hit Vol.2/FX_Shoot_Bomb_01_projectile.prefab","Impact moment; pair with same-name muzzle/projectile prefabs when possible."
"VFX_Klaus","Stylized Shoot & Hit Vol.2","Projectile / Shoot Chain","Projectile; Hit/Impact","","FX_Shoot_Bomb_01_hit","Assets/ThirdParty/VFX_Klaus/Prefabs/Stylized Shoot & Hit Vol.2/FX_Shoot_Bomb_01_hit.prefab","8","8","8","0","0","0","0","0","0","0","0","2","0","0","0","ParticleSystem:8; ParticleSystemRenderer:8; GameObject:8; Transform:8","Assets/ThirdParty/VFX_Klaus/Materials/Mat_fx_Shoot&Hit_set_apb.mat; Assets/ThirdParty/VFX_Klaus/Meshes/fbx_fx_circle_03.FBX; Assets/ThirdParty/VFX_Klaus/Materials/Mat_fx_Shoot&Hit_set_add.mat; Assets/ThirdParty/VFX_Klaus/Meshes/Fbx_fx_square_cone.fbx; Assets/ThirdParty/VFX_Klaus/Meshes/Fbx_fx_muzzle_fire.fbx","Impact moment; pair with same-name muzzle/projectile prefabs when possible."
"VFX_Klaus","Stylized Shoot & Hit Vol.2","Projectile / Shoot Chain","Projectile; Hit/Impact","","FX_Shoot_Bomb_01_projectile","Assets/ThirdParty/VFX_Klaus/Prefabs/Stylized Shoot & Hit Vol.2/FX_Shoot_Bomb_01_projectile.prefab","4","4","4","0","0","0","0","0","0","0","0","2","0","0","0","ParticleSystem:4; ParticleSystemRenderer:4; GameObject:4; Transform:4","Assets/ThirdParty/VFX_Klaus/Materials/Mat_fx_Shoot&HitVol2_Modeling.mat; Assets/ThirdParty/VFX_Klaus/Meshes/Fbx_fx_Shoot&HitVol2_Bomb.fbx; Assets/ThirdParty/VFX_Klaus/Materials/Mat_fx_Shoot&Hit_set_add.mat; Assets/ThirdParty/VFX_Klaus/Meshes/fbx_fx_helix_02.FBX; Assets/ThirdParty/VFX_Klaus/Meshes/Fbx_fx_square_cone.fbx","Flying segment; usually needs gameplay code for direction, speed, collision, and hit spawning."
"VFX_Klaus","Stylized Shoot & Hit Vol.2","Projectile / Shoot Chain","Projectile; Hit/Impact","","FX_Shoot_Bomb_02","Assets/ThirdParty/VFX_Klaus/Prefabs/Stylized Shoot & Hit Vol.2/Prefab/FX_Shoot_Bomb_02.prefab","1","0","0","0","0","0","0","0","0","1","1","0","0","1","3","BoxCollider:1; Rigidbody:1; PrefabInstance:1; GameObject:1; Transform:1; MonoBehaviour:1","Assets/ThirdParty/VFX_Klaus/Scripts/ProjectileMove.cs; Assets/ThirdParty/VFX_Klaus/Prefabs/Stylized Shoot & Hit Vol.2/FX_Shoot_Bomb_muzzle.prefab; Assets/ThirdParty/VFX_Klaus/Prefabs/Stylized Shoot & Hit Vol.2/FX_Shoot_Bomb_02_hit.prefab; Assets/ThirdParty/VFX_Klaus/Prefabs/Stylized Shoot & Hit Vol.2/FX_Shoot_Bomb_02_projectile.prefab","Impact moment; pair with same-name muzzle/projectile prefabs when possible."
"VFX_Klaus","Stylized Shoot & Hit Vol.2","Projectile / Shoot Chain","Projectile; Hit/Impact","","FX_Shoot_Bomb_02_hit","Assets/ThirdParty/VFX_Klaus/Prefabs/Stylized Shoot & Hit Vol.2/FX_Shoot_Bomb_02_hit.prefab","4","4","4","0","0","0","0","0","0","0","1","2","0","0","1","ParticleSystem:4; ParticleSystemRenderer:4; GameObject:4; Transform:4; PrefabInstance:1","Assets/ThirdParty/VFX_Klaus/Materials/Mat_fx_Shoot&Hit_set_add.mat; Assets/ThirdParty/VFX_Klaus/Meshes/Fbx_fx_muzzle_fire.fbx; Assets/ThirdParty/VFX_Klaus/Meshes/Fbx_fx_square_cone.fbx; Assets/ThirdParty/VFX_Klaus/Materials/Mat_fx_Shoot&HitVol2_Modeling.mat; Assets/ThirdParty/VFX_Klaus/Meshes/Fbx_fx_Shoot&HitVol2_Bomb.fbx; Assets/ThirdParty/VFX_Klaus/Prefabs/Stylized Shoot & Hit Vol.2/FX_Shoot_Bomb_01_hit.prefab","Impact moment; pair with same-name muzzle/projectile prefabs when possible."
"VFX_Klaus","Stylized Shoot & Hit Vol.2","Projectile / Shoot Chain","Projectile; Hit/Impact","","FX_Shoot_Bomb_02_projectile","Assets/ThirdParty/VFX_Klaus/Prefabs/Stylized Shoot & Hit Vol.2/FX_Shoot_Bomb_02_projectile.prefab","4","4","4","0","0","0","0","0","0","0","0","2","0","0","0","ParticleSystem:4; ParticleSystemRenderer:4; GameObject:4; Transform:4","Assets/ThirdParty/VFX_Klaus/Materials/Mat_fx_Shoot&HitVol2_Modeling.mat; Assets/ThirdParty/VFX_Klaus/Meshes/Fbx_fx_Shoot&HitVol2_Bomb.fbx; Assets/ThirdParty/VFX_Klaus/Materials/Mat_fx_Shoot&Hit_set_add.mat; Assets/ThirdParty/VFX_Klaus/Meshes/fbx_fx_helix_02.FBX; Assets/ThirdParty/VFX_Klaus/Meshes/Fbx_fx_square_cone.fbx","Flying segment; usually needs gameplay code for direction, speed, collision, and hit spawning."
"VFX_Klaus","Stylized Shoot & Hit Vol.2","Projectile / Shoot Chain","Muzzle; Projectile; Hit/Impact","","FX_Shoot_Bomb_muzzle","Assets/ThirdParty/VFX_Klaus/Prefabs/Stylized Shoot & Hit Vol.2/FX_Shoot_Bomb_muzzle.prefab","4","4","4","0","0","0","0","0","0","0","0","1","0","0","0","ParticleSystem:4; ParticleSystemRenderer:4; GameObject:4; Transform:4","Assets/ThirdParty/VFX_Klaus/Materials/Mat_fx_Shoot&Hit_set_add.mat; Assets/ThirdParty/VFX_Klaus/Meshes/Fbx_fx_square_cone.fbx","Spawn at caster, muzzle, or weapon tip; pair with same-name projectile and hit prefabs."
"VFX_Klaus","Stylized Shoot & Hit Vol.2","Projectile / Shoot Chain","Projectile; Hit/Impact","","FX_Shoot_Card","Assets/ThirdParty/VFX_Klaus/Prefabs/Stylized Shoot & Hit Vol.2/Prefab/FX_Shoot_Card.prefab","1","0","0","0","0","0","0","0","0","1","1","0","0","1","3","BoxCollider:1; Rigidbody:1; PrefabInstance:1; GameObject:1; Transform:1; MonoBehaviour:1","Assets/ThirdParty/VFX_Klaus/Scripts/ProjectileMove.cs; Assets/ThirdParty/VFX_Klaus/Prefabs/Stylized Shoot & Hit Vol.2/FX_Shoot_Card_muzzle.prefab; Assets/ThirdParty/VFX_Klaus/Prefabs/Stylized Shoot & Hit Vol.2/FX_Shoot_Card_hit.prefab; Assets/ThirdParty/VFX_Klaus/Prefabs/Stylized Shoot & Hit Vol.2/FX_Shoot_Card_projectile.prefab","Impact moment; pair with same-name muzzle/projectile prefabs when possible."
"VFX_Klaus","Stylized Shoot & Hit Vol.2","Projectile / Shoot Chain","Projectile; Hit/Impact","","FX_Shoot_Card_hit","Assets/ThirdParty/VFX_Klaus/Prefabs/Stylized Shoot & Hit Vol.2/FX_Shoot_Card_hit.prefab","5","5","5","0","0","0","0","0","0","0","0","3","0","0","0","ParticleSystem:5; ParticleSystemRenderer:5; GameObject:5; Transform:5","Assets/ThirdParty/VFX_Klaus/Materials/Mat_fx_Shoot&Hit_set_add.mat; Assets/ThirdParty/VFX_Klaus/Meshes/fbx_fx_helix_02.FBX; Assets/ThirdParty/VFX_Klaus/Materials/Mat_fx_Shoot&HitVol2_Modeling.mat; Assets/ThirdParty/VFX_Klaus/Meshes/Fbx_fx_Shoot&HitVol2_Card.fbx; Assets/ThirdParty/VFX_Klaus/Meshes/fbx_fx_circle_03.FBX; Assets/ThirdParty/VFX_Klaus/Materials/Mat_fx_Shoot&Hit_set_apb.mat; Assets/ThirdParty/VFX_Klaus/Meshes/Fbx_fx_square_cone.fbx","Impact moment; pair with same-name muzzle/projectile prefabs when possible."
"VFX_Klaus","Stylized Shoot & Hit Vol.2","Projectile / Shoot Chain","Muzzle; Projectile; Hit/Impact","","FX_Shoot_Card_muzzle","Assets/ThirdParty/VFX_Klaus/Prefabs/Stylized Shoot & Hit Vol.2/FX_Shoot_Card_muzzle.prefab","4","4","4","0","0","0","0","0","0","0","0","2","0","0","0","ParticleSystem:4; ParticleSystemRenderer:4; GameObject:4; Transform:4","Assets/ThirdParty/VFX_Klaus/Materials/Mat_fx_Shoot&Hit_set_add.mat; Assets/ThirdParty/VFX_Klaus/Meshes/fbx_fx_helix_02.FBX; Assets/ThirdParty/VFX_Klaus/Materials/Mat_fx_Shoot&Hit_set_apb.mat; Assets/ThirdParty/VFX_Klaus/Meshes/Fbx_fx_square_cone.fbx","Spawn at caster, muzzle, or weapon tip; pair with same-name projectile and hit prefabs."
"VFX_Klaus","Stylized Shoot & Hit Vol.2","Projectile / Shoot Chain","Projectile; Hit/Impact","","FX_Shoot_Card_projectile","Assets/ThirdParty/VFX_Klaus/Prefabs/Stylized Shoot & Hit Vol.2/FX_Shoot_Card_projectile.prefab","4","4","4","0","0","0","0","0","0","0","0","3","0","0","0","ParticleSystem:4; ParticleSystemRenderer:4; GameObject:4; Transform:4","Assets/ThirdParty/VFX_Klaus/Materials/Mat_fx_Shoot&HitVol2_Modeling.mat; Assets/ThirdParty/VFX_Klaus/Meshes/Fbx_fx_Shoot&HitVol2_Card.fbx; Assets/ThirdParty/VFX_Klaus/Materials/Mat_fx_Shoot&Hit_set_add.mat; Assets/ThirdParty/VFX_Klaus/Meshes/fbx_fx_helix_02.FBX; Assets/ThirdParty/VFX_Klaus/Materials/Mat_fx_Shoot&Hit_set_apb.mat","Flying segment; usually needs gameplay code for direction, speed, collision, and hit spawning."
"VFX_Klaus","Stylized Shoot & Hit Vol.2","Projectile / Shoot Chain","Projectile; Hit/Impact","","FX_Shoot_Dagger","Assets/ThirdParty/VFX_Klaus/Prefabs/Stylized Shoot & Hit Vol.2/Prefab/FX_Shoot_Dagger.prefab","1","0","0","0","0","0","0","0","0","1","1","0","0","1","3","BoxCollider:1; Rigidbody:1; PrefabInstance:1; GameObject:1; Transform:1; MonoBehaviour:1","Assets/ThirdParty/VFX_Klaus/Scripts/ProjectileMove.cs; Assets/ThirdParty/VFX_Klaus/Prefabs/Stylized Shoot & Hit Vol.2/FX_Shoot_Dagger_muzzle.prefab; Assets/ThirdParty/VFX_Klaus/Prefabs/Stylized Shoot & Hit Vol.2/FX_Shoot_Dagger_hit.prefab; Assets/ThirdParty/VFX_Klaus/Prefabs/Stylized Shoot & Hit Vol.2/FX_Shoot_Dagger_projectile.prefab","Impact moment; pair with same-name muzzle/projectile prefabs when possible."
"VFX_Klaus","Stylized Shoot & Hit Vol.2","Projectile / Shoot Chain","Projectile; Hit/Impact","","FX_Shoot_Dagger_hit","Assets/ThirdParty/VFX_Klaus/Prefabs/Stylized Shoot & Hit Vol.2/FX_Shoot_Dagger_hit.prefab","4","4","4","0","0","0","0","0","0","0","0","2","0","0","0","ParticleSystem:4; ParticleSystemRenderer:4; GameObject:4; Transform:4","Assets/ThirdParty/VFX_Klaus/Materials/Mat_fx_Shoot&Hit_set_add.mat; Assets/ThirdParty/VFX_Klaus/Meshes/Fbx_fx_square_cone.fbx; Assets/ThirdParty/VFX_Klaus/Meshes/Fbx_fx_muzzle_fire.fbx; Assets/ThirdParty/VFX_Klaus/Materials/Mat_fx_Shoot&HitVol2_Modeling.mat; Assets/ThirdParty/VFX_Klaus/Meshes/Fbx_fx_Shoot&HitVol2_Dagger.fbx","Impact moment; pair with same-name muzzle/projectile prefabs when possible."
"VFX_Klaus","Stylized Shoot & Hit Vol.2","Projectile / Shoot Chain","Muzzle; Projectile; Hit/Impact","","FX_Shoot_Dagger_muzzle","Assets/ThirdParty/VFX_Klaus/Prefabs/Stylized Shoot & Hit Vol.2/FX_Shoot_Dagger_muzzle.prefab","0","0","0","0","0","0","0","0","0","0","1","0","0","0","1","PrefabInstance:1","Assets/ThirdParty/VFX_Klaus/Prefabs/Stylized Shoot & Hit Vol.2/FX_Shoot_Axe_muzzle.prefab","Spawn at caster, muzzle, or weapon tip; pair with same-name projectile and hit prefabs."
"VFX_Klaus","Stylized Shoot & Hit Vol.2","Projectile / Shoot Chain","Projectile; Hit/Impact","","FX_Shoot_Dagger_projectile","Assets/ThirdParty/VFX_Klaus/Prefabs/Stylized Shoot & Hit Vol.2/FX_Shoot_Dagger_projectile.prefab","3","3","3","0","0","0","0","0","0","0","0","2","0","0","0","ParticleSystem:3; ParticleSystemRenderer:3; GameObject:3; Transform:3","Assets/ThirdParty/VFX_Klaus/Materials/Mat_fx_Shoot&HitVol2_Modeling.mat; Assets/ThirdParty/VFX_Klaus/Meshes/Fbx_fx_Shoot&HitVol2_Dagger.fbx; Assets/ThirdParty/VFX_Klaus/Materials/Mat_fx_Shoot&Hit_set_add.mat; Assets/ThirdParty/VFX_Klaus/Meshes/Fbx_fx_slash.FBX","Flying segment; usually needs gameplay code for direction, speed, collision, and hit spawning."
"VFX_Klaus","Stylized Shoot & Hit Vol.2","Projectile / Shoot Chain","Projectile; Hit/Impact; Magic/Energy","","FX_Shoot_EnergyBall","Assets/ThirdParty/VFX_Klaus/Prefabs/Stylized Shoot & Hit Vol.2/Prefab/FX_Shoot_EnergyBall.prefab","1","0","0","0","0","0","0","0","0","1","1","0","0","1","3","BoxCollider:1; Rigidbody:1; PrefabInstance:1; GameObject:1; Transform:1; MonoBehaviour:1","Assets/ThirdParty/VFX_Klaus/Scripts/ProjectileMove.cs; Assets/ThirdParty/VFX_Klaus/Prefabs/Stylized Shoot & Hit Vol.2/FX_Shoot_EnergyBall_muzzle.prefab; Assets/ThirdParty/VFX_Klaus/Prefabs/Stylized Shoot & Hit Vol.2/FX_Shoot_EnergyBall_hit.prefab; Assets/ThirdParty/VFX_Klaus/Prefabs/Stylized Shoot & Hit Vol.2/FX_Shoot_EnergyBall_projectile.prefab","Impact moment; pair with same-name muzzle/projectile prefabs when possible."
"VFX_Klaus","Stylized Shoot & Hit Vol.2","Projectile / Shoot Chain","Projectile; Hit/Impact; Magic/Energy","","FX_Shoot_EnergyBall_hit","Assets/ThirdParty/VFX_Klaus/Prefabs/Stylized Shoot & Hit Vol.2/FX_Shoot_EnergyBall_hit.prefab","7","7","7","0","0","0","0","0","0","0","0","2","0","0","0","ParticleSystem:7; ParticleSystemRenderer:7; GameObject:7; Transform:7","Assets/ThirdParty/VFX_Klaus/Materials/Mat_fx_Shoot&Hit_set_add.mat; Assets/ThirdParty/VFX_Klaus/Meshes/Fbx_fx_square_cone.fbx; Assets/ThirdParty/VFX_Klaus/Meshes/fbx_fx_circle_03.FBX; Assets/ThirdParty/VFX_Klaus/Materials/Mat_fx_Shoot&Hit_set_apb.mat","Impact moment; pair with same-name muzzle/projectile prefabs when possible."
"VFX_Klaus","Stylized Shoot & Hit Vol.2","Projectile / Shoot Chain","Muzzle; Projectile; Hit/Impact; Magic/Energy","","FX_Shoot_EnergyBall_muzzle","Assets/ThirdParty/VFX_Klaus/Prefabs/Stylized Shoot & Hit Vol.2/FX_Shoot_EnergyBall_muzzle.prefab","4","4","4","0","0","0","0","0","0","0","0","1","0","0","0","ParticleSystem:4; ParticleSystemRenderer:4; GameObject:4; Transform:4","Assets/ThirdParty/VFX_Klaus/Materials/Mat_fx_Shoot&Hit_set_add.mat; Assets/ThirdParty/VFX_Klaus/Meshes/Fbx_fx_square_cone.fbx; Assets/ThirdParty/VFX_Klaus/Meshes/fbx_fx_circle_03.FBX","Spawn at caster, muzzle, or weapon tip; pair with same-name projectile and hit prefabs."
"VFX_Klaus","Stylized Shoot & Hit Vol.2","Projectile / Shoot Chain","Projectile; Hit/Impact; Magic/Energy","","FX_Shoot_EnergyBall_projectile","Assets/ThirdParty/VFX_Klaus/Prefabs/Stylized Shoot & Hit Vol.2/FX_Shoot_EnergyBall_projectile.prefab","5","5","5","0","0","0","0","0","0","0","0","1","0","0","0","ParticleSystem:5; ParticleSystemRenderer:5; GameObject:5; Transform:5","Assets/ThirdParty/VFX_Klaus/Materials/Mat_fx_Shoot&Hit_set_add.mat; Assets/ThirdParty/VFX_Klaus/Meshes/fbx_fx_circle_03.FBX","Flying segment; usually needs gameplay code for direction, speed, collision, and hit spawning."
"VFX_Klaus","Stylized Shoot & Hit Vol.2","Projectile / Shoot Chain","Projectile; Hit/Impact; Poison/Gas","","FX_Shoot_Gas","Assets/ThirdParty/VFX_Klaus/Prefabs/Stylized Shoot & Hit Vol.2/Prefab/FX_Shoot_Gas.prefab","1","0","0","0","0","0","0","0","0","1","1","0","0","1","3","BoxCollider:1; Rigidbody:1; PrefabInstance:1; GameObject:1; Transform:1; MonoBehaviour:1","Assets/ThirdParty/VFX_Klaus/Scripts/ProjectileMove.cs; Assets/ThirdParty/VFX_Klaus/Prefabs/Stylized Shoot & Hit Vol.2/FX_Shoot_Gas_muzzle.prefab; Assets/ThirdParty/VFX_Klaus/Prefabs/Stylized Shoot & Hit Vol.2/FX_Shoot_Gas_hit.prefab; Assets/ThirdParty/VFX_Klaus/Prefabs/Stylized Shoot & Hit Vol.2/FX_Shoot_Gas_projectile.prefab","Impact moment; pair with same-name muzzle/projectile prefabs when possible."
"VFX_Klaus","Stylized Shoot & Hit Vol.2","Projectile / Shoot Chain","Projectile; Hit/Impact; Poison/Gas","","FX_Shoot_Gas_hit","Assets/ThirdParty/VFX_Klaus/Prefabs/Stylized Shoot & Hit Vol.2/FX_Shoot_Gas_hit.prefab","3","3","3","0","0","0","0","0","0","0","0","1","0","0","0","ParticleSystem:3; ParticleSystemRenderer:3; GameObject:3; Transform:3","Assets/ThirdParty/VFX_Klaus/Materials/Mat_fx_Shoot&Hit_set_add.mat; Assets/ThirdParty/VFX_Klaus/Meshes/Fbx_fx_muzzle_fire.fbx","Impact moment; pair with same-name muzzle/projectile prefabs when possible."
"VFX_Klaus","Stylized Shoot & Hit Vol.2","Projectile / Shoot Chain","Muzzle; Projectile; Hit/Impact; Poison/Gas","","FX_Shoot_Gas_muzzle","Assets/ThirdParty/VFX_Klaus/Prefabs/Stylized Shoot & Hit Vol.2/FX_Shoot_Gas_muzzle.prefab","4","4","4","0","0","0","0","0","0","0","0","1","0","0","0","ParticleSystem:4; ParticleSystemRenderer:4; GameObject:4; Transform:4","Assets/ThirdParty/VFX_Klaus/Materials/Mat_fx_Shoot&Hit_set_add.mat; Assets/ThirdParty/VFX_Klaus/Meshes/Fbx_fx_muzzle_fire.fbx; Assets/ThirdParty/VFX_Klaus/Meshes/fbx_fx_circle_03.FBX","Spawn at caster, muzzle, or weapon tip; pair with same-name projectile and hit prefabs."
"VFX_Klaus","Stylized Shoot & Hit Vol.2","Projectile / Shoot Chain","Projectile; Hit/Impact; Poison/Gas","","FX_Shoot_Gas_projectile","Assets/ThirdParty/VFX_Klaus/Prefabs/Stylized Shoot & Hit Vol.2/FX_Shoot_Gas_projectile.prefab","4","4","4","0","0","0","0","0","0","0","0","2","0","0","0","ParticleSystem:4; ParticleSystemRenderer:4; GameObject:4; Transform:4","Assets/ThirdParty/VFX_Klaus/Materials/Mat_fx_Shoot&Hit_set_add.mat; Assets/ThirdParty/VFX_Klaus/Meshes/fbx_fx_helix_02.FBX; Assets/ThirdParty/VFX_Klaus/Materials/Mat_fx_Shoot&Hit_set_apb.mat; Assets/ThirdParty/VFX_Klaus/Meshes/Fbx_fx_square_cone.fbx","Flying segment; usually needs gameplay code for direction, speed, collision, and hit spawning."
"VFX_Klaus","Stylized Shoot & Hit Vol.2","Projectile / Shoot Chain","Projectile; Hit/Impact","","FX_Shoot_Hammer","Assets/ThirdParty/VFX_Klaus/Prefabs/Stylized Shoot & Hit Vol.2/Prefab/FX_Shoot_Hammer.prefab","1","0","0","0","0","0","0","0","0","1","1","0","0","1","3","BoxCollider:1; Rigidbody:1; PrefabInstance:1; GameObject:1; Transform:1; MonoBehaviour:1","Assets/ThirdParty/VFX_Klaus/Scripts/ProjectileMove.cs; Assets/ThirdParty/VFX_Klaus/Prefabs/Stylized Shoot & Hit Vol.2/FX_Shoot_Hammer_muzzle.prefab; Assets/ThirdParty/VFX_Klaus/Prefabs/Stylized Shoot & Hit Vol.2/FX_Shoot_Hammer_hit.prefab; Assets/ThirdParty/VFX_Klaus/Prefabs/Stylized Shoot & Hit Vol.2/FX_Shoot_Hammer_projectile.prefab","Impact moment; pair with same-name muzzle/projectile prefabs when possible."
"VFX_Klaus","Stylized Shoot & Hit Vol.2","Projectile / Shoot Chain","Projectile; Hit/Impact","","FX_Shoot_Hammer_hit","Assets/ThirdParty/VFX_Klaus/Prefabs/Stylized Shoot & Hit Vol.2/FX_Shoot_Hammer_hit.prefab","5","5","5","0","0","0","0","0","0","0","0","2","0","0","0","ParticleSystem:5; ParticleSystemRenderer:5; GameObject:5; Transform:5","Assets/ThirdParty/VFX_Klaus/Materials/Mat_fx_Shoot&Hit_set_add.mat; Assets/ThirdParty/VFX_Klaus/Meshes/Fbx_fx_square_cone.fbx; Assets/ThirdParty/VFX_Klaus/Meshes/Fbx_fx_muzzle_fire.fbx; Assets/ThirdParty/VFX_Klaus/Materials/Mat_fx_Shoot&HitVol2_Modeling.mat; Assets/ThirdParty/VFX_Klaus/Meshes/Fbx_fx_Shoot&HitVol2_Hammer.fbx","Impact moment; pair with same-name muzzle/projectile prefabs when possible."
"VFX_Klaus","Stylized Shoot & Hit Vol.2","Projectile / Shoot Chain","Muzzle; Projectile; Hit/Impact","","FX_Shoot_Hammer_muzzle","Assets/ThirdParty/VFX_Klaus/Prefabs/Stylized Shoot & Hit Vol.2/FX_Shoot_Hammer_muzzle.prefab","0","0","0","0","0","0","0","0","0","0","1","0","0","0","1","PrefabInstance:1","Assets/ThirdParty/VFX_Klaus/Prefabs/Stylized Shoot & Hit Vol.2/FX_Shoot_Axe_muzzle.prefab","Spawn at caster, muzzle, or weapon tip; pair with same-name projectile and hit prefabs."
"VFX_Klaus","Stylized Shoot & Hit Vol.2","Projectile / Shoot Chain","Projectile; Hit/Impact","","FX_Shoot_Hammer_projectile","Assets/ThirdParty/VFX_Klaus/Prefabs/Stylized Shoot & Hit Vol.2/FX_Shoot_Hammer_projectile.prefab","4","4","4","0","0","0","0","0","0","0","0","2","0","0","0","ParticleSystem:4; ParticleSystemRenderer:4; GameObject:4; Transform:4","Assets/ThirdParty/VFX_Klaus/Materials/Mat_fx_Shoot&Hit_set_add.mat; Assets/ThirdParty/VFX_Klaus/Meshes/Fbx_fx_slash.FBX; Assets/ThirdParty/VFX_Klaus/Materials/Mat_fx_Shoot&HitVol2_Modeling.mat; Assets/ThirdParty/VFX_Klaus/Meshes/Fbx_fx_Shoot&HitVol2_Hammer.fbx","Flying segment; usually needs gameplay code for direction, speed, collision, and hit spawning."
"VFX_Klaus","Stylized Shoot & Hit Vol.2","Projectile / Shoot Chain","Projectile; Hit/Impact; Ice/Crystal","","FX_Shoot_Ice","Assets/ThirdParty/VFX_Klaus/Prefabs/Stylized Shoot & Hit Vol.2/Prefab/FX_Shoot_Ice.prefab","1","0","0","0","0","0","0","0","0","1","1","0","0","1","3","BoxCollider:1; Rigidbody:1; PrefabInstance:1; GameObject:1; Transform:1; MonoBehaviour:1","Assets/ThirdParty/VFX_Klaus/Scripts/ProjectileMove.cs; Assets/ThirdParty/VFX_Klaus/Prefabs/Stylized Shoot & Hit Vol.2/FX_Shoot_Ice_muzzle.prefab; Assets/ThirdParty/VFX_Klaus/Prefabs/Stylized Shoot & Hit Vol.2/FX_Shoot_Ice_hit.prefab; Assets/ThirdParty/VFX_Klaus/Prefabs/Stylized Shoot & Hit Vol.2/FX_Shoot_Ice_projectile.prefab","Impact moment; pair with same-name muzzle/projectile prefabs when possible."
"VFX_Klaus","Stylized Shoot & Hit Vol.2","Projectile / Shoot Chain","Projectile; Hit/Impact; Ice/Crystal","","FX_Shoot_Ice_hit","Assets/ThirdParty/VFX_Klaus/Prefabs/Stylized Shoot & Hit Vol.2/FX_Shoot_Ice_hit.prefab","6","6","6","0","0","0","0","0","0","0","0","2","0","0","0","ParticleSystem:6; ParticleSystemRenderer:6; GameObject:6; Transform:6","Assets/ThirdParty/VFX_Klaus/Materials/Mat_fx_Shoot&Hit_set_add.mat; Assets/ThirdParty/VFX_Klaus/Meshes/Fbx_fx_muzzle_fire.fbx; Assets/ThirdParty/VFX_Klaus/Meshes/fbx_fx_circle_03.FBX; Assets/ThirdParty/VFX_Klaus/Materials/Mat_fx_Shoot&HitVol2_Modeling.mat; Assets/ThirdParty/VFX_Klaus/Meshes/Fbx_fx_Shoot&HitVol2_Ice.fbx","Impact moment; pair with same-name muzzle/projectile prefabs when possible."
"VFX_Klaus","Stylized Shoot & Hit Vol.2","Projectile / Shoot Chain","Muzzle; Projectile; Hit/Impact; Ice/Crystal","","FX_Shoot_Ice_muzzle","Assets/ThirdParty/VFX_Klaus/Prefabs/Stylized Shoot & Hit Vol.2/FX_Shoot_Ice_muzzle.prefab","5","5","5","0","0","0","0","0","0","0","0","2","0","0","0","ParticleSystem:5; ParticleSystemRenderer:5; GameObject:5; Transform:5","Assets/ThirdParty/VFX_Klaus/Materials/Mat_fx_Shoot&Hit_set_add.mat; Assets/ThirdParty/VFX_Klaus/Materials/Mat_fx_Shoot&HitVol2_Modeling.mat; Assets/ThirdParty/VFX_Klaus/Meshes/Fbx_fx_Shoot&HitVol2_Ice.fbx; Assets/ThirdParty/VFX_Klaus/Meshes/Fbx_fx_square_cone.fbx; Assets/ThirdParty/VFX_Klaus/Meshes/fbx_fx_circle_03.FBX; Assets/ThirdParty/VFX_Klaus/Meshes/Fbx_fx_muzzle_fire.fbx","Spawn at caster, muzzle, or weapon tip; pair with same-name projectile and hit prefabs."
"VFX_Klaus","Stylized Shoot & Hit Vol.2","Projectile / Shoot Chain","Projectile; Hit/Impact; Ice/Crystal","","FX_Shoot_Ice_projectile","Assets/ThirdParty/VFX_Klaus/Prefabs/Stylized Shoot & Hit Vol.2/FX_Shoot_Ice_projectile.prefab","4","4","4","0","0","0","0","0","0","0","0","2","0","0","0","ParticleSystem:4; ParticleSystemRenderer:4; GameObject:4; Transform:4","Assets/ThirdParty/VFX_Klaus/Materials/Mat_fx_Shoot&Hit_set_add.mat; Assets/ThirdParty/VFX_Klaus/Meshes/Fbx_fx_square_cone.fbx; Assets/ThirdParty/VFX_Klaus/Materials/Mat_fx_Shoot&HitVol2_Modeling.mat; Assets/ThirdParty/VFX_Klaus/Meshes/Fbx_fx_Shoot&HitVol2_Ice.fbx; Assets/ThirdParty/VFX_Klaus/Meshes/fbx_fx_helix_02.FBX","Flying segment; usually needs gameplay code for direction, speed, collision, and hit spawning."
"VFX_Klaus","Stylized Shoot & Hit Vol.2","Projectile / Shoot Chain","Projectile; Hit/Impact","","FX_Shoot_Kunai","Assets/ThirdParty/VFX_Klaus/Prefabs/Stylized Shoot & Hit Vol.2/Prefab/FX_Shoot_Kunai.prefab","1","0","0","0","0","0","0","0","0","1","1","0","0","1","3","BoxCollider:1; Rigidbody:1; PrefabInstance:1; GameObject:1; Transform:1; MonoBehaviour:1","Assets/ThirdParty/VFX_Klaus/Scripts/ProjectileMove.cs; Assets/ThirdParty/VFX_Klaus/Prefabs/Stylized Shoot & Hit Vol.2/FX_Shoot_Kunai_muzzle.prefab; Assets/ThirdParty/VFX_Klaus/Prefabs/Stylized Shoot & Hit Vol.2/FX_Shoot_Kunai_hit.prefab; Assets/ThirdParty/VFX_Klaus/Prefabs/Stylized Shoot & Hit Vol.2/FX_Shoot_Kunai_projectile.prefab","Impact moment; pair with same-name muzzle/projectile prefabs when possible."
"VFX_Klaus","Stylized Shoot & Hit Vol.2","Projectile / Shoot Chain","Projectile; Hit/Impact","","FX_Shoot_Kunai_hit","Assets/ThirdParty/VFX_Klaus/Prefabs/Stylized Shoot & Hit Vol.2/FX_Shoot_Kunai_hit.prefab","5","5","5","0","0","0","0","0","0","0","0","2","0","0","0","ParticleSystem:5; ParticleSystemRenderer:5; GameObject:5; Transform:5","Assets/ThirdParty/VFX_Klaus/Materials/Mat_fx_Shoot&Hit_set_apb.mat; Assets/ThirdParty/VFX_Klaus/Meshes/Fbx_fx_square_cone.fbx; Assets/ThirdParty/VFX_Klaus/Materials/Mat_fx_Shoot&HitVol2_Modeling.mat; Assets/ThirdParty/VFX_Klaus/Meshes/Fbx_fx_Shoot&HitVol2_Kunai.fbx; Assets/ThirdParty/VFX_Klaus/Meshes/Fbx_fx_muzzle_fire.fbx; Assets/ThirdParty/VFX_Klaus/Meshes/fbx_fx_helix_02.FBX","Impact moment; pair with same-name muzzle/projectile prefabs when possible."
"VFX_Klaus","Stylized Shoot & Hit Vol.2","Projectile / Shoot Chain","Muzzle; Projectile; Hit/Impact","","FX_Shoot_Kunai_muzzle","Assets/ThirdParty/VFX_Klaus/Prefabs/Stylized Shoot & Hit Vol.2/FX_Shoot_Kunai_muzzle.prefab","0","0","0","0","0","0","0","0","0","0","1","0","0","0","1","PrefabInstance:1","Assets/ThirdParty/VFX_Klaus/Prefabs/Stylized Shoot & Hit Vol.2/FX_Shoot_Axe_muzzle.prefab","Spawn at caster, muzzle, or weapon tip; pair with same-name projectile and hit prefabs."
"VFX_Klaus","Stylized Shoot & Hit Vol.2","Projectile / Shoot Chain","Projectile; Hit/Impact","","FX_Shoot_Kunai_projectile","Assets/ThirdParty/VFX_Klaus/Prefabs/Stylized Shoot & Hit Vol.2/FX_Shoot_Kunai_projectile.prefab","3","3","3","0","0","0","0","0","0","0","0","2","0","0","0","ParticleSystem:3; ParticleSystemRenderer:3; GameObject:3; Transform:3","Assets/ThirdParty/VFX_Klaus/Materials/Mat_fx_Shoot&Hit_set_apb.mat; Assets/ThirdParty/VFX_Klaus/Materials/Mat_fx_Shoot&HitVol2_Modeling.mat; Assets/ThirdParty/VFX_Klaus/Meshes/Fbx_fx_Shoot&HitVol2_Kunai.fbx; Assets/ThirdParty/VFX_Klaus/Meshes/Fbx_fx_square_cone.fbx","Flying segment; usually needs gameplay code for direction, speed, collision, and hit spawning."
"VFX_Klaus","Stylized Shoot & Hit Vol.2","Projectile / Shoot Chain","Projectile; Hit/Impact","","FX_Shoot_Laser_01","Assets/ThirdParty/VFX_Klaus/Prefabs/Stylized Shoot & Hit Vol.2/Prefab/FX_Shoot_Laser_01.prefab","1","0","0","0","0","0","0","0","0","1","1","0","0","1","3","BoxCollider:1; Rigidbody:1; PrefabInstance:1; GameObject:1; Transform:1; MonoBehaviour:1","Assets/ThirdParty/VFX_Klaus/Scripts/ProjectileMove.cs; Assets/ThirdParty/VFX_Klaus/Prefabs/Stylized Shoot & Hit Vol.2/FX_Shoot_Laser_01_muzzle.prefab; Assets/ThirdParty/VFX_Klaus/Prefabs/Stylized Shoot & Hit Vol.2/FX_Shoot_Laser_01_hit.prefab; Assets/ThirdParty/VFX_Klaus/Prefabs/Stylized Shoot & Hit Vol.2/FX_Shoot_Laser_01_projectile.prefab","Impact moment; pair with same-name muzzle/projectile prefabs when possible."
"VFX_Klaus","Stylized Shoot & Hit Vol.2","Projectile / Shoot Chain","Projectile; Hit/Impact","","FX_Shoot_Laser_01_hit","Assets/ThirdParty/VFX_Klaus/Prefabs/Stylized Shoot & Hit Vol.2/FX_Shoot_Laser_01_hit.prefab","6","6","6","0","0","0","0","0","0","0","0","2","0","0","0","ParticleSystem:6; ParticleSystemRenderer:6; GameObject:6; Transform:6","Assets/ThirdParty/VFX_Klaus/Materials/Mat_fx_Shoot&Hit_set_add.mat; Assets/ThirdParty/VFX_Klaus/Meshes/Fbx_fx_muzzle_fire.fbx; Assets/ThirdParty/VFX_Klaus/Materials/Mat_fx_Shoot&Hit_set_apb.mat; Assets/ThirdParty/VFX_Klaus/Meshes/fbx_fx_circle_03.FBX","Impact moment; pair with same-name muzzle/projectile prefabs when possible."
"VFX_Klaus","Stylized Shoot & Hit Vol.2","Projectile / Shoot Chain","Muzzle; Projectile; Hit/Impact","","FX_Shoot_Laser_01_muzzle","Assets/ThirdParty/VFX_Klaus/Prefabs/Stylized Shoot & Hit Vol.2/FX_Shoot_Laser_01_muzzle.prefab","5","5","5","0","0","0","0","0","0","0","0","2","0","0","0","ParticleSystem:5; ParticleSystemRenderer:5; GameObject:5; Transform:5","Assets/ThirdParty/VFX_Klaus/Materials/Mat_fx_Shoot&Hit_set_add.mat; Assets/ThirdParty/VFX_Klaus/Meshes/Fbx_fx_square_cone.fbx; Assets/ThirdParty/VFX_Klaus/Materials/Mat_fx_Shoot&Hit_set_apb.mat; Assets/ThirdParty/VFX_Klaus/Meshes/fbx_fx_circle_03.FBX","Spawn at caster, muzzle, or weapon tip; pair with same-name projectile and hit prefabs."
"VFX_Klaus","Stylized Shoot & Hit Vol.2","Projectile / Shoot Chain","Projectile; Hit/Impact","","FX_Shoot_Laser_01_projectile","Assets/ThirdParty/VFX_Klaus/Prefabs/Stylized Shoot & Hit Vol.2/FX_Shoot_Laser_01_projectile.prefab","3","3","3","0","0","0","0","0","0","0","0","2","0","0","0","ParticleSystem:3; ParticleSystemRenderer:3; GameObject:3; Transform:3","Assets/ThirdParty/VFX_Klaus/Materials/Mat_fx_Shoot&Hit_set_apb.mat; Assets/ThirdParty/VFX_Klaus/Meshes/fbx_fx_circle_03.FBX; Assets/ThirdParty/VFX_Klaus/Materials/Mat_fx_Shoot&Hit_set_add.mat","Flying segment; usually needs gameplay code for direction, speed, collision, and hit spawning."
"VFX_Klaus","Stylized Shoot & Hit Vol.2","Projectile / Shoot Chain","Projectile; Hit/Impact","","FX_Shoot_Laser_02","Assets/ThirdParty/VFX_Klaus/Prefabs/Stylized Shoot & Hit Vol.2/Prefab/FX_Shoot_Laser_02.prefab","1","0","0","0","0","0","0","0","0","1","1","0","0","1","3","BoxCollider:1; Rigidbody:1; PrefabInstance:1; GameObject:1; Transform:1; MonoBehaviour:1","Assets/ThirdParty/VFX_Klaus/Scripts/ProjectileMove.cs; Assets/ThirdParty/VFX_Klaus/Prefabs/Stylized Shoot & Hit Vol.2/FX_Shoot_Laser_02_muzzle.prefab; Assets/ThirdParty/VFX_Klaus/Prefabs/Stylized Shoot & Hit Vol.2/FX_Shoot_Laser_02_hit.prefab; Assets/ThirdParty/VFX_Klaus/Prefabs/Stylized Shoot & Hit Vol.2/FX_Shoot_Laser_02_projectile.prefab","Impact moment; pair with same-name muzzle/projectile prefabs when possible."
"VFX_Klaus","Stylized Shoot & Hit Vol.2","Projectile / Shoot Chain","Projectile; Hit/Impact","","FX_Shoot_Laser_02_hit","Assets/ThirdParty/VFX_Klaus/Prefabs/Stylized Shoot & Hit Vol.2/FX_Shoot_Laser_02_hit.prefab","6","6","6","0","0","0","0","0","0","0","0","1","0","0","0","ParticleSystem:6; ParticleSystemRenderer:6; GameObject:6; Transform:6","Assets/ThirdParty/VFX_Klaus/Materials/Mat_fx_Shoot&Hit_set_add.mat; Assets/ThirdParty/VFX_Klaus/Meshes/Fbx_fx_square_cone.fbx; Assets/ThirdParty/VFX_Klaus/Meshes/Fbx_fx_muzzle_fire.fbx","Impact moment; pair with same-name muzzle/projectile prefabs when possible."
"VFX_Klaus","Stylized Shoot & Hit Vol.2","Projectile / Shoot Chain","Muzzle; Projectile; Hit/Impact","","FX_Shoot_Laser_02_muzzle","Assets/ThirdParty/VFX_Klaus/Prefabs/Stylized Shoot & Hit Vol.2/FX_Shoot_Laser_02_muzzle.prefab","3","3","3","0","0","0","0","0","0","0","0","1","0","0","0","ParticleSystem:3; ParticleSystemRenderer:3; GameObject:3; Transform:3","Assets/ThirdParty/VFX_Klaus/Materials/Mat_fx_Shoot&Hit_set_add.mat; Assets/ThirdParty/VFX_Klaus/Meshes/Fbx_fx_muzzle_fire.fbx","Spawn at caster, muzzle, or weapon tip; pair with same-name projectile and hit prefabs."
"VFX_Klaus","Stylized Shoot & Hit Vol.2","Projectile / Shoot Chain","Projectile; Hit/Impact","","FX_Shoot_Laser_02_projectile","Assets/ThirdParty/VFX_Klaus/Prefabs/Stylized Shoot & Hit Vol.2/FX_Shoot_Laser_02_projectile.prefab","4","4","4","0","0","0","0","0","0","0","0","1","0","0","0","ParticleSystem:4; ParticleSystemRenderer:4; GameObject:4; Transform:4","Assets/ThirdParty/VFX_Klaus/Materials/Mat_fx_Shoot&Hit_set_add.mat; Assets/ThirdParty/VFX_Klaus/Meshes/Fbx_fx_muzzle_fire.fbx","Flying segment; usually needs gameplay code for direction, speed, collision, and hit spawning."
"VFX_Klaus","Stylized Shoot & Hit Vol.2","Projectile / Shoot Chain","Projectile; Hit/Impact","","FX_Shoot_Obsidian","Assets/ThirdParty/VFX_Klaus/Prefabs/Stylized Shoot & Hit Vol.2/Prefab/FX_Shoot_Obsidian.prefab","1","0","0","0","0","0","0","0","0","1","1","0","0","1","3","BoxCollider:1; Rigidbody:1; PrefabInstance:1; GameObject:1; Transform:1; MonoBehaviour:1","Assets/ThirdParty/VFX_Klaus/Scripts/ProjectileMove.cs; Assets/ThirdParty/VFX_Klaus/Prefabs/Stylized Shoot & Hit Vol.2/FX_Shoot_Obsidian_muzzle.prefab; Assets/ThirdParty/VFX_Klaus/Prefabs/Stylized Shoot & Hit Vol.2/FX_Shoot_Obsidian_hit.prefab; Assets/ThirdParty/VFX_Klaus/Prefabs/Stylized Shoot & Hit Vol.2/FX_Shoot_Obsidian_projectile.prefab","Impact moment; pair with same-name muzzle/projectile prefabs when possible."
"VFX_Klaus","Stylized Shoot & Hit Vol.2","Projectile / Shoot Chain","Projectile; Hit/Impact","","FX_Shoot_Obsidian_hit","Assets/ThirdParty/VFX_Klaus/Prefabs/Stylized Shoot & Hit Vol.2/FX_Shoot_Obsidian_hit.prefab","6","6","6","0","0","0","0","0","0","0","0","3","0","0","0","ParticleSystem:6; ParticleSystemRenderer:6; GameObject:6; Transform:6","Assets/ThirdParty/VFX_Klaus/Materials/Mat_fx_Shoot&HitVol2_Modeling.mat; Assets/ThirdParty/VFX_Klaus/Meshes/Fbx_fx_Shoot&HitVol2_Ice.fbx; Assets/ThirdParty/VFX_Klaus/Materials/Mat_fx_Shoot&Hit_set_apb.mat; Assets/ThirdParty/VFX_Klaus/Meshes/fbx_fx_circle_03.FBX; Assets/ThirdParty/VFX_Klaus/Meshes/Fbx_fx_square_cone.fbx; Assets/ThirdParty/VFX_Klaus/Materials/Mat_fx_Shoot&Hit_set_add.mat; Assets/ThirdParty/VFX_Klaus/Meshes/Fbx_fx_muzzle_fire.fbx","Impact moment; pair with same-name muzzle/projectile prefabs when possible."
"VFX_Klaus","Stylized Shoot & Hit Vol.2","Projectile / Shoot Chain","Muzzle; Projectile; Hit/Impact","","FX_Shoot_Obsidian_muzzle","Assets/ThirdParty/VFX_Klaus/Prefabs/Stylized Shoot & Hit Vol.2/FX_Shoot_Obsidian_muzzle.prefab","3","3","3","0","0","0","0","0","0","0","0","2","0","0","0","ParticleSystem:3; ParticleSystemRenderer:3; GameObject:3; Transform:3","Assets/ThirdParty/VFX_Klaus/Materials/Mat_fx_Shoot&Hit_set_apb.mat; Assets/ThirdParty/VFX_Klaus/Meshes/fbx_fx_circle_03.FBX; Assets/ThirdParty/VFX_Klaus/Meshes/Fbx_fx_square_cone.fbx; Assets/ThirdParty/VFX_Klaus/Materials/Mat_fx_Shoot&Hit_set_add.mat","Spawn at caster, muzzle, or weapon tip; pair with same-name projectile and hit prefabs."
"VFX_Klaus","Stylized Shoot & Hit Vol.2","Projectile / Shoot Chain","Projectile; Hit/Impact","","FX_Shoot_Obsidian_projectile","Assets/ThirdParty/VFX_Klaus/Prefabs/Stylized Shoot & Hit Vol.2/FX_Shoot_Obsidian_projectile.prefab","5","5","5","0","0","0","0","0","0","0","0","3","0","0","0","ParticleSystem:5; ParticleSystemRenderer:5; GameObject:5; Transform:5","Assets/ThirdParty/VFX_Klaus/Materials/Mat_fx_Shoot&Hit_set_apb.mat; Assets/ThirdParty/VFX_Klaus/Meshes/fbx_fx_helix_02.FBX; Assets/ThirdParty/VFX_Klaus/Materials/Mat_fx_Shoot&HitVol2_Modeling.mat; Assets/ThirdParty/VFX_Klaus/Meshes/Fbx_fx_Shoot&HitVol2_Ice.fbx; Assets/ThirdParty/VFX_Klaus/Materials/Mat_fx_Shoot&Hit_set_add.mat; Assets/ThirdParty/VFX_Klaus/Meshes/Fbx_fx_square_cone.fbx","Flying segment; usually needs gameplay code for direction, speed, collision, and hit spawning."
"VFX_Klaus","Stylized Shoot & Hit Vol.2","Projectile / Shoot Chain","Projectile; Hit/Impact; Poison/Gas","","FX_Shoot_Poison","Assets/ThirdParty/VFX_Klaus/Prefabs/Stylized Shoot & Hit Vol.2/Prefab/FX_Shoot_Poison.prefab","1","0","0","0","0","0","0","0","0","1","1","0","0","1","3","BoxCollider:1; Rigidbody:1; PrefabInstance:1; GameObject:1; Transform:1; MonoBehaviour:1","Assets/ThirdParty/VFX_Klaus/Scripts/ProjectileMove.cs; Assets/ThirdParty/VFX_Klaus/Prefabs/Stylized Shoot & Hit Vol.2/FX_Shoot_Poison_muzzle.prefab; Assets/ThirdParty/VFX_Klaus/Prefabs/Stylized Shoot & Hit Vol.2/FX_Shoot_Poison_hit.prefab; Assets/ThirdParty/VFX_Klaus/Prefabs/Stylized Shoot & Hit Vol.2/FX_Shoot_Poison_projectile.prefab","Impact moment; pair with same-name muzzle/projectile prefabs when possible."
"VFX_Klaus","Stylized Shoot & Hit Vol.2","Projectile / Shoot Chain","Projectile; Hit/Impact; Poison/Gas","","FX_Shoot_Poison_hit","Assets/ThirdParty/VFX_Klaus/Prefabs/Stylized Shoot & Hit Vol.2/FX_Shoot_Poison_hit.prefab","5","5","5","0","0","0","0","0","0","0","0","2","0","0","0","ParticleSystem:5; ParticleSystemRenderer:5; GameObject:5; Transform:5","Assets/ThirdParty/VFX_Klaus/Materials/Mat_fx_Shoot&Hit_set_apb.mat; Assets/ThirdParty/VFX_Klaus/Meshes/Fbx_fx_square_cone.fbx; Assets/ThirdParty/VFX_Klaus/Materials/Mat_fx_Shoot&Hit_set_add.mat","Impact moment; pair with same-name muzzle/projectile prefabs when possible."
"VFX_Klaus","Stylized Shoot & Hit Vol.2","Projectile / Shoot Chain","Muzzle; Projectile; Hit/Impact; Poison/Gas","","FX_Shoot_Poison_muzzle","Assets/ThirdParty/VFX_Klaus/Prefabs/Stylized Shoot & Hit Vol.2/FX_Shoot_Poison_muzzle.prefab","4","4","4","0","0","0","0","0","0","0","0","2","0","0","0","ParticleSystem:4; ParticleSystemRenderer:4; GameObject:4; Transform:4","Assets/ThirdParty/VFX_Klaus/Materials/Mat_fx_Shoot&Hit_set_add.mat; Assets/ThirdParty/VFX_Klaus/Materials/Mat_fx_Shoot&Hit_set_apb.mat; Assets/ThirdParty/VFX_Klaus/Meshes/Fbx_fx_square_cone.fbx","Spawn at caster, muzzle, or weapon tip; pair with same-name projectile and hit prefabs."
"VFX_Klaus","Stylized Shoot & Hit Vol.2","Projectile / Shoot Chain","Projectile; Hit/Impact; Poison/Gas","","FX_Shoot_Poison_projectile","Assets/ThirdParty/VFX_Klaus/Prefabs/Stylized Shoot & Hit Vol.2/FX_Shoot_Poison_projectile.prefab","4","4","4","0","0","0","0","0","0","0","0","2","0","0","0","ParticleSystem:4; ParticleSystemRenderer:4; GameObject:4; Transform:4","Assets/ThirdParty/VFX_Klaus/Materials/Mat_fx_Shoot&Hit_set_apb.mat; Assets/ThirdParty/VFX_Klaus/Materials/Mat_fx_Shoot&Hit_set_add.mat; Assets/ThirdParty/VFX_Klaus/Meshes/Fbx_fx_square_cone.fbx","Flying segment; usually needs gameplay code for direction, speed, collision, and hit spawning."
"VFX_Klaus","Stylized Shoot & Hit Vol.2","Projectile / Shoot Chain","Projectile; Hit/Impact","","FX_Shoot_Shuriken","Assets/ThirdParty/VFX_Klaus/Prefabs/Stylized Shoot & Hit Vol.2/Prefab/FX_Shoot_Shuriken.prefab","1","0","0","0","0","0","0","0","0","1","1","0","0","1","3","BoxCollider:1; Rigidbody:1; PrefabInstance:1; GameObject:1; Transform:1; MonoBehaviour:1","Assets/ThirdParty/VFX_Klaus/Scripts/ProjectileMove.cs; Assets/ThirdParty/VFX_Klaus/Prefabs/Stylized Shoot & Hit Vol.2/FX_Shoot_Shuriken_muzzle.prefab; Assets/ThirdParty/VFX_Klaus/Prefabs/Stylized Shoot & Hit Vol.2/FX_Shoot_Shuriken_hit.prefab; Assets/ThirdParty/VFX_Klaus/Prefabs/Stylized Shoot & Hit Vol.2/FX_Shoot_Shuriken_projectile.prefab","Impact moment; pair with same-name muzzle/projectile prefabs when possible."
"VFX_Klaus","Stylized Shoot & Hit Vol.2","Projectile / Shoot Chain","Projectile; Hit/Impact","","FX_Shoot_Shuriken_hit","Assets/ThirdParty/VFX_Klaus/Prefabs/Stylized Shoot & Hit Vol.2/FX_Shoot_Shuriken_hit.prefab","5","5","5","0","0","0","0","0","0","0","0","2","0","0","0","ParticleSystem:5; ParticleSystemRenderer:5; GameObject:5; Transform:5","Assets/ThirdParty/VFX_Klaus/Materials/Mat_fx_Shoot&Hit_set_add.mat; Assets/ThirdParty/VFX_Klaus/Meshes/Fbx_fx_square_cone.fbx; Assets/ThirdParty/VFX_Klaus/Meshes/Fbx_fx_muzzle_fire.fbx; Assets/ThirdParty/VFX_Klaus/Materials/Mat_fx_Shoot&HitVol2_Modeling.mat; Assets/ThirdParty/VFX_Klaus/Meshes/Fbx_fx_Shoot&HitVol2_Shuriken.fbx; Assets/ThirdParty/VFX_Klaus/Meshes/fbx_fx_circle_03.FBX","Impact moment; pair with same-name muzzle/projectile prefabs when possible."
"VFX_Klaus","Stylized Shoot & Hit Vol.2","Projectile / Shoot Chain","Muzzle; Projectile; Hit/Impact","","FX_Shoot_Shuriken_muzzle","Assets/ThirdParty/VFX_Klaus/Prefabs/Stylized Shoot & Hit Vol.2/FX_Shoot_Shuriken_muzzle.prefab","0","0","0","0","0","0","0","0","0","0","1","0","0","0","1","PrefabInstance:1","Assets/ThirdParty/VFX_Klaus/Prefabs/Stylized Shoot & Hit Vol.2/FX_Shoot_Axe_muzzle.prefab","Spawn at caster, muzzle, or weapon tip; pair with same-name projectile and hit prefabs."
"VFX_Klaus","Stylized Shoot & Hit Vol.2","Projectile / Shoot Chain","Projectile; Hit/Impact","","FX_Shoot_Shuriken_projectile","Assets/ThirdParty/VFX_Klaus/Prefabs/Stylized Shoot & Hit Vol.2/FX_Shoot_Shuriken_projectile.prefab","3","3","3","0","0","0","0","0","0","0","0","2","0","0","0","ParticleSystem:3; ParticleSystemRenderer:3; GameObject:3; Transform:3","Assets/ThirdParty/VFX_Klaus/Materials/Mat_fx_Shoot&Hit_set_add.mat; Assets/ThirdParty/VFX_Klaus/Meshes/Fbx_fx_slash.FBX; Assets/ThirdParty/VFX_Klaus/Materials/Mat_fx_Shoot&HitVol2_Modeling.mat; Assets/ThirdParty/VFX_Klaus/Meshes/Fbx_fx_Shoot&HitVol2_Shuriken.fbx","Flying segment; usually needs gameplay code for direction, speed, collision, and hit spawning."
"VFX_Klaus","Timeline demo prefabs","Elemental Splash / Burst","Splash","","Stylized_Element_Splash_vol.1","Assets/ThirdParty/VFX_Klaus/Timeline/Stylized_Element_Splash_vol.1.prefab","19","0","0","0","0","0","0","0","0","34","30","0","0","0","30","MonoBehaviour:34; PrefabInstance:30; GameObject:19; RectTransform:17; CanvasRenderer:16; Animator:16; Transform:2; Canvas:1; PlayableDirector:1","Assets/ThirdParty/VFX_Klaus/Timeline/Stylized_Element_Splash_vol.1.playable; Assets/ThirdParty/VFX_Klaus/Prefabs/Stylized_Element_Splash_vol.1/FX_splash_lava_air.prefab; Assets/ThirdParty/VFX_Klaus/Prefabs/Stylized_Element_Splash_vol.1/FX_splash_wind_floor.prefab; Assets/ThirdParty/VFX_Klaus/Prefabs/Stylized_Element_Splash_vol.1/FX_splash_force_01_floor.prefab; Assets/ThirdParty/VFX_Klaus/Prefabs/Stylized_Element_Splash_vol.1/FX_splash_electric_floor.prefab; Assets/ThirdParty/VFX_Klaus/Prefabs/Stylized_Element_Splash_vol.1/FX_splash_explosion_01_air.prefab; Assets/ThirdParty/VFX_Klaus/Prefabs/Stylized_Element_Splash_vol.1/FX_splash_wind_air.prefab; Assets/ThirdParty/VFX_Klaus/Prefabs/Stylized_Element_Splash_vol.1/FX_splash_dust_floor.prefab; Assets/ThirdParty/VFX_Klaus/Prefabs/Stylized_Element_Splash_vol.1/FX_splash_light_floor.prefab; Assets/ThirdParty/VFX_Klaus/Prefabs/Stylized_Element_Splash_vol.1/FX_splash_demon_floor.prefab; Assets/ThirdParty/VFX_Klaus/Prefabs/Stylized_Element_Splash_vol.1/FX_splash_force_02_floor.prefab; Assets/ThirdParty/VFX_Klaus/Prefabs/Stylized_Element_Splash_vol.1/FX_splash_portal_floor.prefab","Use for spell bursts and ground impacts; air variants attach to targets, floor variants sit on ground."
"VFX_Klaus","Timeline demo prefabs","Elemental Splash / Burst","Splash","","Stylized_Element_Splash_vol.2","Assets/ThirdParty/VFX_Klaus/Timeline/Stylized_Element_Splash_vol.2.prefab","22","0","0","0","0","0","0","0","0","40","30","0","0","0","30","MonoBehaviour:40; PrefabInstance:30; GameObject:22; RectTransform:20; CanvasRenderer:19; Animator:19; Transform:2; Canvas:1; PlayableDirector:1","Assets/ThirdParty/VFX_Klaus/Timeline/Stylized_Element_Splash_vol.2.playable; Assets/ThirdParty/VFX_Klaus/Prefabs/Stylized_Element_Splash_vol.2/FX_splash_explosion_air.prefab; Assets/ThirdParty/VFX_Klaus/Prefabs/Stylized_Element_Splash_vol.2/FX_splash_hit_02_floor.prefab; Assets/ThirdParty/VFX_Klaus/Prefabs/Stylized_Element_Splash_vol.2/FX_splash_magic_03_floor.prefab; Assets/ThirdParty/VFX_Klaus/Prefabs/Stylized_Element_Splash_vol.2/FX_splash_spear_floor.prefab; Assets/ThirdParty/VFX_Klaus/Prefabs/Stylized_Element_Splash_vol.2/FX_splash_thunder_floor.prefab; Assets/ThirdParty/VFX_Klaus/Prefabs/Stylized_Element_Splash_vol.2/FX_splash_energy_floor.prefab; Assets/ThirdParty/VFX_Klaus/Prefabs/Stylized_Element_Splash_vol.2/FX_splash_crystal_air.prefab; Assets/ThirdParty/VFX_Klaus/Prefabs/Stylized_Element_Splash_vol.2/FX_splash_magic_01_air.prefab; Assets/ThirdParty/VFX_Klaus/Prefabs/Stylized_Element_Splash_vol.2/FX_splash_hit_01_floor.prefab; Assets/ThirdParty/VFX_Klaus/Prefabs/Stylized_Element_Splash_vol.2/FX_splash_shadow_floor.prefab; Assets/ThirdParty/VFX_Klaus/Prefabs/Stylized_Element_Splash_vol.2/FX_splash_light_air.prefab","Use for spell bursts and ground impacts; air variants attach to targets, floor variants sit on ground."
"VFX_Klaus","Timeline demo prefabs","Elemental Splash / Burst","Splash","","Stylized_Element_Splash_vol.3","Assets/ThirdParty/VFX_Klaus/Timeline/Stylized_Element_Splash_vol.3.prefab","24","0","0","0","0","0","0","0","0","44","30","0","0","0","30","MonoBehaviour:44; PrefabInstance:30; GameObject:24; RectTransform:22; CanvasRenderer:21; Animator:21; Transform:2; Canvas:1; PlayableDirector:1","Assets/ThirdParty/VFX_Klaus/Timeline/Stylized_Element_Splash_vol.3.playable; Assets/ThirdParty/VFX_Klaus/Prefabs/Stylized_Element_Splash_vol.3/FX_splash_sword_floor.prefab; Assets/ThirdParty/VFX_Klaus/Prefabs/Stylized_Element_Splash_vol.3/FX_splash_fire_floor.prefab; Assets/ThirdParty/VFX_Klaus/Prefabs/Stylized_Element_Splash_vol.3/FX_splash_energy_01_floor.prefab; Assets/ThirdParty/VFX_Klaus/Prefabs/Stylized_Element_Splash_vol.3/FX_splash_bug_air.prefab; Assets/ThirdParty/VFX_Klaus/Prefabs/Stylized_Element_Splash_vol.3/FX_splash_explosion_air.prefab; Assets/ThirdParty/VFX_Klaus/Prefabs/Stylized_Element_Splash_vol.3/FX_splash_thorn_02_floor.prefab; Assets/ThirdParty/VFX_Klaus/Prefabs/Stylized_Element_Splash_vol.3/FX_splash_reaper_floor.prefab; Assets/ThirdParty/VFX_Klaus/Prefabs/Stylized_Element_Splash_vol.3/FX_splash_dust_floor.prefab; Assets/ThirdParty/VFX_Klaus/Prefabs/Stylized_Element_Splash_vol.3/FX_splash_gas_air.prefab; Assets/ThirdParty/VFX_Klaus/Prefabs/Stylized_Element_Splash_vol.3/FX_splash_stone_floor.prefab; Assets/ThirdParty/VFX_Klaus/Prefabs/Stylized_Element_Splash_vol.3/FX_splash_coin_floor.prefab","Use for spell bursts and ground impacts; air variants attach to targets, floor variants sit on ground."
"VFX_Klaus","Timeline demo prefabs","Melee Slash / Weapon Trail","Hit/Impact; Slash/Trail","","Stylized Hit & Slash","Assets/ThirdParty/VFX_Klaus/Timeline/Stylized Hit & Slash.prefab","26","0","0","0","0","0","0","0","0","36","90","0","0","0","30","PrefabInstance:90; MonoBehaviour:36; GameObject:26; RectTransform:18; Animator:17; CanvasRenderer:17; Transform:8; Canvas:1; PlayableDirector:1","Assets/ThirdParty/VFX_Klaus/Timeline/Hit & Slash.playable; Assets/ThirdParty/VFX_Klaus/Prefabs/Stylized Hit & Slash/FX_hit_08.prefab; Assets/ThirdParty/VFX_Klaus/Prefabs/Stylized Hit & Slash/FX_hit_15.prefab; Assets/ThirdParty/VFX_Klaus/Prefabs/Stylized Hit & Slash/FX_hit_05.prefab; Assets/ThirdParty/VFX_Klaus/Prefabs/Stylized Hit & Slash/FX_slash_05.prefab; Assets/ThirdParty/VFX_Klaus/Prefabs/Stylized Hit & Slash/FX_hit_10.prefab; Assets/ThirdParty/VFX_Klaus/Prefabs/Stylized Hit & Slash/FX_slash_03.prefab; Assets/ThirdParty/VFX_Klaus/Prefabs/Stylized Hit & Slash/FX_hit_03.prefab; Assets/ThirdParty/VFX_Klaus/Prefabs/Stylized Hit & Slash/FX_hit_01.prefab; Assets/ThirdParty/VFX_Klaus/Prefabs/Stylized Hit & Slash/FX_hit_13.prefab; Assets/ThirdParty/VFX_Klaus/Prefabs/Stylized Hit & Slash/FX_slash_13.prefab; Assets/ThirdParty/VFX_Klaus/Prefabs/Stylized Hit & Slash/FX_slash_10.prefab","Use for melee swings, sword arcs, and weapon trails; layer with hit sparks and speed lines."
"VFX_Klaus","Timeline demo prefabs","Utility/Resource","","","Hyper Casual FX","Assets/ThirdParty/VFX_Klaus/Timeline/Hyper Casual FX.prefab","110","0","0","0","0","0","37","0","0","0","103","1","0","0","100","Transform:110; GameObject:110; PrefabInstance:103; Animator:39; MeshFilter:37; MeshRenderer:37; PlayableDirector:1","Assets/ThirdParty/VFX_Klaus/Materials/VFX_lab_HyperCasualFX_Player.mat; Assets/ThirdParty/VFX_Klaus/Timeline/Hyper Casual FX.playable; Assets/ThirdParty/VFX_Klaus/Prefabs/Hyper Casual FX/HCFX_Energy_04.prefab; Assets/ThirdParty/VFX_Klaus/Prefabs/Hyper Casual FX/HCFX_Energy_02.prefab; Assets/ThirdParty/VFX_Klaus/Prefabs/Hyper Casual FX/HCFX_Dust_FloorHit_02.prefab; Assets/ThirdParty/VFX_Klaus/Prefabs/Hyper Casual FX/HCFX_Hit_06.prefab; Assets/ThirdParty/VFX_Klaus/Prefabs/Hyper Casual FX/HCFX_ElementOrb_02.prefab; Assets/ThirdParty/VFX_Klaus/Prefabs/Hyper Casual FX/HCFX_Charging_01_Step2.prefab; Assets/ThirdParty/VFX_Klaus/Prefabs/Hyper Casual FX/HCFX_Heart.prefab; Assets/ThirdParty/VFX_Klaus/Prefabs/Hyper Casual FX/HCFX_Energy_01.prefab; Assets/ThirdParty/VFX_Klaus/Prefabs/Hyper Casual FX/HCFX_Hit_01.prefab; Assets/ThirdParty/VFX_Klaus/Prefabs/Hyper Casual FX/HCFX_Shine_03.prefab","Reusable resource component for materials, textures, shaders, data, prefabs, or new VFX assemblies."
"Volumetric Fog & Mist 2","Demo / DemoAncientLands","Environment / Volumetric","Air/Dust/Fog; Volumetric System","","CliffLow","Assets/ThirdParty/VolumetricFog2/Demo/DemoAncientLands/Environment/Prefabs/CliffLow.prefab","5","0","0","0","0","0","4","0","0","0","0","1","0","0","0","Transform:5; GameObject:5; MeshRenderer:4; MeshFilter:4; MeshCollider:1; LODGroup:1","Assets/ThirdParty/VolumetricFog2/Demo/DemoAncientLands/Environment/Models/Cliff.fbx; Assets/ThirdParty/VolumetricFog2/Demo/DemoAncientLands/Environment/Materials/Ground.mat","Scene atmosphere system; needs URP RendererFeature/Volume settings."
"Volumetric Fog & Mist 2","Demo / DemoAncientLands","Environment / Volumetric","Air/Dust/Fog; Volumetric System","","Coloumn","Assets/ThirdParty/VolumetricFog2/Demo/DemoAncientLands/Environment/Prefabs/Coloumn.prefab","1","0","0","0","0","0","1","0","0","0","1","1","0","0","0","MeshRenderer:1; CapsuleCollider:1; PrefabInstance:1; GameObject:1; Transform:1; MeshFilter:1","Assets/ThirdParty/VolumetricFog2/Demo/DemoAncientLands/Environment/Models/coloumn.fbx; Assets/ThirdParty/VolumetricFog2/Demo/DemoAncientLands/Environment/Materials/Coloumn.mat; Assets/ThirdParty/VolumetricFog2/Demo/DemoAncientLands/Environment/Models/coloumn_head.fbx","Scene atmosphere system; needs URP RendererFeature/Volume settings."
"Volumetric Fog & Mist 2","Demo / DemoAncientLands","Environment / Volumetric","Air/Dust/Fog; Volumetric System","","Level","Assets/ThirdParty/VolumetricFog2/Demo/DemoAncientLands/Level.prefab","8","0","0","0","0","0","0","0","0","0","437","0","0","0","6","PrefabInstance:437; GameObject:8; Transform:8; Terrain:1; TerrainCollider:1","Assets/ThirdParty/VolumetricFog2/Demo/DemoAncientLands/Environment/Terrain/DemoTerrain.asset; Assets/ThirdParty/VolumetricFog2/Demo/DemoAncientLands/Environment/Prefabs/Rock3.prefab; Assets/ThirdParty/VolumetricFog2/Demo/DemoAncientLands/Environment/Prefabs/Plant.prefab; Assets/ThirdParty/VolumetricFog2/Demo/DemoAncientLands/Environment/Prefabs/Rock.prefab; Assets/ThirdParty/VolumetricFog2/Demo/DemoAncientLands/Environment/Prefabs/Rock2.prefab; Assets/ThirdParty/VolumetricFog2/Demo/DemoAncientLands/Environment/Prefabs/Rock4.prefab; Assets/ThirdParty/VolumetricFog2/Demo/DemoAncientLands/Environment/Prefabs/CliffLow.prefab; Assets/ThirdParty/VolumetricFog2/Demo/DemoAncientLands/Environment/Models/Cliff.fbx","Scene atmosphere system; needs URP RendererFeature/Volume settings."
"Volumetric Fog & Mist 2","Demo / DemoAncientLands","Environment / Volumetric","Air/Dust/Fog; Nature; Volumetric System","","Plant","Assets/ThirdParty/VolumetricFog2/Demo/DemoAncientLands/Environment/Prefabs/Plant.prefab","4","0","0","0","0","0","3","0","0","0","0","2","0","0","0","Transform:4; GameObject:4; MeshRenderer:3; MeshFilter:3; LODGroup:1","Assets/ThirdParty/VolumetricFog2/Demo/DemoAncientLands/Environment/Models/Plant.fbx; Assets/ThirdParty/VolumetricFog2/Demo/DemoAncientLands/Environment/Materials/Plant2.mat; Assets/ThirdParty/VolumetricFog2/Demo/DemoAncientLands/Environment/Materials/Plant.mat","Scene atmosphere system; needs URP RendererFeature/Volume settings."
"Volumetric Fog & Mist 2","Demo / DemoAncientLands","Environment / Volumetric","Air/Dust/Fog; Volumetric System","","Rock","Assets/ThirdParty/VolumetricFog2/Demo/DemoAncientLands/Environment/Prefabs/Rock.prefab","5","0","0","0","0","0","4","0","0","0","0","1","0","0","0","Transform:5; GameObject:5; MeshFilter:4; MeshRenderer:4; LODGroup:1; MeshCollider:1","Assets/ThirdParty/VolumetricFog2/Demo/DemoAncientLands/Environment/Models/Rock.fbx; Assets/ThirdParty/VolumetricFog2/Demo/DemoAncientLands/Environment/Materials/Rock_1.mat","Scene atmosphere system; needs URP RendererFeature/Volume settings."
"Volumetric Fog & Mist 2","Demo / DemoAncientLands","Environment / Volumetric","Air/Dust/Fog; Volumetric System","","Rock2","Assets/ThirdParty/VolumetricFog2/Demo/DemoAncientLands/Environment/Prefabs/Rock2.prefab","4","0","0","0","0","0","3","0","0","0","0","1","0","0","0","Transform:4; GameObject:4; MeshFilter:3; MeshRenderer:3; LODGroup:1; MeshCollider:1","Assets/ThirdParty/VolumetricFog2/Demo/DemoAncientLands/Environment/Models/Rock2.fbx; Assets/ThirdParty/VolumetricFog2/Demo/DemoAncientLands/Environment/Materials/Rock_2.mat","Scene atmosphere system; needs URP RendererFeature/Volume settings."
"Volumetric Fog & Mist 2","Demo / DemoAncientLands","Environment / Volumetric","Air/Dust/Fog; Volumetric System","","Rock3","Assets/ThirdParty/VolumetricFog2/Demo/DemoAncientLands/Environment/Prefabs/Rock3.prefab","5","0","0","0","0","0","4","0","0","0","0","1","0","0","0","Transform:5; GameObject:5; MeshRenderer:4; MeshFilter:4; MeshCollider:1; LODGroup:1","Assets/ThirdParty/VolumetricFog2/Demo/DemoAncientLands/Environment/Models/Rock3.fbx; Assets/ThirdParty/VolumetricFog2/Demo/DemoAncientLands/Environment/Materials/Rock_3.mat","Scene atmosphere system; needs URP RendererFeature/Volume settings."
"Volumetric Fog & Mist 2","Demo / DemoAncientLands","Environment / Volumetric","Air/Dust/Fog; Volumetric System","","Rock4","Assets/ThirdParty/VolumetricFog2/Demo/DemoAncientLands/Environment/Prefabs/Rock4.prefab","5","0","0","0","0","0","4","0","0","0","0","1","0","0","0","Transform:5; GameObject:5; MeshRenderer:4; MeshFilter:4; MeshCollider:1; LODGroup:1","Assets/ThirdParty/VolumetricFog2/Demo/DemoAncientLands/Environment/Models/Rock4.fbx; Assets/ThirdParty/VolumetricFog2/Demo/DemoAncientLands/Environment/Materials/Rock_Big.mat","Scene atmosphere system; needs URP RendererFeature/Volume settings."
"Volumetric Fog & Mist 2","Runtime resources","Environment / Volumetric","Air/Dust/Fog; Volumetric System","","FogSubVolume","Assets/ThirdParty/VolumetricFog2/Resources/Prefabs/FogSubVolume.prefab","1","0","0","0","0","0","0","0","0","1","0","0","0","1","0","MonoBehaviour:1; Transform:1; GameObject:1","Assets/ThirdParty/VolumetricFog2/Scripts/VolumetricFogSubVolume.cs","Scene atmosphere system; needs URP RendererFeature/Volume settings."
"Volumetric Fog & Mist 2","Runtime resources","Environment / Volumetric","Air/Dust/Fog; Volumetric System","","FogVolume2D","Assets/ThirdParty/VolumetricFog2/Resources/Prefabs/FogVolume2D.prefab","1","0","0","0","0","0","1","0","0","1","0","0","0","1","0","MeshRenderer:1; MonoBehaviour:1; MeshFilter:1; GameObject:1; Transform:1","Assets/ThirdParty/VolumetricFog2/Scripts/VolumetricFog.cs","Scene atmosphere system; needs URP RendererFeature/Volume settings."
"Volumetric Lights","Demo / Temple","Environment / Volumetric","Volumetric System","","Alpha","Assets/ThirdParty/VolumetricLights/Demos/Temple/Prefabs/Alpha.prefab","1","0","0","0","0","0","1","0","0","0","0","1","0","0","0","MeshFilter:1; MeshRenderer:1; GameObject:1; Transform:1","Assets/ThirdParty/VolumetricLights/Demos/Temple/Models/Alpha.fbx; Assets/ThirdParty/VolumetricLights/Demos/Temple/Materials/Alpha.mat","Scene atmosphere system; needs URP RendererFeature/Volume settings."
"Volumetric Lights","Demo / Temple","Environment / Volumetric","Volumetric System","Ground/Area","Ground","Assets/ThirdParty/VolumetricLights/Demos/Temple/Prefabs/Ground.prefab","2","0","0","0","0","0","2","0","0","0","0","1","0","0","0","MeshRenderer:2; MeshCollider:2; MeshFilter:2; GameObject:2; Transform:2","Assets/ThirdParty/VolumetricLights/Demos/Temple/Models/Ground.fbx; Assets/ThirdParty/VolumetricLights/Demos/Temple/Materials/Ground.mat","Scene atmosphere system; needs URP RendererFeature/Volume settings."
"Volumetric Lights","Demo / Temple","Environment / Volumetric","Volumetric System","","Omega","Assets/ThirdParty/VolumetricLights/Demos/Temple/Prefabs/Omega.prefab","1","0","0","0","0","0","1","0","0","0","0","1","0","0","0","MeshFilter:1; MeshRenderer:1; GameObject:1; Transform:1","Assets/ThirdParty/VolumetricLights/Demos/Temple/Models/Omega.fbx; Assets/ThirdParty/VolumetricLights/Demos/Temple/Materials/Omega.mat","Scene atmosphere system; needs URP RendererFeature/Volume settings."
"Volumetric Lights","Demo / Temple","Environment / Volumetric","Volumetric System","","Parthenon_LowPoly","Assets/ThirdParty/VolumetricLights/Demos/Temple/Prefabs/Parthenon_LowPoly.prefab","320","0","0","0","0","0","317","0","0","0","14","11","0","0","3","Transform:320; GameObject:320; MeshRenderer:317; MeshFilter:317; MeshCollider:87; PrefabInstance:14","Assets/ThirdParty/VolumetricLights/Demos/Temple/Models/Parthenon_LowPoly.fbx; Assets/ThirdParty/VolumetricLights/Demos/Temple/Materials/Temple/Coloumn.mat; Assets/ThirdParty/VolumetricLights/Demos/Temple/Materials/Temple/Triglyph.mat; Assets/ThirdParty/VolumetricLights/Demos/Temple/Materials/Temple/ColoumnHead.mat; Assets/ThirdParty/VolumetricLights/Demos/Temple/Materials/Temple/MainRoof_Zooforos.mat; Assets/ThirdParty/VolumetricLights/Demos/Temple/Materials/Temple/Walls.mat; Assets/ThirdParty/VolumetricLights/Demos/Temple/Materials/Temple/Marble.mat; Assets/ThirdParty/VolumetricLights/Demos/Temple/Materials/Temple/Triglyph_Corner.mat; Assets/ThirdParty/VolumetricLights/Demos/Temple/Materials/Temple/InteriorColoumnBase.mat; Assets/ThirdParty/VolumetricLights/Demos/Temple/Materials/Temple/MainRoof_Aetoma.mat; Assets/ThirdParty/VolumetricLights/Demos/Temple/Materials/Temple/InteriorSupportWall.mat; Assets/ThirdParty/VolumetricLights/Demos/Temple/Materials/Temple/Base.mat","Scene atmosphere system; needs URP RendererFeature/Volume settings."
"Volumetric Lights","Demo / Temple","Environment / Volumetric","Volumetric System","","Torch","Assets/ThirdParty/VolumetricLights/Demos/Temple/Prefabs/Torch.prefab","6","2","2","0","0","0","3","1","0","1","0","2","0","1","0","Transform:6; GameObject:6; MeshRenderer:3; MeshFilter:3; ParticleSystem:2; ParticleSystemRenderer:2; Camera:1; Light:1; MonoBehaviour:1","Assets/ThirdParty/VolumetricLights/Demos/Temple/Models/Torch.fbx; Assets/ThirdParty/VolumetricLights/Demos/Temple/Materials/Metal.mat; Assets/ThirdParty/VolumetricLights/Scripts/VolumetricLight.cs; Assets/ThirdParty/VolumetricLights/Resources/Textures/NoiseTex3D1.asset; Assets/ThirdParty/VolumetricLights/Demos/Temple/Presets/TorchLightProfile.asset; Assets/ThirdParty/VolumetricLights/Demos/Temple/Materials/Fire.mat","Scene atmosphere system; needs URP RendererFeature/Volume settings."
"Volumetric Lights","Runtime resources","Environment / Volumetric","Air/Dust/Fog; Volumetric System","","DustParticles","Assets/ThirdParty/VolumetricLights/Resources/Prefabs/DustParticles.prefab","1","1","1","0","0","0","0","0","0","0","0","0","0","0","0","ParticleSystem:1; ParticleSystemRenderer:1; GameObject:1; Transform:1","","Scene atmosphere system; needs URP RendererFeature/Volume settings."
